frame_path,color_1_r,color_1_g,color_1_b,color_2_r,color_2_g,color_2_b,color_3_r,color_3_g,color_3_b,color_4_r,color_4_g,color_4_b,color_5_r,color_5_g,color_5_b,color_6_r,color_6_g,color_6_b,color_7_r,color_7_g,color_7_b,color_8_r,color_8_g,color_8_b,color_9_r,color_9_g,color_9_b,color_10_r,color_10_g,color_10_b
output_0000001.png,214,210,222,27,30,31,105,105,115,73,71,75,86,85,89,130,126,139,150,147,160,141,140,147,60,76,84
output_0000002.png,219,217,229,27,37,37,81,89,110,53,63,83,130,133,159,92,83,90,139,148,166,149,132,150,84,92,92
output_0000003.png,203,202,213,23,28,35,113,113,130,85,90,108,134,135,156,151,153,171,70,59,70,164,148,165,84,92,92
output_0000004.png,115,115,128,158,153,170,19,20,23,138,140,147,59,61,70,148,136,147,86,78,87,132,132,156,75,84,90
output_0000005.png,27,36,45,175,176,200,97,106,133,138,141,171,60,72,94,109,112,99,59,68,75,130,156,155,76,102,107
output_0000006.png,42,51,64,185,185,207,104,111,133,137,140,168,147,156,179,10,14,16,101,96,106,89,100,107,156,132,150
output_0000007.png,135,141,163,12,12,13,70,79,91,82,92,109,49,61,73,96,104,121,63,59,69,95,91,108,68,60,60
output_0000008.png,61,73,87,143,151,174,10,16,19,116,125,146,97,110,134,136,148,156,16,27,44,148,148,156,99,116,123
output_0000009.png,99,110,137,21,27,31,223,222,236,72,83,99,61,68,75,147,152,175,155,164,183,100,99,112,92,108,115
output_0000010.png,85,106,128,222,227,240,35,39,30,152,164,197,61,69,62,163,180,208,137,147,173,31,43,52,172,148,172
output_0000011.png,47,51,36,216,217,238,74,93,122,136,141,170,84,92,49,128,128,142,122,108,116,167,135,141,186,172,172
output_0000012.png,208,214,239,33,36,45,131,140,186,159,168,207,92,106,143,125,133,148,69,79,101,103,110,110,172,156,186
output_0000013.png,200,190,189,50,55,52,134,124,119,96,108,116,148,155,169,92,90,84,97,108,97,151,165,154,167,119,88
output_0000014.png,71,78,60,204,187,184,152,133,122,111,137,67,101,115,125,162,162,169,27,39,34,171,180,181,180,124,120
output_0000015.png,231,227,226,25,38,21,131,123,112,126,142,153,77,89,93,91,116,107,157,167,158,80,80,49,189,90,98
output_0000016.png,201,188,187,50,62,48,138,126,115,104,130,71,101,95,83,157,159,169,95,109,114,146,172,113,176,121,80
output_0000017.png,104,107,107,217,216,215,24,37,35,164,162,163,179,179,188,179,188,186,60,55,42,52,43,34,190,172,163
output_0000018.png,210,206,209,35,40,33,145,149,167,160,165,177,133,121,119,97,114,131,80,95,109,92,80,71,172,108,110
output_0000019.png,72,75,65,232,230,235,97,107,109,139,134,134,118,115,114,155,154,163,180,167,169,194,183,182,108,132,140
output_0000020.png,159,162,180,45,47,45,228,216,214,106,107,111,105,85,77,85,60,49,99,118,137,118,116,132,204,212,220
output_0000021.png,224,217,226,43,53,24,163,168,157,135,131,113,158,152,153,91,92,61,101,120,91,99,103,95,190,96,70
output_0000022.png,94,96,88,201,196,200,87,57,25,160,153,154,181,173,170,120,123,145,40,54,62,37,40,48,171,181,160
output_0000023.png,175,168,172,145,72,46,60,86,110,123,116,100,238,233,238,112,88,85,108,117,141,218,210,220,220,208,210
output_0000024.png,165,157,154,51,47,39,219,206,203,113,61,50,108,109,111,114,82,61,142,93,89,195,192,204,201,205,210
output_0000025.png,135,133,123,211,217,208,36,34,27,182,193,181,72,67,48,77,81,75,63,48,33,97,82,68,171,176,190
output_0000026.png,40,32,16,164,159,155,93,61,41,139,94,88,108,81,60,98,103,104,135,126,102,222,211,205,196,197,192
output_0000027.png,155,148,143,40,35,27,222,225,220,106,82,58,84,62,41,200,208,199,98,97,91,199,194,208,68,108,92
output_0000028.png,157,146,141,40,34,20,99,62,43,215,204,201,109,84,58,96,101,105,193,197,201,186,184,196,68,116,164
output_0000029.png,159,147,139,41,41,32,94,94,82,96,76,47,125,96,74,207,199,198,87,58,35,216,185,168,227,204,186
output_0000030.png,159,155,152,46,37,23,48,72,97,130,97,87,213,207,208,207,190,183,217,204,195,132,67,69,144,66,57
output_0000031.png,38,32,23,153,149,145,221,226,220,79,60,38,112,86,58,200,208,199,93,94,89,127,97,86,196,194,207
output_0000032.png,40,31,17,167,164,160,55,81,103,114,99,93,99,78,58,104,123,135,146,119,103,223,222,217,220,206,195
output_0000033.png,155,148,146,43,37,28,221,225,220,84,61,41,110,83,58,201,207,199,96,94,94,195,191,205,68,108,84
output_0000034.png,165,160,157,36,29,17,91,61,40,94,101,106,138,94,88,106,81,57,218,207,203,140,125,103,68,108,136
output_0000035.png,41,35,28,152,146,145,79,59,41,219,222,217,110,83,58,200,207,200,92,90,88,125,96,87,200,194,204
output_0000036.png,160,151,144,106,77,50,40,33,26,203,204,189,101,94,90,89,52,23,129,95,78,204,195,204,213,183,168
output_0000037.png,166,162,161,42,41,34,85,67,51,97,108,125,133,106,95,110,86,65,153,124,107,67,100,127,213,208,205
output_0000038.png,152,144,143,40,34,25,108,79,56,219,223,217,76,55,36,200,207,200,92,90,89,126,90,80,199,194,206
output_0000039.png,177,171,167,49,46,40,148,110,99,114,118,122,121,91,69,116,72,56,222,208,204,159,135,113,205,207,214
output_0000040.png,42,39,30,168,163,156,111,67,53,137,106,93,110,86,62,103,108,111,219,202,199,184,185,196,145,114,117
output_0000041.png,59,51,49,182,187,189,206,210,208,131,131,136,157,137,131,162,167,175,114,112,120,117,83,70,196,68,52
output_0000042.png,93,90,94,186,191,182,157,163,180,31,29,29,142,146,146,75,74,36,183,163,150,42,48,54,149,117,105
output_0000043.png,171,179,177,207,209,191,42,21,20,162,166,157,135,128,122,102,103,112,106,98,79,91,71,65,202,140,39
output_0000044.png,234,235,223,117,115,119,98,75,73,50,38,39,152,132,124,153,149,157,122,103,69,169,172,176,76,100,119
output_0000045.png,198,198,199,166,170,177,41,25,23,147,149,163,137,126,124,107,110,117,92,60,54,93,87,96,194,65,88
output_0000046.png,199,198,196,172,171,173,43,31,27,141,141,150,135,121,116,107,110,115,99,60,38,91,88,97,188,132,132
output_0000047.png,191,192,172,44,40,46,99,68,61,112,111,114,227,235,228,143,134,134,145,123,107,106,96,72,76,100,121
output_0000048.png,202,207,202,40,35,34,166,166,163,127,109,106,85,83,94,93,68,62,104,102,105,146,139,148,184,132,128
output_0000049.png,80,76,70,174,185,186,206,215,216,153,154,136,158,167,177,125,137,132,24,21,22,107,116,129,188,156,142
output_0000050.png,52,50,35,197,179,172,148,115,100,167,173,187,113,80,57,145,150,161,94,101,104,113,122,125,180,124,118
output_0000051.png,82,60,29,172,145,125,26,23,15,128,95,62,140,112,84,140,124,109,106,89,71,147,140,117,44,20,7
output_0000052.png,143,139,126,31,26,14,100,83,53,215,218,221,172,172,178,96,96,83,208,205,186,195,204,189,88,67,70
output_0000053.png,153,147,133,39,32,21,215,217,218,86,63,42,121,100,75,102,99,101,123,89,39,208,189,163,195,204,187
output_0000054.png,116,107,89,213,206,197,39,34,23,69,44,14,170,160,139,152,152,135,186,189,182,92,73,35,171,175,183
output_0000055.png,110,101,87,205,186,174,181,184,181,42,40,27,167,168,167,80,60,28,172,154,138,149,151,141,65,42,15
output_0000056.png,107,104,83,215,214,210,40,42,28,164,155,143,184,192,192,139,140,141,161,169,188,73,66,31,64,51,22
output_0000057.png,76,70,51,201,195,191,175,176,162,154,147,131,169,161,165,11,26,35,74,98,120,123,128,122,188,116,100
output_0000058.png,166,160,144,36,36,28,217,219,217,95,94,84,99,78,58,87,64,48,128,105,84,198,204,194,213,202,183
output_0000059.png,40,36,23,155,158,143,81,64,47,225,233,229,84,75,68,199,211,210,94,94,83,116,110,87,194,204,193
output_0000060.png,166,161,144,37,37,30,217,219,218,96,95,85,98,78,58,86,63,48,128,104,84,199,204,194,214,203,184
output_0000061.png,79,75,57,201,196,196,156,150,137,177,182,170,175,168,174,100,113,124,20,35,35,129,135,122,188,140,196
output_0000062.png,93,93,74,204,204,203,31,37,22,148,150,142,174,184,181,163,163,175,155,139,111,134,142,117,53,43,18
output_0000063.png,35,34,21,150,154,140,84,59,32,110,79,52,209,207,199,191,203,200,89,95,85,126,101,84,193,204,185
output_0000064.png,166,162,145,35,34,26,213,214,213,95,96,86,88,63,47,99,78,58,125,95,79,213,203,186,201,212,196
output_0000065.png,138,139,126,197,201,192,31,29,17,175,184,172,82,63,37,70,48,23,160,170,174,75,79,71,117,83,62
output_0000066.png,168,163,147,35,34,26,94,73,54,214,215,214,95,95,85,129,109,88,198,204,194,213,202,185,83,67,68
output_0000067.png,138,139,128,198,202,195,41,36,17,174,174,182,75,59,26,93,90,67,182,172,152,40,64,65,76,71,61
output_0000068.png,49,45,36,179,176,170,94,86,69,112,107,98,140,134,108,235,233,231,127,131,133,218,216,223,83,92,85
output_0000069.png,40,36,21,153,156,142,92,65,36,88,92,85,215,217,212,199,209,207,126,108,84,194,204,192,72,68,68
output_0000070.png,142,137,127,48,48,32,215,214,210,84,75,54,194,198,195,70,58,43,86,87,81,104,90,78,177,181,204
output_0000071.png,149,139,124,49,49,38,228,225,225,106,81,57,86,63,46,92,97,84,198,205,190,185,184,178,217,194,183
output_0000072.png,138,140,126,195,198,186,34,30,17,174,185,173,89,66,41,68,48,26,81,84,83,157,169,173,118,86,72
output_0000073.png,102,99,80,217,218,218,175,173,175,165,162,149,28,35,20,183,191,183,64,58,31,144,152,133,53,42,23
output_0000074.png,149,148,136,207,206,204,37,40,27,82,87,73,78,71,45,183,190,192,64,49,14,181,190,171,108,89,71
output_0000075.png,121,118,97,219,219,215,181,185,183,29,37,23,69,71,52,167,167,157,55,50,34,66,63,34,181,189,167
output_0000076.png,91,80,56,184,187,176,162,159,160,145,146,131,170,145,123,26,29,22,112,115,115,51,34,13,193,172,108
output_0000077.png,131,125,115,29,34,37,114,72,32,160,164,186,114,82,60,77,77,75,102,42,11,196,200,192,173,180,170
output_0000078.png,187,174,174,13,17,14,98,80,64,52,46,37,133,83,67,124,124,124,122,116,124,67,76,64,64,68,68
output_0000079.png,188,175,165,23,25,26,113,91,75,140,150,168,72,58,44,108,125,183,56,73,99,158,65,54,80,93,105
output_0000080.png,192,191,168,119,99,87,19,22,21,151,60,24,138,149,137,72,53,39,138,139,148,78,99,93,74,82,86
output_0000081.png,78,70,64,217,211,205,149,124,113,164,177,168,118,128,123,24,14,13,149,159,186,188,72,54,115,115,124
output_0000082.png,115,95,93,203,195,196,47,42,36,182,174,169,155,46,26,165,156,158,208,111,112,133,48,49,200,156,180
output_0000083.png,178,178,182,138,45,25,42,36,30,131,117,118,142,160,136,78,51,40,94,111,82,199,117,123,68,92,156
output_0000084.png,173,180,198,48,34,26,152,155,180,222,221,227,151,121,116,120,128,142,118,87,75,102,97,109,204,148,132
output_0000085.png,174,145,127,194,190,186,24,27,31,115,82,58,132,127,126,146,148,147,36,56,79,82,92,95,140,148,180
output_0000086.png,163,165,162,191,193,183,45,37,24,145,143,146,135,113,97,110,105,97,102,72,40,96,88,88,180,124,92
output_0000087.png,214,185,184,28,32,36,136,106,94,157,163,189,134,140,167,82,66,58,68,81,108,94,105,122,190,76,64
output_0000088.png,47,48,40,94,89,87,229,226,231,135,129,133,165,156,159,137,124,99,180,176,186,191,178,154,68,148,140
output_0000089.png,185,199,229,45,91,135,139,161,205,113,117,135,30,41,50,168,143,128,14,52,84,4,35,68,89,132,179
output_0000090.png,216,213,219,49,43,37,160,176,212,130,129,139,136,141,163,108,116,131,83,91,110,98,78,62,185,100,98
output_0000091.png,177,149,139,46,39,32,200,182,178,140,109,100,102,75,59,87,98,122,115,100,84,124,140,164,154,148,154
output_0000092.png,88,93,86,186,156,147,142,124,123,19,18,19,161,163,170,68,54,29,123,132,132,163,164,156,33,44,50
output_0000093.png,43,39,29,106,75,48,229,217,223,135,150,158,141,112,98,202,149,160,170,183,194,83,108,117,180,165,162
output_0000094.png,44,42,36,228,226,231,82,98,119,143,174,165,106,119,144,133,121,120,100,79,63,133,142,166,172,116,108
output_0000095.png,41,41,30,202,181,174,100,112,131,136,133,140,151,158,175,97,78,63,151,164,164,175,112,71,105,108,95
output_0000096.png,235,232,233,46,44,33,147,193,165,82,99,118,102,83,66,106,120,135,127,136,159,137,121,113,180,156,156
output_0000097.png,45,46,39,194,192,199,115,126,131,174,151,145,154,156,157,124,102,81,73,83,90,96,109,104,92,124,180
output_0000098.png,205,203,204,47,49,44,135,131,130,161,165,172,83,97,116,112,118,126,143,149,168,98,85,74,181,67,50
output_0000099.png,105,110,106,189,155,153,19,22,22,156,142,139,71,68,36,139,150,146,62,38,21,167,180,171,165,165,183
output_0000100.png,89,74,62,44,42,38,234,216,221,131,141,143,110,102,94,172,182,185,166,144,148,68,92,114,172,156,148
output_0000101.png,76,79,65,184,149,138,141,120,111,10,13,14,107,119,126,160,156,155,104,118,97,52,21,8,136,146,165
output_0000102.png,145,142,133,18,22,23,208,200,195,185,190,188,175,175,185,88,77,43,61,50,47,77,88,97,95,90,78
output_0000103.png,131,128,118,219,221,220,15,19,17,171,175,184,180,192,197,87,71,33,91,79,63,58,48,33,70,68,62
output_0000104.png,96,104,100,194,207,211,44,39,28,135,152,156,36,57,65,193,172,145,147,138,123,60,51,44,164,180,171
output_0000105.png,45,47,43,217,218,207,143,143,135,116,123,117,167,175,172,100,95,82,149,158,167,101,105,109,188,116,108
output_0000106.png,56,52,41,215,216,211,172,179,174,149,146,135,124,131,120,112,107,92,153,161,164,94,108,115,188,132,122
output_0000107.png,124,128,130,221,224,216,23,24,18,179,188,201,87,80,56,194,205,202,180,179,166,70,56,34,60,92,124
output_0000108.png,208,207,204,23,30,28,117,111,99,141,154,162,83,72,61,99,100,89,76,87,97,156,156,138,164,116,100
output_0000109.png,213,216,207,43,45,42,142,144,140,159,172,188,115,126,132,115,117,113,81,90,95,166,173,162,106,102,99
output_0000110.png,203,190,179,37,38,32,140,124,109,134,143,178,86,94,107,161,165,157,92,79,64,103,110,114,172,92,100
output_0000111.png,191,186,178,23,29,26,126,116,104,153,161,162,81,66,52,138,144,150,96,101,88,72,86,98,164,108,108
output_0000112.png,199,185,174,40,41,34,133,119,106,92,79,58,78,89,107,154,158,158,104,109,110,138,141,158,164,89,98
output_0000113.png,195,189,181,22,30,27,127,116,102,152,160,165,83,70,55,96,101,89,138,144,151,69,85,98,165,116,107
output_0000114.png,98,93,87,199,189,180,21,25,15,161,145,134,179,181,177,89,59,28,126,134,146,58,40,14,158,163,181
output_0000115.png,213,196,183,48,43,29,165,168,168,145,128,115,115,117,114,152,154,157,100,98,94,106,79,49,180,124,102
output_0000116.png,79,80,75,201,209,214,141,137,130,158,171,182,117,125,129,33,41,37,44,38,27,122,124,114,162,172,163
output_0000117.png,45,41,31,190,146,132,140,112,104,114,109,110,98,76,61,157,151,156,103,98,101,81,78,71,164,164,162
output_0000118.png,216,223,221,94,89,77,144,157,158,168,181,178,41,36,22,189,175,159,150,132,111,127,132,123,140,159,188
output_0000119.png,45,44,34,186,163,150,135,107,96,111,111,111,98,82,62,176,68,57,99,97,103,161,154,157,162,165,152
output_0000120.png,218,224,223,74,73,65,142,141,135,164,176,181,119,127,126,109,114,117,16,19,16,149,161,176,37,26,22
output_0000121.png,189,156,148,28,32,27,127,105,85,86,69,50,95,103,111,77,86,96,155,156,156,154,147,156,166,84,77
output_0000122.png,133,132,124,203,192,184,23,24,14,66,45,23,93,67,41,177,181,176,167,171,173,113,82,63,79,84,75
output_0000123.png,184,149,134,16,25,25,94,62,35,70,89,111,107,123,156,50,64,70,124,140,168,141,64,25,67,84,84
output_0000124.png,163,155,136,99,92,71,123,116,95,107,102,84,188,180,164,140,132,108,188,176,155,140,123,107,116,100,84
output_0000125.png,189,156,142,74,65,51,145,117,100,74,95,134,11,12,9,109,118,143,88,109,164,160,168,166,175,100,80
output_0000126.png,138,138,131,204,198,193,31,27,17,71,47,25,95,68,41,175,179,180,114,86,69,180,188,184,79,83,73
output_0000127.png,50,45,33,191,158,147,144,118,103,73,92,124,108,120,156,101,78,56,172,108,114,114,118,119,160,169,167
output_0000128.png,47,36,25,185,182,175,132,122,112,102,103,104,133,137,156,152,160,154,75,82,100,92,80,66,164,116,108
output_0000129.png,66,87,98,147,160,169,226,229,240,209,223,231,194,209,221,190,202,210,176,197,207,100,106,116,104,116,116
output_0000130.png,44,43,38,145,140,142,219,216,227,115,125,120,163,161,176,167,173,184,103,88,80,93,102,118,180,132,132
output_0000131.png,131,121,121,27,27,21,208,201,198,172,171,180,177,180,181,74,59,46,78,73,69,60,43,34,100,74,64
output_0000132.png,146,137,136,40,41,34,187,172,172,118,120,121,103,104,113,106,90,76,161,173,152,160,156,173,74,86,90
output_0000133.png,129,126,126,21,26,20,215,208,191,74,76,77,63,50,37,74,62,49,100,81,74,176,182,156,178,171,180
output_0000134.png,241,237,239,41,42,40,145,125,124,106,97,93,117,120,122,167,166,176,95,104,117,159,154,166,180,140,140
output_0000135.png,101,91,90,177,175,182,193,188,192,17,26,23,172,172,171,160,141,141,59,51,41,188,152,140,56,44,52
output_0000136.png,205,218,220,33,51,47,79,72,56,95,124,125,95,97,81,139,165,167,134,129,121,143,153,142,60,124,116
output_0000137.png,180,182,173,111,112,106,17,29,24,144,158,155,81,103,106,60,75,69,73,89,95,131,146,156,156,108,85
output_0000138.png,204,210,206,32,41,35,120,118,108,146,170,172,129,153,160,91,116,120,85,74,57,76,96,101,167,97,86
output_0000139.png,191,177,166,20,29,24,111,121,118,72,85,80,84,98,101,109,88,71,71,61,46,145,154,156,148,164,159
output_0000140.png,216,220,220,32,43,37,130,151,158,152,174,177,124,128,121,90,119,122,85,74,58,62,94,103,177,104,97
output_0000141.png,29,37,32,200,185,169,127,129,124,104,118,118,91,90,82,95,107,108,71,89,89,154,165,159,153,153,166
output_0000142.png,217,222,223,138,162,166,28,40,35,123,130,126,83,114,120,79,72,58,150,156,140,88,102,87,174,124,104
output_0000143.png,180,162,148,13,19,15,91,103,97,86,74,58,50,69,61,126,149,143,117,137,140,63,82,84,141,84,68
output_0000144.png,204,209,206,31,42,38,148,173,171,125,124,113,120,151,158,89,123,129,86,72,57,66,95,104,172,108,84
output_0000145.png,201,202,197,37,40,33,124,120,109,149,171,174,92,119,123,128,150,159,86,72,54,72,96,101,164,92,80
output_0000146.png,188,187,177,22,29,23,123,121,111,81,81,71,95,109,107,87,98,101,155,164,155,143,151,158,164,92,68
output_0000147.png,209,214,213,27,37,32,118,122,115,141,164,163,83,110,111,78,68,53,125,147,156,59,88,94,170,97,89
output_0000148.png,26,36,28,186,171,161,111,124,119,73,88,83,112,91,73,82,101,102,77,66,50,137,143,159,146,164,153
output_0000149.png,208,214,212,27,36,29,141,164,162,116,116,105,123,146,148,84,112,110,78,68,50,59,89,94,168,96,84
output_0000150.png,217,214,204,61,63,47,77,85,74,107,111,97,127,133,126,96,89,78,152,144,134,165,161,143,195,153,40
output_0000151.png,89,80,75,202,188,181,12,19,21,142,123,117,114,119,126,87,100,121,45,31,19,142,140,167,147,168,164
output_0000152.png,27,27,20,187,169,157,132,113,100,142,139,144,160,158,155,87,71,56,103,102,98,83,85,91,176,63,33
output_0000153.png,88,80,75,140,120,111,206,185,174,17,27,29,101,111,130,51,40,23,118,116,108,167,164,151,165,164,174
output_0000154.png,115,97,72,29,29,32,220,211,212,163,163,176,154,146,143,184,181,175,67,39,12,162,135,109,147,140,121
output_0000155.png,173,160,143,28,30,28,77,59,48,90,86,81,124,104,92,109,82,55,224,213,209,223,193,175,59,84,103
output_0000156.png,92,84,81,207,193,185,143,125,120,14,26,33,84,100,129,118,126,138,131,131,177,49,30,19,150,177,174
output_0000157.png,100,88,80,10,16,16,208,181,167,60,45,35,159,128,117,48,35,30,172,164,151,169,154,157,140,132,127
output_0000158.png,29,30,28,167,155,139,76,55,43,90,85,79,89,72,55,123,97,83,223,196,177,211,204,174,235,216,202
output_0000159.png,97,84,74,208,181,165,11,15,13,148,111,99,46,35,30,160,138,131,172,164,152,132,124,116,172,156,164
output_0000160.png,80,74,68,202,185,175,134,116,105,16,23,21,95,105,122,38,26,14,120,127,168,110,129,124,156,175,166
output_0000161.png,97,85,75,9,9,7,210,184,162,48,35,27,153,123,110,59,44,27,172,164,144,172,156,148,132,124,106
output_0000162.png,29,29,26,170,158,142,78,59,47,91,86,79,124,104,93,105,80,56,223,194,177,237,219,207,234,213,193
output_0000163.png,94,83,73,12,14,11,200,180,162,150,127,114,47,35,28,59,44,28,162,152,148,131,124,112,164,164,148
output_0000164.png,203,184,163,149,137,124,20,21,18,183,182,168,61,46,35,74,69,63,80,62,42,96,77,64,164,169,180
output_0000165.png,28,27,21,186,161,151,119,106,95,91,79,62,63,78,101,142,154,149,99,100,91,134,139,140,157,84,59
output_0000166.png,37,36,32,197,183,169,130,116,101,96,88,76,100,113,121,138,154,156,103,99,102,147,166,153,164,100,92
output_0000167.png,203,188,176,46,46,39,146,129,116,99,86,73,114,109,96,172,140,124,161,156,156,111,99,100,162,164,156
output_0000168.png,84,78,67,194,177,168,145,130,115,6,6,5,121,119,110,160,163,166,39,25,14,162,166,152,82,101,127
output_0000169.png,45,44,40,212,204,191,156,141,129,178,172,160,117,100,86,122,113,109,126,126,121,188,156,137,166,162,164
output_0000170.png,216,209,203,43,46,43,135,124,123,156,166,168,91,87,83,144,154,165,97,104,110,185,84,93,99,118,121
output_0000171.png,47,54,51,201,184,177,140,118,112,100,89,80,158,166,164,97,122,126,133,149,167,182,74,82,78,105,121
output_0000172.png,67,70,74,212,210,198,152,150,144,171,187,177,125,140,142,114,106,108,115,121,134,163,169,181,190,116,132
output_0000173.png,86,76,71,221,218,203,163,197,141,155,135,119,24,34,38,121,136,116,118,114,125,158,163,172,188,132,132
output_0000174.png,22,24,20,217,218,207,82,66,54,146,116,103,120,90,68,102,104,99,146,158,154,164,142,127,60,92,84
output_0000175.png,206,193,183,58,66,67,140,127,124,101,90,93,110,129,133,103,113,124,158,176,179,160,159,173,184,80,56
output_0000176.png,203,205,193,36,36,30,100,76,54,127,97,82,98,87,80,78,56,45,152,121,99,131,145,141,169,140,126
output_0000177.png,160,197,107,207,219,170,37,42,43,145,125,106,97,79,74,108,132,91,158,159,159,102,97,101,188,132,92
output_0000178.png,33,31,23,205,208,196,96,74,55,78,56,42,98,89,82,127,97,83,151,120,101,131,144,141,169,140,127
output_0000179.png,200,182,174,6,6,4,98,79,66,55,47,27,131,124,117,131,115,116,142,82,79,67,68,55,67,60,60
output_0000180.png,206,193,182,57,66,68,140,124,123,101,92,95,111,128,132,105,113,125,159,160,173,158,175,179,186,88,81
output_0000181.png,151,134,124,20,27,22,225,221,208,83,73,56,90,89,81,201,197,183,71,59,47,59,84,82,193,187,188
output_0000182.png,67,80,72,212,208,194,167,162,152,181,188,182,124,123,114,136,142,131,130,130,133,185,188,171,200,95,92
output_0000183.png,74,88,73,207,211,197,14,17,15,145,143,133,117,127,129,161,171,172,163,180,170,118,140,108,172,124,101
output_0000184.png,194,180,148,32,41,34,81,70,57,97,99,89,141,129,107,135,110,90,236,237,220,100,86,58,57,92,92
output_0000185.png,164,151,128,28,32,30,234,236,221,88,63,41,218,202,167,106,80,53,90,93,96,203,204,173,68,92,104
output_0000186.png,195,178,156,48,61,45,130,125,114,113,95,78,12,15,11,144,153,156,80,91,105,147,164,159,159,79,72
output_0000187.png,172,151,127,43,46,36,99,97,90,95,82,56,228,217,176,82,64,45,233,228,205,221,199,163,68,132,105
output_0000188.png,95,98,75,220,214,191,27,48,31,182,183,160,161,158,143,160,144,113,53,43,29,161,165,175,204,140,140
output_0000189.png,212,190,162,50,68,43,139,124,86,99,104,66,109,127,74,8,22,13,98,107,116,162,157,148,164,172,117
output_0000190.png,191,172,149,31,48,38,136,120,98,83,89,69,95,110,78,77,87,106,145,145,160,154,164,121,189,92,84
output_0000191.png,63,77,54,198,170,143,127,129,92,129,103,82,13,21,21,17,39,34,85,97,115,153,151,158,156,172,156
output_0000192.png,198,180,154,46,61,49,134,121,95,11,16,12,97,117,77,143,142,163,87,95,115,156,164,127,172,82,56
output_0000193.png,203,178,147,65,79,50,134,113,84,14,44,19,8,17,9,106,125,76,105,104,92,156,164,108,156,156,140
output_0000194.png,46,60,45,177,181,151,102,121,81,88,96,70,15,16,15,118,96,74,136,143,164,75,89,111,148,164,135
output_0000195.png,65,78,49,203,177,147,134,112,84,11,35,15,101,119,70,106,105,92,155,148,132,156,156,126,164,82,82
output_0000196.png,51,63,47,187,176,149,119,124,82,95,122,64,141,167,119,13,17,12,70,85,108,136,144,163,188,76,53
output_0000197.png,187,173,145,38,59,43,129,129,114,130,166,172,113,97,71,120,151,161,9,14,10,74,102,109,160,72,16
output_0000198.png,39,67,46,191,153,125,111,122,83,7,16,13,117,94,64,81,99,64,69,88,107,140,144,156,148,164,132
output_0000199.png,200,169,143,36,64,41,109,97,63,20,17,7,83,100,59,151,75,61,134,140,108,140,128,124,81,86,76
output_0000200.png,200,174,146,32,51,32,129,98,69,75,75,46,161,82,71,142,144,132,148,156,135,87,100,71,85,90,84
output_0000201.png,199,168,144,75,88,66,19,22,18,142,118,92,100,111,122,27,45,53,161,160,165,116,140,76,164,180,160
output_0000202.png,203,172,146,35,65,40,106,97,63,24,21,8,149,75,68,134,148,119,79,90,76,82,108,71,140,124,124
output_0000203.png,56,70,49,207,199,175,162,149,122,122,136,92,115,111,80,176,183,158,115,119,109,175,170,164,188,124,100
output_0000204.png,201,175,147,44,52,41,140,120,99,143,166,170,128,150,161,94,82,58,98,121,125,86,102,109,197,73,50
output_0000205.png,201,173,139,42,48,38,138,115,91,144,169,175,94,86,60,125,149,161,102,119,98,92,100,104,174,84,9
output_0000206.png,196,176,154,49,58,42,143,124,100,137,153,160,101,86,59,158,175,168,90,104,112,108,131,128,180,92,100
output_0000207.png,184,162,134,39,63,45,124,95,69,139,123,101,9,11,7,81,95,100,156,84,60,148,164,148,148,148,164
output_0000208.png,44,55,49,201,173,148,142,123,96,110,128,89,99,104,81,89,103,125,163,173,164,134,138,183,172,84,80
output_0000209.png,182,159,129,42,62,44,121,93,67,138,122,98,9,12,8,72,91,107,156,84,60,116,132,148,148,164,148
output_0000210.png,86,95,67,211,205,184,161,148,122,15,28,20,29,50,36,176,182,159,125,133,118,174,170,164,188,116,93
output_0000211.png,189,157,144,13,20,24,95,101,118,118,82,45,84,54,29,238,215,198,143,92,82,209,195,204,60,100,140
output_0000212.png,219,178,150,29,34,38,153,120,101,114,121,111,100,74,56,156,147,167,174,167,170,88,91,108,189,83,93
output_0000213.png,165,126,97,37,36,33,251,245,195,220,169,115,93,81,70,244,207,141,81,58,43,117,90,26,67,108,138
output_0000214.png,81,71,67,202,155,120,148,114,96,19,22,28,108,105,114,48,27,33,122,124,127,148,143,157,164,196,76
output_0000215.png,78,61,46,224,220,210,91,97,93,133,120,107,145,142,138,175,168,157,154,158,153,113,91,84,172,110,76
output_0000216.png,204,192,170,43,39,37,148,127,109,166,169,151,115,115,102,102,84,70,184,57,49,99,97,101,147,151,158
output_0000217.png,218,213,196,62,50,41,152,106,80,198,118,81,115,123,118,160,156,157,118,64,33,94,101,106,241,182,84
output_0000218.png,205,193,170,43,40,38,149,128,109,166,168,149,115,115,103,101,86,72,184,53,47,100,99,100,144,149,156
output_0000219.png,78,83,80,141,134,128,193,166,143,14,11,10,113,125,123,44,31,22,148,172,170,109,115,124,156,164,172
output_0000220.png,161,154,147,42,42,33,234,221,205,99,84,57,86,92,90,86,62,41,65,92,85,204,204,186,204,196,196
output_0000221.png,71,78,75,206,178,155,129,128,121,21,18,15,147,164,161,62,44,24,106,126,123,148,156,164,104,116,124
output_0000222.png,58,58,47,221,218,211,115,87,66,134,115,94,132,127,120,170,147,129,189,167,143,173,171,162,92,116,108
output_0000223.png,81,83,77,192,184,167,145,135,121,18,12,12,171,177,167,120,137,136,113,122,124,40,32,27,157,156,175
output_0000224.png,220,215,206,38,34,27,143,119,105,170,158,144,103,100,90,92,83,70,97,91,92,158,147,148,180,100,92
output_0000225.png,198,201,186,49,50,44,164,172,163,138,137,124,105,118,112,99,82,68,148,155,156,88,99,100,180,116,96
output_0000226.png,225,218,211,60,54,47,157,127,114,118,93,81,183,174,164,128,118,109,181,162,157,122,107,108,196,124,101
output_0000227.png,201,204,189,49,42,34,155,165,153,133,119,103,101,111,104,92,69,56,136,148,148,89,91,92,172,116,90
output_0000228.png,207,199,187,36,47,40,122,105,94,68,92,106,140,162,162,86,111,126,63,85,88,119,140,159,156,92,76
output_0000229.png,223,197,178,51,44,35,145,110,95,169,163,152,98,77,64,111,111,107,100,98,93,180,116,98,162,148,148
output_0000230.png,233,223,206,47,41,38,172,171,165,126,133,129,161,99,76,145,151,158,121,60,34,95,97,112,201,98,80
output_0000231.png,217,208,189,40,38,36,172,172,159,149,121,107,115,115,106,104,78,64,101,98,100,155,154,157,193,88,84
output_0000232.png,200,192,197,38,44,37,130,111,88,141,149,165,154,165,183,83,78,66,80,92,105,95,111,125,166,89,61
output_0000233.png,123,83,71,227,220,213,150,110,105,181,138,126,118,104,103,198,159,150,216,179,162,166,155,153,196,124,92
output_0000234.png,150,166,179,27,31,31,88,66,54,122,94,76,123,112,107,209,173,156,96,120,135,192,213,221,60,100,106
output_0000235.png,161,123,102,91,53,26,133,96,75,145,107,92,148,116,94,114,84,65,106,74,65,57,29,13,68,28,4
output_0000236.png,179,182,192,28,30,25,107,94,85,136,150,167,121,135,153,65,61,53,77,95,107,66,81,95,152,73,61
output_0000237.png,202,190,183,24,36,33,97,108,114,112,79,63,62,85,97,53,71,75,116,136,152,152,84,66,129,156,169
output_0000238.png,180,180,187,28,29,24,109,96,86,135,152,166,120,135,154,64,74,89,78,96,107,66,59,50,152,82,48
output_0000239.png,209,200,191,26,39,36,114,106,103,112,81,64,62,84,97,118,140,152,152,93,74,57,76,81,136,158,164
output_0000240.png,33,37,37,166,180,193,100,71,56,144,105,81,99,111,118,171,140,120,218,174,144,107,133,148,68,108,111
output_0000241.png,211,200,190,28,41,39,111,107,106,112,80,63,60,78,85,151,92,72,70,89,101,123,139,151,136,156,164
output_0000242.png,228,207,185,173,125,99,148,98,64,185,145,127,202,168,151,197,159,137,155,106,85,148,116,98,180,159,148
output_0000243.png,182,184,189,26,27,20,134,152,164,110,95,83,114,132,147,63,75,87,77,98,106,65,59,48,158,82,71
output_0000244.png,202,190,181,26,39,37,119,87,71,67,60,50,74,94,94,152,84,74,139,148,152,66,84,92,137,139,148
output_0000245.png,175,178,188,30,32,27,109,95,84,133,151,165,117,134,153,65,61,54,76,98,111,66,80,94,152,79,54
output_0000246.png,201,188,179,26,38,36,114,80,62,52,72,73,125,105,95,153,85,77,71,90,92,138,141,149,140,156,156
output_0000247.png,98,99,97,203,190,177,24,31,31,157,141,131,132,141,139,67,54,43,54,43,39,169,170,172,171,180,169
output_0000248.png,80,85,82,190,191,178,147,149,138,167,187,173,12,15,15,114,137,130,168,170,172,106,122,125,41,35,33
output_0000249.png,56,59,62,230,234,224,150,141,136,170,181,168,124,130,129,117,101,98,121,115,124,164,162,173,190,116,114
output_0000250.png,97,98,95,202,190,178,21,27,27,157,143,132,47,42,40,65,54,43,131,141,140,137,161,189,168,180,178
output_0000251.png,220,223,218,69,77,85,177,187,178,131,138,138,161,151,145,121,115,117,176,171,180,128,124,140,196,124,124
output_0000252.png,84,84,82,195,181,167,143,126,116,13,15,14,118,126,126,39,33,29,160,161,165,103,113,124,164,172,167
output_0000253.png,97,96,93,206,205,192,170,186,179,32,39,40,159,150,140,134,146,142,79,62,42,54,43,41,169,171,180
output_0000254.png,181,163,149,25,21,24,111,101,95,69,59,57,79,87,89,138,149,142,121,125,162,68,75,92,150,73,57
output_0000255.png,158,154,134,44,32,22,105,86,45,57,81,43,105,91,77,200,202,199,210,215,198,204,199,182,116,60,36
output_0000256.png,83,87,88,203,198,187,147,138,132,14,18,19,171,180,177,122,133,134,115,123,132,37,35,38,169,171,181
output_0000257.png,211,219,210,35,40,40,109,103,101,174,184,182,157,163,159,159,138,136,79,53,42,70,43,39,198,176,168
output_0000258.png,46,49,48,197,181,165,136,123,113,100,95,90,114,124,125,100,111,125,82,93,95,162,174,171,161,163,172
output_0000259.png,40,47,47,112,109,107,222,228,220,193,208,202,81,63,59,90,78,66,152,163,158,175,162,157,179,187,188
output_0000260.png,182,144,122,30,37,39,115,100,87,75,74,70,81,89,94,90,100,101,57,70,71,140,140,140,140,148,139
output_0000261.png,37,45,45,219,225,218,110,105,103,184,203,196,77,56,51,143,154,150,169,155,151,86,71,59,173,180,188
output_0000262.png,179,141,121,31,37,39,114,93,78,87,95,96,74,71,69,57,69,71,76,83,92,132,140,133,134,132,132
output_0000263.png,120,118,116,227,233,229,44,51,51,194,213,207,85,70,67,92,85,75,177,162,158,178,187,188,68,108,108
output_0000264.png,178,141,119,30,37,38,115,95,79,75,72,68,87,95,95,57,69,70,137,140,132,76,83,92,137,131,132
output_0000265.png,118,115,114,45,53,53,216,226,215,178,200,183,158,164,162,81,57,49,190,164,156,85,60,60,179,188,196
output_0000266.png,27,33,35,184,150,134,114,96,85,75,72,70,84,95,96,57,70,70,75,83,92,124,132,125,120,124,132
output_0000267.png,41,47,47,225,232,223,114,110,108,192,211,204,80,62,58,88,78,66,150,162,156,177,159,153,179,187,188
output_0000268.png,61,60,57,199,179,165,127,112,105,103,104,110,12,10,9,154,153,157,107,116,117,29,19,15,156,164,156
output_0000269.png,40,45,45,113,109,107,225,231,224,191,210,203,79,57,52,150,163,158,177,159,153,87,71,59,178,187,188
output_0000270.png,52,53,51,203,182,167,133,113,105,100,83,73,107,106,110,115,116,117,80,84,83,163,164,158,156,153,158
output_0000271.png,75,72,72,198,175,161,138,113,103,12,14,16,112,120,125,96,105,116,160,167,173,146,151,159,40,27,24
output_0000272.png,119,117,116,223,230,221,46,54,54,192,212,204,84,71,67,86,85,74,179,159,153,177,187,188,68,108,109
output_0000273.png,142,161,165,73,69,56,111,118,107,190,195,177,177,204,197,55,84,98,95,121,134,166,192,204,84,83,84
output_0000274.png,215,224,217,44,49,49,83,79,77,100,95,89,102,113,112,149,131,128,155,170,164,151,157,146,68,108,112
output_0000275.png,34,37,38,202,181,163,138,127,120,107,114,119,96,85,80,93,98,110,163,164,164,156,154,165,172,100,100
output_0000276.png,115,123,126,41,47,44,219,215,220,175,171,174,119,76,59,77,57,39,192,192,204,152,164,169,195,204,207
output_0000277.png,46,52,51,208,213,222,131,136,143,160,173,182,153,159,175,88,98,102,99,111,127,106,124,134,172,108,116
output_0000278.png,35,42,39,184,171,176,108,95,92,77,88,91,123,122,131,78,96,116,54,71,82,118,133,161,148,164,171
output_0000279.png,188,169,167,26,30,27,102,75,60,114,107,112,118,128,161,72,53,41,69,70,66,70,83,104,139,157,161
output_0000280.png,43,50,48,196,191,200,126,118,125,94,87,86,146,148,170,97,105,119,104,118,130,69,86,92,155,164,179
output_0000281.png,203,202,195,27,35,43,133,123,109,159,162,157,27,73,132,67,109,171,85,74,58,99,100,90,193,96,86
output_0000282.png,76,85,89,212,199,188,135,104,84,31,24,10,96,113,133,79,57,27,152,158,178,163,172,190,116,132,147
output_0000283.png,207,208,202,52,47,42,136,124,112,25,77,141,63,114,182,159,169,166,30,59,103,106,109,102,184,94,88
output_0000284.png,182,167,144,39,48,44,146,127,96,128,142,177,157,169,198,92,78,58,90,122,129,70,93,117,178,63,53
output_0000285.png,80,89,94,211,199,188,43,35,16,98,116,140,141,110,91,158,162,181,164,172,185,17,35,44,32,48,55
output_0000286.png,76,75,70,210,212,217,144,144,143,169,173,175,120,126,125,21,22,18,161,163,173,112,115,124,180,148,131
output_0000287.png,46,50,48,206,195,188,124,116,107,94,84,72,135,145,172,88,99,117,104,118,133,142,174,186,70,86,88
output_0000288.png,31,80,146,160,181,238,106,141,204,124,156,225,9,43,82,137,172,234,72,118,192,95,121,186,4,35,103
output_0000289.png,95,108,114,56,43,27,213,198,201,35,57,69,149,158,207,153,118,99,100,118,167,59,52,60,162,172,176
output_0000290.png,197,179,166,38,81,135,25,30,28,85,124,191,97,73,54,24,58,95,135,164,221,130,110,93,150,82,73
output_0000291.png,95,108,114,214,198,201,26,24,17,84,63,38,36,58,68,150,160,207,153,117,98,172,188,228,156,160,170
output_0000292.png,124,134,143,213,217,231,51,44,34,83,89,83,174,182,207,83,96,102,51,69,69,179,196,208,59,59,68
output_0000293.png,99,112,121,214,197,199,58,46,29,37,60,78,155,164,210,152,116,96,115,129,175,52,51,60,168,180,188
output_0000294.png,198,179,165,41,82,134,23,30,29,87,125,191,98,74,53,25,59,94,136,165,220,132,110,90,152,76,73
output_0000295.png,160,167,185,52,54,49,93,80,70,99,107,109,231,221,208,108,123,132,203,212,219,78,76,92,117,116,134
output_0000296.png,197,178,164,22,33,38,81,120,186,38,78,127,100,74,52,107,112,120,136,165,221,59,79,89,153,76,65
output_0000297.png,159,166,184,50,52,47,98,104,106,98,76,59,235,225,214,76,76,84,108,123,132,204,212,219,116,116,132
output_0000298.png,95,108,114,57,44,27,212,197,199,146,157,205,35,57,68,153,117,97,102,119,169,163,172,179,59,52,63
output_0000299.png,39,52,45,189,165,165,113,89,66,125,129,159,79,62,45,59,79,104,12,16,7,88,101,121,139,148,175
output_0000300.png,95,108,115,213,199,202,27,24,17,85,63,37,145,155,205,36,58,68,154,117,98,171,188,224,154,161,167
output_0000301.png,198,179,165,22,34,39,81,120,186,37,77,127,99,74,53,110,111,118,136,165,220,56,78,91,155,74,65
output_0000302.png,179,184,202,69,64,59,106,111,116,131,134,137,82,88,92,234,223,212,124,137,148,92,84,92,165,130,81
output_0000303.png,97,109,116,208,195,203,26,26,20,81,61,36,151,160,207,35,57,70,153,119,102,171,188,214,154,161,163
output_0000304.png,197,179,164,31,32,28,76,116,180,38,75,121,113,81,58,134,114,104,77,70,59,140,166,222,162,75,71
output_0000305.png,90,103,107,59,44,24,210,193,195,31,53,69,146,154,200,153,115,98,108,123,167,170,180,219,61,43,53
output_0000306.png,187,168,158,28,24,16,72,111,168,34,71,111,106,74,47,112,105,104,138,156,188,70,62,48,153,72,53
output_0000307.png,156,163,181,51,52,47,102,76,58,94,100,102,190,195,220,107,118,124,227,215,203,76,76,84,195,204,218
output_0000308.png,32,45,50,194,184,184,135,114,92,161,166,179,105,122,127,89,67,43,139,146,174,73,93,120,181,77,84
output_0000309.png,39,48,47,194,181,161,133,119,99,93,82,68,98,111,106,139,162,169,61,98,108,165,115,69,156,164,146
output_0000310.png,135,127,126,27,31,34,221,209,202,182,191,197,169,175,185,70,78,88,102,81,77,70,49,42,97,68,48
output_0000311.png,39,50,49,190,176,150,133,121,99,94,80,59,99,111,104,130,160,167,63,99,110,156,164,147,191,117,36
output_0000312.png,198,179,163,38,40,43,135,111,95,141,146,174,160,166,185,96,77,67,81,93,114,100,112,132,172,100,92
output_0000313.png,178,170,164,110,88,62,23,34,32,123,140,151,141,157,161,25,80,103,53,105,125,60,74,75,158,74,4
output_0000314.png,201,202,197,42,34,26,160,162,158,138,126,107,127,137,155,90,78,65,102,103,102,85,88,98,175,132,95
output_0000315.png,142,123,110,46,37,30,229,226,218,84,62,50,220,205,167,115,93,53,202,198,187,187,177,171,95,84,77
output_0000316.png,37,26,21,207,216,233,136,109,90,190,170,146,164,141,123,169,187,225,134,126,129,89,102,124,105,100,118
output_0000317.png,200,181,160,142,83,57,30,21,17,168,151,131,92,56,32,142,132,144,103,94,87,79,73,85,184,75,73
output_0000318.png,212,205,197,58,59,38,177,188,177,152,153,169,161,128,107,108,107,116,114,102,64,126,137,115,196,92,98
output_0000319.png,37,27,22,207,216,233,135,109,91,179,157,135,169,187,226,130,125,133,112,100,116,92,110,142,160,156,176
output_0000320.png,37,36,27,173,174,172,94,94,49,94,102,95,148,132,89,80,55,42,149,101,82,231,226,225,204,221,206
output_0000321.png,200,145,137,88,39,19,25,22,17,125,119,108,158,162,158,100,94,91,137,143,151,153,54,32,92,80,62
output_0000322.png,36,37,30,172,172,168,93,93,50,94,101,95,144,129,89,144,100,85,81,56,40,232,226,224,209,221,208
output_0000323.png,98,56,41,203,145,145,24,14,13,170,164,159,164,72,64,149,126,102,115,101,105,137,133,154,188,60,68
output_0000324.png,214,203,199,85,87,55,159,162,174,176,194,184,163,136,117,114,111,123,15,13,13,133,146,98,40,32,29
output_0000325.png,198,197,192,36,33,31,102,58,36,132,96,54,104,99,102,137,117,109,148,135,120,143,146,147,68,100,149
output_0000326.png,57,61,43,208,199,193,170,186,175,156,133,115,154,155,173,103,103,120,115,103,73,121,137,95,198,78,84
output_0000327.png,133,113,109,23,16,16,203,156,155,97,28,7,116,55,28,174,174,178,148,62,60,75,75,77,162,160,174
output_0000328.png,210,202,197,96,98,71,27,27,26,163,166,175,147,149,149,172,189,175,160,123,97,132,151,96,57,41,29
output_0000329.png,195,177,170,34,29,27,145,76,58,150,157,151,183,65,55,129,135,143,93,104,102,86,67,53,74,77,92
output_0000330.png,197,178,158,134,67,36,31,24,18,103,94,79,92,60,37,178,54,46,136,135,146,161,158,155,69,75,92
output_0000331.png,219,217,205,146,134,115,26,21,14,167,177,168,107,114,93,97,95,88,88,81,62,163,162,158,188,116,92
output_0000332.png,189,181,170,55,49,37,94,82,61,101,95,84,78,66,50,129,112,92,148,130,107,145,136,127,68,84,56
output_0000333.png,93,93,85,223,221,206,35,44,36,158,145,127,172,183,175,157,169,172,130,147,144,74,62,31,58,41,30
output_0000334.png,65,61,52,198,151,115,128,114,99,12,15,15,104,104,102,151,152,158,107,116,108,30,18,9,156,164,165
output_0000335.png,198,201,191,45,52,42,84,84,70,74,62,55,102,104,95,137,117,105,140,147,145,153,135,119,60,92,76
output_0000336.png,148,137,124,200,175,152,35,30,28,69,57,39,74,67,61,54,43,31,179,180,164,96,80,65,178,169,172
output_0000337.png,93,94,84,213,210,194,170,185,176,35,43,35,158,148,136,156,169,174,130,148,141,56,41,32,72,63,33
output_0000338.png,204,157,126,46,44,38,131,116,99,104,97,85,115,116,108,82,84,78,109,107,108,156,156,168,164,172,164
output_0000339.png,222,219,209,48,51,44,169,177,174,151,135,125,149,162,164,115,132,133,103,87,77,105,107,110,188,108,100
output_0000340.png,75,68,57,205,157,127,139,127,114,121,118,110,16,19,20,110,106,108,39,26,13,154,154,168,164,172,172
output_0000341.png,44,51,44,216,218,209,168,180,179,150,130,122,142,159,166,110,130,138,104,87,80,107,106,111,188,100,92
output_0000342.png,46,34,25,211,221,232,129,99,86,196,180,147,172,152,122,170,189,220,139,134,131,89,101,124,128,100,116
output_0000343.png,193,176,168,122,66,39,28,20,16,142,135,143,168,60,49,78,50,33,87,87,94,70,69,82,147,148,146
output_0000344.png,163,141,124,40,32,27,136,44,17,216,212,213,99,87,74,216,174,162,112,74,44,154,88,76,217,204,178
output_0000345.png,152,136,118,225,221,204,39,34,33,213,200,158,206,182,143,94,86,82,110,87,47,80,58,45,112,90,72
output_0000346.png,57,62,54,134,145,147,222,225,214,179,184,176,182,145,125,91,107,111,139,106,89,136,134,121,180,188,188
output_0000347.png,155,149,135,48,47,41,189,181,163,171,172,154,97,91,82,121,118,108,83,84,77,107,106,117,164,162,172
output_0000348.png,179,197,184,50,51,39,87,67,50,109,90,69,101,109,97,150,120,100,234,245,233,152,142,120,68,92,74
output_0000349.png,189,160,129,20,18,14,107,101,90,82,85,76,71,66,54,136,137,140,68,72,78,139,148,147,156,68,64
output_0000350.png,111,95,77,183,193,206,81,65,45,38,27,15,135,124,110,158,148,132,233,237,231,112,110,104,60,76,84
output_0000351.png,186,177,170,49,50,48,135,114,101,71,81,85,221,220,220,120,122,130,119,81,79,168,98,51,152,123,125
output_0000352.png,34,35,31,212,219,213,171,179,187,129,136,132,106,92,77,120,115,94,162,148,129,177,166,143,191,184,166
output_0000353.png,205,208,208,172,181,194,85,71,44,154,143,122,154,160,173,29,27,18,125,128,107,109,109,106,191,124,93
output_0000354.png,215,215,208,126,114,97,69,55,33,176,171,161,187,188,178,199,170,164,166,156,142,75,67,55,84,68,52
output_0000355.png,194,189,172,48,41,42,125,64,51,133,111,103,242,234,211,119,92,75,139,140,126,151,140,115,228,219,212
output_0000356.png,175,165,159,33,41,42,94,65,50,227,226,226,98,104,103,132,93,57,216,212,203,222,189,176,68,124,116
output_0000357.png,199,198,195,30,34,36,99,68,55,136,99,67,101,105,107,148,113,102,140,145,147,167,143,115,67,92,84
output_0000358.png,210,207,202,31,33,33,133,103,54,95,103,121,81,61,51,142,113,104,157,139,124,145,146,156,56,100,116
output_0000359.png,216,205,189,46,41,36,156,133,114,136,78,64,124,103,81,249,243,229,169,146,140,153,157,158,84,172,100
output_0000360.png,173,140,26,209,199,176,57,55,46,140,131,116,99,90,75,222,187,76,96,61,48,220,204,132,140,140,148
output_0000361.png,193,192,186,26,30,31,130,93,57,86,59,41,94,97,96,139,106,91,157,137,108,132,138,138,60,92,77
output_0000362.png,214,203,188,32,37,42,126,108,97,75,67,60,176,81,81,87,104,101,74,83,101,144,159,152,143,143,157
output_0000363.png,209,188,173,47,47,46,141,69,52,176,71,66,155,165,142,104,107,93,105,58,41,83,87,103,136,138,161
output_0000364.png,200,150,141,40,26,21,167,161,153,151,87,68,108,106,95,105,50,28,87,85,89,149,143,154,181,65,58
output_0000365.png,141,53,40,39,37,36,211,195,182,164,128,112,81,55,47,206,141,127,167,152,157,113,94,104,60,84,96
output_0000366.png,207,155,160,30,18,14,141,50,40,149,154,165,88,102,99,134,134,151,98,31,13,174,39,39,70,72,80
output_0000367.png,38,30,27,197,170,167,145,70,64,157,151,146,102,99,97,180,58,59,95,57,47,149,138,149,77,78,97
output_0000368.png,37,21,11,188,174,166,131,99,66,144,138,148,94,59,23,102,96,95,84,77,82,155,156,164,164,92,20
output_0000369.png,30,27,27,164,139,103,122,101,83,86,72,64,96,101,95,62,70,75,146,158,145,68,82,107,106,125,165
output_0000370.png,85,108,128,20,17,17,176,143,112,114,86,67,82,90,90,107,125,143,75,53,40,62,64,72,49,53,54
output_0000371.png,38,41,40,203,198,207,122,126,136,81,90,94,97,105,118,124,93,71,146,149,164,66,75,84,148,164,176
output_0000372.png,35,39,39,197,180,177,127,118,111,152,150,139,84,80,75,95,102,98,141,132,152,83,87,103,164,116,136
output_0000373.png,15,21,19,155,119,103,84,65,45,56,57,38,62,77,55,40,54,35,60,82,109,42,60,76,116,124,144
output_0000374.png,19,23,19,185,168,143,105,88,72,71,58,41,129,153,144,117,130,140,71,70,105,76,99,108,148,100,39
output_0000375.png,24,24,16,207,187,147,114,94,68,78,66,49,91,92,82,58,60,49,72,79,104,148,148,133,141,129,152
output_0000376.png,150,121,93,85,70,58,7,11,11,107,100,91,41,35,27,96,90,92,51,63,63,49,51,52,116,60,60
output_0000377.png,210,180,152,20,24,25,105,79,63,67,64,59,134,154,148,75,80,92,73,94,89,132,140,148,148,84,76
output_0000378.png,225,216,219,139,125,122,25,24,20,167,155,159,102,96,92,87,73,61,170,156,147,87,83,92,180,132,108
output_0000379.png,213,183,144,18,22,22,125,102,85,70,60,52,144,136,152,154,149,163,89,92,97,84,83,92,164,92,62
output_0000380.png,216,204,208,43,39,31,137,120,113,91,80,69,163,156,152,107,100,95,172,148,143,161,147,157,100,92,100
output_0000381.png,215,183,147,18,20,20,117,95,86,75,62,53,143,134,150,89,93,97,85,83,92,138,153,149,156,92,33
output_0000382.png,196,155,122,28,29,22,119,93,83,133,130,150,77,62,47,168,47,35,148,148,166,81,80,88,90,95,108
output_0000383.png,223,203,177,40,37,32,144,117,105,162,151,160,171,164,173,102,75,60,114,109,116,104,97,103,180,124,68
output_0000384.png,199,157,93,25,26,19,110,80,54,70,53,34,166,39,27,81,74,70,136,120,116,84,84,76,132,140,148
output_0000385.png,218,183,131,23,21,20,126,97,74,83,64,49,144,135,153,94,94,96,85,79,88,146,154,157,164,92,4
output_0000386.png,178,151,130,33,34,27,123,102,87,85,71,58,86,88,94,62,70,66,90,103,102,110,163,151,129,124,156
output_0000387.png,216,183,129,120,94,69,17,16,16,78,61,46,141,133,149,88,88,85,148,153,159,75,71,86,165,100,48
output_0000388.png,220,186,126,28,28,22,118,89,63,80,62,39,156,91,7,88,81,85,146,150,131,79,96,83,148,140,148
output_0000389.png,221,204,179,95,65,47,35,31,25,134,95,65,155,119,105,119,104,104,201,159,109,251,251,237,67,68,59
output_0000390.png,193,167,151,29,28,23,110,87,73,70,58,48,124,160,136,133,122,159,83,81,92,80,96,76,162,68,79
output_0000391.png,219,202,184,36,31,25,144,109,90,170,159,164,159,145,152,100,75,57,111,103,99,100,91,93,180,108,84
output_0000392.png,28,27,19,234,195,116,123,89,72,126,123,139,86,68,52,183,59,17,91,82,78,97,94,91,156,148,137
output_0000393.png,230,214,186,44,41,34,180,171,178,157,123,99,158,149,161,113,83,61,121,116,123,103,98,105,196,132,52
output_0000394.png,28,28,23,194,170,150,110,85,69,71,58,47,77,78,95,116,125,162,135,153,143,81,94,93,161,69,68
output_0000395.png,215,180,121,23,22,22,125,98,75,83,66,50,146,138,154,94,94,95,145,162,156,85,82,94,164,100,47
output_0000396.png,197,160,112,24,26,21,116,86,61,70,54,33,165,35,25,135,153,129,62,76,85,78,98,87,134,135,142
output_0000397.png,215,181,126,120,94,70,18,18,18,77,62,48,144,136,152,88,90,91,149,151,159,72,72,85,164,92,42
output_0000398.png,56,47,29,169,129,92,129,122,140,127,92,52,100,95,93,85,79,80,99,71,40,11,12,14,147,132,110
output_0000399.png,196,178,163,34,29,25,122,97,79,78,61,51,116,172,166,132,126,156,83,99,87,84,79,95,160,76,72
output_0000400.png,70,56,47,16,22,28,121,96,70,193,187,159,106,101,82,156,156,128,28,20,23,97,91,92,148,140,148
output_0000401.png,181,127,96,66,67,59,137,93,64,10,25,18,35,25,16,107,132,172,53,122,109,91,200,203,93,104,116
output_0000402.png,204,172,138,51,46,38,140,99,78,101,78,65,102,114,83,154,174,120,177,68,80,100,98,100,156,151,157
output_0000403.png,198,168,131,43,47,43,94,199,193,105,135,92,131,101,71,82,98,70,94,158,162,79,103,109,91,74,62
output_0000404.png,185,149,124,44,45,40,134,106,53,93,191,189,95,85,51,56,129,125,81,152,161,64,103,103,52,89,78
output_0000405.png,103,71,61,143,83,75,17,14,21,122,116,101,73,70,59,64,42,35,41,44,46,55,57,68,110,108,116
output_0000406.png,34,37,37,125,112,100,104,111,104,181,149,115,90,97,93,90,81,72,71,80,75,138,188,110,148,148,140
output_0000407.png,33,27,25,128,101,83,174,122,108,101,99,83,90,60,47,68,69,57,148,149,128,87,83,84,141,139,140
output_0000408.png,190,159,110,42,42,40,136,113,48,91,197,197,62,123,111,80,94,101,94,74,58,69,153,157,164,65,65
output_0000409.png,22,19,24,170,149,134,116,109,92,73,56,39,82,89,76,139,140,115,56,60,48,62,72,77,137,130,124
output_0000410.png,40,44,43,134,101,82,89,88,80,184,154,116,107,116,108,100,106,101,74,84,78,134,187,109,150,149,141
output_0000411.png,26,27,24,191,182,66,127,120,62,124,141,159,127,185,194,82,112,100,79,65,54,67,86,95,180,116,116
output_0000412.png,186,209,222,64,60,49,138,165,188,129,110,93,80,108,124,12,18,13,98,108,99,154,157,141,101,132,164
output_0000413.png,177,163,132,22,34,36,110,97,77,59,70,66,135,151,137,33,58,70,43,76,96,66,94,110,115,136,149
output_0000414.png,38,35,29,110,91,71,200,178,149,83,70,56,85,100,122,62,78,100,62,68,60,108,121,149,140,148,164
output_0000415.png,82,76,66,212,196,137,134,154,178,142,117,77,107,133,136,104,198,187,109,113,118,21,17,15,47,23,20
output_0000416.png,17,12,7,65,37,14,46,27,8,87,58,28,6,35,75,78,95,122,35,36,26,99,76,38,52,52,36
output_0000417.png,141,163,186,62,48,35,107,82,56,140,114,93,96,106,112,18,19,13,157,136,60,90,92,80,84,108,140
output_0000418.png,39,40,35,184,168,153,139,127,113,139,139,171,93,78,65,103,112,117,153,166,152,72,82,110,164,71,13
output_0000419.png,32,33,26,143,125,111,193,180,171,151,150,181,114,119,94,107,86,64,100,101,110,171,172,186,71,81,79
output_0000420.png,45,48,51,195,177,166,134,107,99,93,72,69,130,183,182,94,114,115,128,137,180,84,95,119,174,74,68
output_0000421.png,42,42,35,198,160,121,136,111,96,93,78,62,82,91,105,99,108,116,149,147,159,149,170,164,164,100,93
output_0000422.png,80,71,53,26,16,11,172,120,133,89,99,105,128,90,97,137,135,134,127,110,125,34,41,31,96,108,82
output_0000423.png,210,184,168,93,77,66,17,11,10,161,144,127,137,122,116,144,119,101,47,24,26,170,158,164,172,172,172
output_0000424.png,78,69,50,129,109,107,161,158,160,16,14,8,103,109,106,164,124,114,74,89,104,47,24,23,148,148,139
output_0000425.png,73,59,54,192,175,159,152,143,130,31,30,28,115,111,125,156,153,170,142,113,93,171,172,173,109,104,94
output_0000426.png,42,36,35,173,133,115,124,107,98,89,75,64,69,70,61,98,101,99,80,84,108,122,130,157,137,177,158
output_0000427.png,211,177,139,33,36,33,121,96,79,86,76,65,63,68,64,117,137,168,98,102,97,143,157,163,88,89,105
output_0000428.png,23,25,22,122,114,112,64,37,41,81,59,35,164,154,164,104,64,83,68,64,60,168,135,124,156,156,148
output_0000429.png,128,117,114,172,165,173,24,28,23,75,56,37,63,38,21,94,73,58,65,64,62,187,162,149,170,164,156
output_0000430.png,174,150,104,29,33,27,189,189,208,133,115,96,151,142,129,88,57,38,101,102,104,92,97,88,108,124,164
output_0000431.png,123,112,105,26,28,24,174,156,160,67,51,32,144,137,148,61,33,43,98,54,77,154,149,156,70,56,54
output_0000432.png,200,182,181,48,49,49,144,129,124,101,88,85,91,97,123,111,119,123,150,150,177,77,86,94,139,196,169
output_0000433.png,192,166,163,70,60,58,140,116,116,163,164,168,22,29,28,159,155,164,110,98,110,114,117,121,41,19,25
output_0000434.png,114,101,93,187,167,160,18,25,22,156,155,174,55,39,27,58,62,61,149,143,150,78,54,30,171,172,172
output_0000435.png,40,57,65,191,181,188,96,115,129,7,12,10,141,148,152,144,153,167,67,101,104,108,97,94,81,81,86
output_0000436.png,42,45,37,188,191,192,128,110,103,104,111,114,93,74,60,147,151,159,154,166,168,91,96,103,170,81,63
output_0000437.png,195,172,159,26,41,35,98,113,100,108,80,55,100,197,184,52,81,98,197,60,47,135,140,152,62,78,73
output_0000438.png,41,46,39,192,191,189,131,114,108,159,168,170,104,111,114,92,73,60,149,151,160,92,96,103,173,81,65
output_0000439.png,182,134,113,21,36,31,108,88,74,122,128,136,135,141,147,66,79,86,57,70,67,75,92,98,149,58,22
output_0000440.png,44,47,40,190,191,192,136,116,109,161,171,173,97,102,106,151,151,159,110,118,122,101,77,60,173,90,79
output_0000441.png,187,168,164,27,41,37,112,94,77,161,113,57,134,141,152,51,82,96,57,105,91,57,78,76,118,151,134
output_0000442.png,140,121,91,28,33,28,100,79,41,114,101,67,179,155,138,64,70,66,164,156,124,158,153,159,96,91,100
output_0000443.png,192,173,169,37,42,37,137,121,115,100,90,80,103,103,111,113,117,119,80,88,86,157,153,164,163,164,168
output_0000444.png,23,32,26,159,114,96,118,82,54,67,59,46,58,75,85,227,217,220,80,92,93,129,152,161,116,136,152
output_0000445.png,192,172,169,44,44,37,135,118,109,151,149,159,101,90,76,100,102,112,112,118,121,79,87,86,156,164,148
output_0000446.png,29,35,31,170,139,128,115,96,85,81,72,56,63,70,63,79,79,84,88,93,76,135,123,124,138,133,129
output_0000447.png,40,40,33,190,172,168,137,120,109,102,90,77,102,103,111,112,118,122,159,156,165,79,87,85,160,174,177
output_0000448.png,39,40,34,170,142,131,123,104,92,91,80,60,93,89,92,74,76,60,144,128,134,98,100,80,145,140,133
output_0000449.png,192,175,171,40,38,30,137,123,117,102,89,74,101,103,112,113,118,122,163,164,167,160,155,164,79,87,87
output_0000450.png,135,101,71,32,36,29,158,144,107,174,144,115,103,95,73,92,54,30,137,123,132,88,82,86,164,140,132
output_0000451.png,81,72,60,191,172,168,140,119,107,15,22,18,151,151,160,106,104,111,116,120,123,161,165,172,38,27,16
output_0000452.png,22,25,27,180,183,135,106,96,85,131,151,106,69,62,57,79,96,88,61,75,97,48,64,66,126,129,151
output_0000453.png,47,53,31,213,211,200,149,137,115,106,109,107,110,94,55,168,175,164,119,127,116,158,159,170,180,132,102
output_0000454.png,29,30,24,197,198,188,117,98,51,140,126,84,75,62,44,91,98,90,139,145,138,169,160,129,120,123,119
output_0000455.png,101,100,83,204,194,177,29,40,32,67,57,33,157,142,120,56,43,31,161,166,173,138,148,115,172,180,164
output_0000456.png,28,30,24,194,195,184,116,97,51,91,98,90,75,62,44,128,110,77,144,134,89,132,138,132,153,145,130
output_0000457.png,95,92,75,211,201,176,24,38,31,152,131,96,154,156,147,58,42,30,172,180,171,170,171,172,131,140,108
output_0000458.png,45,47,27,196,177,131,140,116,73,103,107,87,101,86,44,110,116,90,81,86,60,164,164,119,163,156,132
output_0000459.png,23,24,15,178,177,174,105,85,50,144,128,101,109,105,90,222,222,219,206,211,221,127,123,126,79,76,85
output_0000460.png,141,131,107,40,45,34,228,224,206,211,198,166,78,81,65,72,57,38,186,179,160,195,196,165,98,78,41
output_0000461.png,229,227,214,63,76,77,118,107,99,143,142,131,186,162,141,194,183,164,143,126,107,168,163,156,100,124,114
output_0000462.png,194,202,183,35,30,34,127,126,119,145,163,156,87,101,102,84,66,62,75,83,92,164,124,105,132,148,156
output_0000463.png,179,184,180,32,36,25,143,152,152,118,114,109,75,64,53,84,98,97,132,136,151,72,82,93,156,100,68
output_0000464.png,215,219,220,55,63,65,125,131,125,153,169,161,9,13,17,147,155,164,99,116,117,96,107,116,166,140,130
output_0000465.png,189,172,148,17,22,17,119,141,140,97,90,79,98,118,125,57,52,40,58,71,74,70,88,91,140,84,67
output_0000466.png,33,39,30,227,228,230,123,107,95,83,79,68,64,77,73,88,97,101,98,109,109,144,158,157,135,147,156
output_0000467.png,138,137,134,33,40,33,70,55,46,197,176,160,76,83,84,85,70,57,178,188,182,164,180,189,52,84,84
output_0000468.png,192,170,151,127,128,125,20,25,16,56,45,31,163,170,173,65,72,72,83,63,47,170,180,179,97,79,71
output_0000469.png,202,216,216,46,60,69,155,187,192,141,133,119,144,167,187,107,138,142,80,105,111,99,105,101,93,120,134
output_0000470.png,55,72,83,198,212,217,135,150,147,157,183,190,149,165,185,109,138,136,97,110,114,91,117,143,172,124,116
output_0000471.png,223,240,234,70,92,70,160,186,183,140,158,138,110,138,133,151,185,143,110,147,88,25,40,34,203,178,92
output_0000472.png,100,112,108,231,239,239,20,22,16,167,192,183,152,168,161,74,65,47,55,50,40,166,179,180,188,172,164
output_0000473.png,77,75,66,156,170,169,173,186,186,117,129,123,19,17,10,136,132,121,142,154,157,104,113,109,48,24,13
output_0000474.png,97,108,104,231,238,238,162,187,179,143,158,151,17,14,8,66,53,31,41,61,67,157,171,180,188,180,180
output_0000475.png,97,110,112,123,142,149,47,65,74,168,146,132,77,82,74,128,148,139,75,66,57,135,129,114,65,67,71
output_0000476.png,63,82,47,219,223,204,135,164,173,154,163,110,171,195,165,118,145,105,105,125,126,111,122,74,188,164,132
output_0000477.png,197,178,97,33,46,34,161,167,147,136,127,72,149,154,153,87,91,49,73,94,99,96,116,95,172,92,44
output_0000478.png,206,202,183,24,33,29,129,125,114,157,169,156,94,107,104,78,79,70,146,154,157,79,91,100,172,116,108
output_0000479.png,59,73,77,210,197,180,148,148,143,170,181,178,110,110,107,120,134,135,112,123,132,167,172,180,180,108,100
output_0000480.png,188,185,168,72,87,95,148,144,129,51,60,34,18,31,17,25,49,64,162,181,146,120,136,120,160,170,180
output_0000481.png,103,104,107,215,199,182,37,56,61,167,153,145,56,58,64,141,150,148,177,189,179,65,68,59,168,180,188
output_0000482.png,46,58,56,196,181,167,132,132,125,138,151,172,93,95,90,100,117,121,155,164,154,105,116,107,164,164,76
output_0000483.png,212,197,165,36,41,32,144,136,106,161,170,94,109,117,99,95,81,67,97,99,100,161,158,158,181,191,76
output_0000484.png,216,217,201,31,39,38,128,125,118,154,165,162,93,105,105,77,82,80,138,147,156,80,91,100,172,132,114
output_0000485.png,43,54,53,153,144,133,194,177,161,162,175,171,143,157,167,115,131,129,103,99,86,91,105,123,79,94,81
output_0000486.png,227,201,174,58,70,71,129,95,72,16,15,6,83,100,116,165,98,56,155,164,163,154,155,165,99,116,114
output_0000487.png,199,199,181,44,58,57,141,146,137,106,122,126,159,174,175,161,173,155,92,98,93,108,119,103,175,118,89
output_0000488.png,205,207,189,38,47,49,134,127,123,157,165,170,97,107,115,88,88,84,157,167,150,104,108,94,177,177,100
output_0000489.png,200,194,179,36,51,50,135,140,132,160,176,167,102,119,121,85,92,87,148,160,167,90,104,111,172,100,92
output_0000490.png,196,193,168,39,48,48,128,123,105,147,156,163,88,98,105,85,83,71,154,165,125,98,108,89,168,160,84
output_0000491.png,166,156,135,34,50,47,113,106,87,71,89,81,139,157,149,130,147,148,79,98,101,83,108,99,148,76,76
output_0000492.png,203,203,186,42,49,48,137,130,121,158,171,163,102,111,112,94,88,78,90,99,108,148,156,164,172,124,132
output_0000493.png,187,186,169,36,59,60,126,129,124,155,172,170,85,94,91,97,117,119,147,163,164,91,108,116,164,100,92
output_0000494.png,56,69,60,194,200,170,137,139,128,159,176,152,107,125,126,17,24,8,94,108,118,172,148,141,149,163,172
output_0000495.png,178,174,161,29,48,50,120,122,117,145,165,160,140,154,157,78,85,81,89,109,113,82,99,108,156,92,76
output_0000496.png,219,213,181,30,52,53,152,137,125,173,178,156,97,91,86,106,120,123,84,103,117,158,163,172,188,140,136
output_0000497.png,213,206,174,80,94,94,148,146,121,168,181,140,68,53,27,120,142,118,29,25,12,110,131,140,160,172,180
output_0000498.png,211,202,188,50,63,56,150,143,127,107,107,94,118,128,127,169,172,150,119,125,105,170,176,173,185,183,84
output_0000499.png,181,167,132,206,208,192,39,60,61,120,136,140,120,114,92,144,166,146,72,95,100,90,117,92,140,160,172
output_0000500.png,104,113,108,203,207,203,45,67,75,197,198,165,52,54,25,157,169,162,173,190,163,161,153,137,62,60,52
output_0000501.png,42,64,67,200,198,184,135,135,130,157,178,172,93,96,93,105,126,132,146,163,172,97,115,125,172,116,103
output_0000502.png,200,195,167,50,71,75,139,133,121,11,25,24,163,172,149,107,124,115,105,121,124,172,116,116,156,164,172
output_0000503.png,177,167,144,33,59,63,120,126,119,146,165,142,77,92,85,87,112,120,137,155,164,89,116,80,158,92,76
output_0000504.png,35,48,44,143,135,93,208,201,161,98,91,67,113,119,95,171,172,121,93,101,103,158,159,156,180,132,100
output_0000505.png,190,184,171,41,62,62,129,128,119,149,168,169,91,112,120,193,184,67,145,164,153,6,28,18,95,118,96
output_0000506.png,41,60,62,205,196,158,151,144,109,106,105,85,122,133,112,115,122,124,169,169,164,171,180,117,182,124,98
output_0000507.png,219,218,196,44,62,61,140,142,129,94,101,97,162,175,159,167,181,173,106,129,129,104,127,113,182,157,124
output_0000508.png,207,207,183,29,36,26,156,169,151,132,135,112,98,114,94,126,141,161,84,89,66,63,88,116,193,68,60
output_0000509.png,93,111,110,214,214,196,38,63,65,28,40,34,149,146,129,145,164,166,169,187,189,165,190,170,57,52,52
output_0000510.png,212,215,188,163,178,151,139,143,116,19,23,17,103,121,96,141,158,160,77,86,60,79,95,89,198,74,36
output_0000511.png,218,212,181,25,26,18,139,137,120,174,169,143,108,121,118,102,118,160,90,87,70,59,78,105,188,148,124
output_0000512.png,74,89,89,204,210,194,135,142,130,111,133,125,33,36,27,160,181,161,152,169,172,27,49,49,102,123,133
output_0000513.png,234,223,204,29,45,44,132,114,99,87,104,106,150,157,158,80,82,74,157,157,145,188,136,82,90,100,91
output_0000514.png,72,91,95,214,209,155,164,156,129,184,191,122,43,50,43,128,122,111,132,144,129,184,188,181,196,192,100
output_0000515.png,226,222,197,25,48,51,126,123,116,76,95,92,157,170,155,77,105,117,92,117,122,141,154,166,172,124,116
output_0000516.png,205,202,144,43,62,69,154,143,118,175,183,122,113,104,97,125,130,112,238,233,219,129,138,133,180,188,188
output_0000517.png,67,96,111,216,214,194,147,151,146,55,61,39,160,183,179,167,193,198,104,133,160,30,51,61,183,146,87
output_0000518.png,218,210,183,40,59,62,124,117,114,89,110,114,10,13,7,153,166,165,75,100,116,146,154,165,164,116,116
output_0000519.png,213,209,192,64,95,113,142,143,139,48,57,39,157,182,180,99,128,159,162,189,196,26,51,66,172,164,92
output_0000520.png,134,136,149,197,177,187,60,56,55,51,73,100,102,96,91,82,99,123,90,67,78,165,170,204,178,196,213
output_0000521.png,60,67,65,225,235,235,178,203,197,152,152,147,126,136,137,113,119,126,162,167,175,111,108,106,196,156,150
output_0000522.png,125,131,137,48,38,34,170,153,152,214,203,203,111,89,82,102,70,58,52,73,85,181,185,205,188,196,203
output_0000523.png,211,221,219,37,42,40,93,81,75,107,114,119,121,104,88,155,137,129,158,174,170,167,167,140,76,100,94
output_0000524.png,60,84,92,203,199,198,145,123,121,146,155,186,38,30,19,181,63,70,110,133,141,57,45,32,146,204,206
output_0000525.png,53,62,58,211,211,209,148,148,138,155,165,186,170,181,186,93,111,137,118,135,130,108,108,99,180,116,97
output_0000526.png,200,199,187,37,49,43,141,144,125,165,176,159,106,124,109,148,158,169,92,92,80,89,102,112,180,100,92
output_0000527.png,213,209,201,66,77,70,155,152,141,163,174,186,125,144,134,177,189,191,116,113,97,111,124,137,14,19,14
output_0000528.png,200,200,188,37,49,42,141,144,124,165,176,158,104,124,109,149,158,169,93,92,77,88,102,112,180,92,72
output_0000529.png,52,64,61,212,211,204,155,156,143,160,173,186,177,190,190,110,114,100,126,143,135,104,121,138,188,116,84
output_0000530.png,206,176,151,22,19,12,125,98,75,72,61,50,85,88,87,75,75,76,153,150,151,135,137,142,164,116,89
output_0000531.png,63,87,100,185,164,156,153,164,173,131,132,135,144,153,166,14,44,55,103,126,137,94,115,132,164,108,102
output_0000532.png,74,98,97,207,208,207,10,33,33,146,154,153,161,173,183,165,195,189,38,59,38,120,149,147,180,132,148
output_0000533.png,191,185,174,48,65,68,155,172,170,131,132,122,89,102,103,103,130,119,144,155,164,103,114,124,174,98,84
output_0000534.png,177,157,153,40,64,74,136,133,135,153,174,176,94,112,126,89,99,105,151,161,173,104,126,134,164,76,89
output_0000535.png,168,151,120,30,36,30,88,97,93,215,211,204,78,63,50,208,220,139,221,197,172,120,79,52,60,100,70
output_0000536.png,196,193,181,49,67,68,129,121,108,148,163,159,89,95,89,95,118,109,132,147,156,86,107,116,167,99,93
output_0000537.png,193,168,144,32,56,63,121,120,113,135,150,152,149,167,165,91,118,114,82,106,112,82,95,86,63,92,97
output_0000538.png,187,156,129,37,51,52,121,124,109,90,114,99,67,87,85,83,98,100,147,156,129,137,140,148,156,76,63
output_0000539.png,35,56,62,200,187,167,156,169,171,128,129,119,99,122,126,140,151,160,78,102,112,85,89,83,176,100,80
output_0000540.png,173,156,133,26,44,47,107,107,103,137,144,126,79,96,99,124,130,132,67,75,74,67,83,92,148,84,72
output_0000541.png,186,181,169,22,43,46,116,123,123,144,157,156,134,147,148,88,110,114,76,97,102,70,87,87,156,116,107
output_0000542.png,176,157,127,33,49,50,117,110,103,146,153,106,89,105,107,76,83,82,141,139,140,80,91,100,160,84,77
output_0000543.png,180,176,160,17,38,39,135,152,146,109,118,114,120,139,140,80,103,103,57,80,79,69,90,93,148,108,93
output_0000544.png,194,186,139,139,113,93,27,34,29,144,155,163,155,162,112,83,101,105,80,72,61,86,94,79,172,164,76
output_0000545.png,204,195,180,35,56,62,122,124,119,148,168,152,97,121,129,138,151,158,82,104,112,84,89,84,164,108,108
output_0000546.png,169,161,127,35,52,54,111,108,100,87,107,106,134,145,124,111,124,126,73,90,92,75,82,78,149,82,81
output_0000547.png,196,190,142,138,117,96,27,35,29,158,171,133,134,147,155,89,108,109,80,74,62,71,88,95,172,92,92
output_0000548.png,189,189,177,23,40,44,127,135,133,152,166,162,93,114,118,81,89,90,79,99,108,143,155,164,164,116,104
output_0000549.png,41,56,56,189,175,153,133,131,122,161,166,144,91,107,112,148,152,149,102,117,118,90,95,92,176,116,114
output_0000550.png,42,45,39,167,173,156,220,218,196,95,102,98,79,73,61,103,95,69,106,125,122,202,215,212,200,220,202
output_0000551.png,220,218,202,58,72,32,167,172,165,154,145,123,109,112,100,115,138,80,105,107,61,171,183,130,207,161,91
output_0000552.png,76,87,55,207,214,200,161,172,177,156,157,140,194,163,135,36,37,20,108,129,133,118,145,92,243,197,81
output_0000553.png,195,200,173,24,35,27,118,122,102,148,162,146,77,106,67,76,83,68,75,89,94,125,144,149,176,108,88
output_0000554.png,70,88,94,197,192,180,136,152,152,156,184,178,105,128,142,112,142,143,36,42,46,27,35,41,145,162,194
output_0000555.png,197,163,131,41,35,35,143,118,106,100,76,63,90,93,106,108,112,118,148,148,160,69,78,82,163,164,159
output_0000556.png,36,45,46,212,203,168,96,105,101,85,68,63,170,135,93,158,126,43,152,134,124,245,246,229,55,161,101
output_0000557.png,78,61,44,196,181,162,152,164,157,150,110,91,89,97,94,111,113,103,133,145,143,28,28,25,45,27,26
output_0000558.png,199,184,168,25,39,32,110,82,63,121,109,95,65,79,70,120,143,155,136,159,165,68,90,95,148,84,65
output_0000559.png,134,129,112,21,39,31,199,185,164,72,84,73,103,82,65,83,66,40,58,49,33,171,180,162,167,171,164
output_0000560.png,212,201,185,22,31,24,125,104,84,78,77,60,86,105,94,152,157,145,126,144,152,62,87,98,177,96,34
output_0000561.png,197,193,170,22,29,21,119,106,83,140,162,132,79,65,45,84,104,96,60,85,87,139,148,148,158,90,56
output_0000562.png,208,197,172,79,75,60,150,126,101,13,12,9,168,177,164,120,125,111,115,114,109,39,26,19,143,148,177
output_0000563.png,202,186,164,147,138,122,25,42,34,91,88,70,110,122,107,170,162,164,168,172,146,100,104,103,182,124,103
output_0000564.png,204,197,174,23,29,20,120,100,76,151,162,147,78,68,49,84,103,95,71,89,87,142,148,148,184,88,74
output_0000565.png,39,50,39,208,199,180,128,107,88,95,78,59,97,105,101,104,117,109,155,164,150,128,145,165,167,96,56
output_0000566.png,198,196,173,28,36,27,128,119,96,147,162,152,86,70,45,92,106,94,121,145,152,54,87,95,184,63,76
output_0000567.png,28,32,28,155,146,130,203,186,164,100,90,74,118,118,106,102,105,101,171,172,155,130,139,172,180,100,20
output_0000568.png,210,214,196,71,66,43,137,134,109,149,173,148,102,124,100,8,11,8,96,105,102,144,151,160,36,20,9
output_0000569.png,200,197,179,36,39,29,131,124,107,160,169,157,149,154,149,92,80,60,103,113,102,83,95,95,181,70,77
output_0000570.png,89,90,81,194,186,165,14,20,18,146,131,114,48,33,24,108,117,127,164,172,154,121,133,131,139,148,175
output_0000571.png,202,197,177,38,42,31,134,125,107,160,168,157,93,81,62,103,112,103,146,154,157,77,96,103,181,72,76
output_0000572.png,94,97,89,196,189,168,13,21,21,154,141,124,171,180,157,61,50,33,46,32,24,129,140,135,137,153,177
output_0000573.png,197,191,167,27,42,34,133,108,77,166,171,153,91,79,57,101,112,101,146,153,150,75,95,94,180,124,93
output_0000574.png,204,200,190,43,60,63,87,98,102,76,72,70,128,119,111,139,150,151,94,86,74,152,143,121,60,108,100
output_0000575.png,98,98,90,203,191,169,15,22,19,152,134,117,86,60,26,53,41,30,170,181,142,139,152,176,128,140,127
output_0000576.png,198,172,143,31,37,29,135,117,87,161,165,148,88,76,53,60,88,94,102,112,98,145,154,150,174,61,35
output_0000577.png,146,143,141,24,38,33,217,210,199,78,86,91,186,189,179,92,78,55,65,58,49,183,179,188,107,89,80
output_0000578.png,48,71,75,217,215,213,98,100,93,115,132,135,89,106,111,162,177,176,157,149,134,149,154,163,76,108,132
output_0000579.png,30,47,43,119,116,90,207,203,165,210,169,135,147,35,11,194,189,151,183,161,126,159,160,127,161,84,24
output_0000580.png,214,184,163,40,40,32,165,140,121,105,90,75,174,177,178,122,122,114,63,92,112,164,163,172,188,116,120
output_0000581.png,226,227,216,36,38,34,146,145,139,174,177,168,118,122,119,160,162,164,103,96,87,105,107,108,188,148,108
output_0000582.png,100,95,81,228,216,192,31,36,33,105,28,14,113,52,25,170,173,147,164,134,119,196,76,60,158,155,156
output_0000583.png,102,104,81,218,204,173,181,184,152,30,35,27,96,21,12,168,145,117,80,71,30,199,81,61,167,167,169
output_0000584.png,210,162,128,144,41,42,25,30,30,157,160,131,96,33,28,187,46,61,99,106,83,72,83,84,134,138,140
output_0000585.png,210,195,171,25,29,31,123,101,76,150,152,131,172,36,38,78,66,55,83,95,80,80,82,92,140,138,150
output_0000586.png,201,183,144,35,40,35,131,115,87,86,77,54,153,157,132,180,52,77,96,103,78,69,89,101,108,140,164
output_0000587.png,195,179,150,40,46,44,146,131,109,168,165,138,94,88,75,110,111,93,181,83,42,172,156,156,108,100,108
output_0000588.png,194,185,151,30,26,24,121,95,72,141,151,132,88,94,79,78,70,53,159,70,60,68,82,84,128,140,140
output_0000589.png,220,209,177,30,36,30,128,109,85,78,75,56,173,60,24,153,157,129,68,106,83,65,87,93,137,141,152
output_0000590.png,194,184,144,123,62,51,21,22,21,73,65,54,88,94,79,160,56,50,143,151,131,74,83,86,126,140,140
output_0000591.png,216,203,171,31,34,29,127,108,87,78,72,55,152,158,125,171,60,59,70,106,83,67,87,93,152,144,148
output_0000592.png,38,42,43,131,32,35,201,185,165,101,101,90,130,98,57,251,250,241,158,108,96,174,154,107,68,132,140
output_0000593.png,176,195,186,9,14,16,119,149,161,85,104,101,40,61,61,88,123,144,59,89,99,42,72,89,25,43,53
output_0000594.png,73,145,127,53,116,102,6,12,13,61,132,124,26,54,33,58,51,35,113,82,53,132,231,210,25,68,68
output_0000595.png,33,57,65,85,150,160,114,191,192,105,171,180,195,170,156,60,119,137,111,180,180,60,104,111,123,93,85
output_0000596.png,15,26,38,172,140,173,82,100,134,60,76,103,123,102,180,80,103,113,87,83,98,47,70,79,82,156,170
output_0000597.png,185,252,243,86,213,181,5,26,33,49,115,101,17,67,64,18,73,86,61,148,116,68,140,132,60,84,92
output_0000598.png,37,108,92,88,230,203,82,207,169,214,251,250,69,163,131,73,176,154,10,54,41,10,57,56,84,148,128
output_0000599.png,46,72,90,180,171,185,135,138,159,7,25,32,154,156,180,100,114,140,107,124,145,164,143,156,156,164,170
output_0000600.png,157,184,182,29,30,23,99,115,101,54,76,64,44,82,97,144,140,121,100,139,156,98,83,47,164,164,108
output_0000601.png,185,182,190,20,24,23,133,151,191,112,131,169,107,103,98,75,96,103,56,77,90,67,65,57,165,76,53
output_0000602.png,14,48,37,72,139,126,99,177,160,45,101,89,59,114,109,33,82,76,104,164,164,80,100,88,124,164,156
output_0000603.png,82,104,115,15,21,18,160,163,165,104,121,155,163,117,98,65,80,97,90,71,32,51,66,47,179,137,152
output_0000604.png,35,88,91,69,139,134,7,23,27,17,39,32,96,217,196,51,119,132,100,105,92,194,251,248,93,162,172
output_0000605.png,174,195,167,90,122,99,10,18,15,117,177,143,92,80,45,42,71,56,32,86,85,149,87,39,78,148,148
output_0000606.png,19,29,22,188,224,196,80,122,105,111,198,150,55,85,67,96,86,56,56,97,92,150,112,60,92,148,148
output_0000607.png,202,154,143,89,93,81,19,32,33,114,139,140,153,110,80,77,59,24,51,28,20,150,164,154,166,119,178
output_0000608.png,207,145,110,24,30,24,114,76,57,69,58,42,76,101,83,148,76,54,91,174,148,49,82,88,60,121,140
output_0000609.png,224,230,217,46,35,25,164,184,174,138,113,88,100,70,48,108,102,83,99,91,84,156,146,140,188,116,100
output_0000610.png,212,200,181,171,163,138,144,125,105,26,19,14,93,69,50,101,97,79,158,147,148,102,82,84,188,92,85
output_0000611.png,203,189,158,26,21,14,111,89,50,68,52,28,165,72,52,136,143,133,80,85,76,72,73,77,104,114,152
output_0000612.png,177,156,142,110,97,90,18,14,14,60,52,44,72,79,74,109,111,145,136,142,130,152,59,39,71,66,80
output_0000613.png,195,175,156,30,28,24,119,94,74,77,67,57,146,149,139,90,93,87,129,135,149,156,92,63,80,79,95
output_0000614.png,171,156,148,20,16,16,116,104,101,68,57,48,112,115,142,79,87,87,138,141,135,68,74,96,207,68,79
output_0000615.png,139,126,100,211,203,187,26,19,15,175,169,150,110,101,77,95,70,51,171,155,148,104,83,84,188,148,124
output_0000616.png,201,188,170,131,117,97,20,15,15,152,152,119,85,90,84,72,58,48,77,75,76,146,139,140,164,100,84
output_0000617.png,47,45,10,139,132,107,185,169,148,156,159,140,113,119,89,101,103,80,97,82,33,80,86,28,163,172,148
output_0000618.png,110,90,55,40,36,19,204,209,198,173,175,160,156,153,129,134,129,109,192,149,119,87,32,5,188,188,140
output_0000619.png,104,90,67,199,176,162,33,21,11,160,154,134,105,32,7,178,183,167,154,122,101,135,140,114,177,171,165
output_0000620.png,23,70,83,200,224,228,65,138,148,96,198,202,49,112,134,4,25,33,65,148,185,89,107,118,6,36,35
output_0000621.png,27,54,81,185,200,221,86,109,143,6,25,35,124,141,176,63,88,116,135,158,184,97,88,118,82,108,123
output_0000622.png,94,113,139,164,175,206,5,15,25,15,39,66,24,53,93,156,162,180,166,174,178,136,148,196,54,64,78
output_0000623.png,109,129,162,24,48,74,41,70,104,64,87,117,66,95,134,58,67,100,148,161,193,154,170,206,139,164,195
output_0000624.png,93,111,147,209,214,232,186,196,224,39,64,98,172,180,215,26,49,76,163,169,198,146,157,193,55,66,101
output_0000625.png,55,70,92,198,199,212,138,144,170,12,22,30,153,159,191,163,172,198,97,111,144,112,126,157,172,148,172
output_0000626.png,52,78,107,7,23,32,185,196,221,122,139,171,141,155,191,90,115,150,109,120,151,143,172,194,7,28,52
output_0000627.png,105,132,166,7,22,30,207,221,238,177,197,223,163,181,213,40,73,92,56,87,109,32,59,76,188,196,224
output_0000628.png,210,218,237,112,106,125,18,31,45,158,169,201,130,139,169,80,84,105,72,70,84,85,103,132,180,164,196
output_0000629.png,210,223,239,88,116,147,174,193,220,15,36,41,146,164,198,160,178,213,36,65,81,34,72,102,18,43,68
output_0000630.png,213,220,239,112,106,125,17,30,42,160,171,203,127,136,167,79,85,106,72,70,84,83,104,136,180,172,196
output_0000631.png,67,97,124,200,215,233,15,34,39,170,189,216,157,175,207,138,157,190,123,148,179,22,43,68,180,180,184
output_0000632.png,123,133,167,39,57,82,23,35,50,63,85,116,56,73,97,57,58,79,106,103,127,160,156,182,94,89,114
output_0000633.png,38,64,90,205,219,236,166,184,213,149,165,200,131,148,179,95,118,153,112,134,167,87,108,134,180,188,214
output_0000634.png,148,166,199,19,37,52,221,231,245,85,102,130,91,116,155,195,212,233,75,70,82,87,85,98,60,100,140
output_0000635.png,190,199,224,81,101,134,14,22,30,143,155,194,156,172,203,45,58,76,24,38,56,127,140,175,36,60,92
output_0000636.png,137,154,189,216,226,242,19,29,40,76,104,141,81,89,112,71,70,81,187,204,228,49,77,109,98,99,133
output_0000637.png,90,106,145,204,211,233,21,37,58,140,149,186,156,167,207,169,182,216,28,46,78,57,67,94,36,60,94
output_0000638.png,30,50,72,135,146,177,193,202,218,92,112,145,4,12,17,140,147,164,149,164,172,84,92,116,84,100,116
output_0000639.png,81,105,142,15,32,50,188,203,229,149,166,206,163,180,215,135,151,189,31,57,86,21,43,77,123,148,187
output_0000640.png,48,68,98,13,22,32,109,122,157,81,101,146,190,193,214,125,137,184,110,103,120,14,27,53,145,164,200
output_0000641.png,85,109,149,13,31,49,189,204,230,140,156,197,63,75,102,163,180,215,33,58,87,156,171,212,20,43,77
output_0000642.png,210,222,240,108,129,164,11,23,35,179,196,225,49,76,109,160,175,208,72,84,108,40,55,82,170,185,220
output_0000643.png,200,209,232,81,100,135,17,28,40,150,162,202,130,141,178,45,60,84,164,180,213,29,43,70,116,140,177
output_0000644.png,49,68,100,11,25,37,181,187,214,130,142,187,90,109,151,116,128,163,111,112,144,147,164,199,13,27,52
output_0000645.png,68,85,118,185,191,217,18,33,48,130,141,179,145,157,198,115,132,172,107,122,165,156,172,205,26,45,77
output_0000646.png,20,27,32,105,123,157,201,212,235,168,180,215,180,187,220,83,81,92,152,164,200,50,58,80,43,69,91
output_0000647.png,62,79,110,15,30,44,184,192,218,142,154,193,123,135,173,101,119,162,155,172,205,108,132,171,20,36,68
output_0000648.png,15,24,33,103,120,155,202,213,237,30,45,74,149,159,196,69,69,84,165,176,214,42,63,92,180,178,224
output_0000649.png,201,210,234,80,97,135,13,26,39,151,162,201,134,145,183,164,180,212,123,140,179,31,42,71,28,52,81
output_0000650.png,188,199,229,133,146,184,18,31,43,99,116,150,72,92,122,60,71,90,88,78,84,108,130,172,142,148,164
output_0000651.png,50,69,100,187,197,226,162,176,212,124,135,171,143,155,195,95,112,151,15,33,48,106,124,163,173,164,190
output_0000652.png,52,69,99,182,189,217,18,27,36,93,111,151,118,130,164,134,145,192,109,113,145,148,164,200,14,27,54
output_0000653.png,95,113,155,210,219,241,17,38,59,172,188,220,164,175,214,147,159,199,36,58,98,57,59,92,180,156,172
output_0000654.png,131,145,188,209,219,241,17,33,51,177,191,224,50,70,107,76,97,141,64,80,117,61,60,97,170,174,233
output_0000655.png,90,110,154,15,35,56,207,216,240,169,182,217,145,157,200,30,54,92,160,170,212,47,58,91,184,164,192
output_0000656.png,77,95,134,202,211,234,15,30,45,128,141,182,147,159,199,115,132,172,40,54,82,163,180,211,26,48,102
output_0000657.png,188,197,225,74,91,124,152,163,203,132,142,177,19,36,57,163,180,213,115,132,170,27,47,77,36,43,76
output_0000658.png,100,116,154,17,33,50,207,215,235,151,162,200,31,47,72,141,150,186,163,180,211,55,60,81,56,66,97
output_0000659.png,65,79,107,209,214,235,35,44,53,108,119,159,102,111,144,128,135,170,146,154,192,115,132,169,156,172,203
output_0000660.png,37,37,36,188,173,152,134,119,110,81,91,108,93,80,77,95,111,117,125,133,159,156,165,152,164,100,108
output_0000661.png,142,127,109,54,50,48,208,203,168,82,76,75,70,50,43,180,172,177,199,172,140,106,78,69,78,61,43
output_0000662.png,112,102,97,217,204,183,23,19,20,59,40,38,162,140,124,80,59,42,179,180,162,145,150,144,135,140,181
output_0000663.png,35,31,31,136,121,107,216,216,197,204,165,128,73,49,34,83,79,79,93,63,39,178,173,163,191,186,180
output_0000664.png,32,31,27,177,190,169,115,127,116,106,90,78,75,82,78,164,145,126,75,98,102,145,149,157,196,164,100
output_0000665.png,138,127,119,33,31,30,208,201,194,69,49,41,76,69,77,89,62,40,103,75,64,174,169,182,176,180,183
output_0000666.png,159,149,142,36,31,25,80,54,34,113,84,48,88,96,103,118,93,83,223,194,170,196,195,204,200,204,203
output_0000667.png,50,72,110,9,25,40,116,130,173,94,113,160,147,160,197,18,35,61,140,147,187,128,143,188,92,116,148
output_0000668.png,159,167,204,39,60,98,187,196,223,197,203,230,55,77,120,81,99,140,95,113,159,112,122,166,68,83,127
output_0000669.png,165,177,210,34,48,79,210,223,238,143,154,191,126,129,164,84,98,141,102,119,159,80,83,112,180,180,212
output_0000670.png,199,208,231,32,53,91,158,166,204,110,116,154,135,141,184,79,96,143,89,109,154,9,30,48,172,156,164
output_0000671.png,111,126,172,18,39,65,207,215,235,43,66,110,159,167,209,176,184,220,147,164,201,180,196,221,63,67,103
output_0000672.png,54,73,109,213,222,239,131,138,174,169,183,214,151,163,202,102,117,161,18,34,54,114,132,175,180,172,204
output_0000673.png,135,143,178,23,37,57,52,69,102,86,102,138,72,87,120,182,185,214,171,180,210,103,100,134,73,65,94
output_0000674.png,189,202,227,38,59,90,133,147,188,236,244,251,105,113,148,149,153,187,116,124,148,92,124,163,156,164,180
output_0000675.png,35,53,73,212,223,237,95,93,114,115,132,163,141,152,181,157,172,200,67,100,131,116,108,116,169,164,180
output_0000676.png,136,151,190,23,37,52,165,175,204,122,125,152,82,105,142,88,93,113,144,148,170,75,78,99,156,140,148
output_0000677.png,71,92,130,194,205,229,152,164,202,128,133,168,11,31,49,163,180,211,22,44,66,26,49,80,115,140,177
output_0000678.png,92,111,151,213,224,241,25,47,75,176,190,222,39,71,114,157,162,194,162,175,213,139,156,197,56,60,100
output_0000679.png,20,31,45,222,233,245,108,112,142,66,76,102,92,91,114,125,139,177,142,159,196,156,148,180,84,100,116
output_0000680.png,25,38,54,181,192,215,134,149,188,126,127,156,73,100,140,155,172,204,94,119,159,65,80,110,164,148,170
output_0000681.png,54,70,98,181,187,220,144,154,196,18,26,34,100,114,154,124,136,176,156,172,210,116,123,166,20,28,52
output_0000682.png,214,151,162,81,41,29,168,84,88,178,168,167,124,106,104,24,8,5,175,142,150,121,89,93,198,76,110
output_0000683.png,45,57,62,228,230,209,128,146,142,103,105,106,168,181,168,160,155,157,159,149,144,113,116,100,92,140,124
output_0000684.png,203,166,138,19,28,38,101,72,63,119,97,75,94,105,114,43,60,78,156,70,52,88,114,163,130,148,146
output_0000685.png,79,84,86,215,210,176,155,145,124,173,187,169,123,139,131,17,20,31,146,163,189,99,114,139,195,84,90
output_0000686.png,203,165,137,20,29,38,113,86,65,109,112,115,46,62,78,159,68,44,138,149,144,91,113,159,76,92,56
output_0000687.png,219,212,176,51,59,66,155,147,130,174,186,169,110,108,102,124,137,128,145,162,188,92,108,139,195,84,97
output_0000688.png,195,159,128,22,32,41,113,92,59,106,111,117,46,61,78,138,149,117,152,62,56,91,115,161,75,92,43
output_0000689.png,224,214,179,47,54,62,178,187,167,158,143,126,120,132,124,109,98,93,146,160,181,87,102,131,199,86,100
output_0000690.png,191,154,122,24,34,42,116,99,56,110,112,116,82,92,37,48,62,78,137,149,154,98,119,163,154,61,28
output_0000691.png,71,80,69,206,195,173,137,128,111,111,131,114,19,30,35,161,175,163,83,104,118,133,151,176,176,85,22
output_0000692.png,195,167,119,39,45,38,140,120,72,93,84,54,103,111,45,161,165,74,194,44,99,87,95,101,156,156,156
output_0000693.png,53,65,58,207,200,177,137,129,112,111,131,115,98,103,89,161,175,164,82,104,120,153,162,164,179,87,36
output_0000694.png,195,167,121,40,45,39,140,120,72,93,84,55,103,111,51,160,165,73,195,56,98,84,91,101,147,149,162
output_0000695.png,53,64,58,206,198,175,137,129,112,111,131,114,98,104,90,161,175,164,82,104,120,154,163,164,172,84,20
output_0000696.png,192,160,112,37,42,34,131,111,60,86,79,49,97,109,31,155,164,78,87,92,93,185,40,89,139,145,152
output_0000697.png,190,184,168,63,75,64,132,102,85,152,168,164,12,16,12,141,155,156,95,114,109,105,124,120,20,36,27
output_0000698.png,139,141,109,16,32,38,214,191,154,93,102,31,68,53,39,106,84,64,75,81,67,175,190,134,160,171,172
output_0000699.png,53,65,53,180,164,147,137,103,86,153,166,157,90,87,73,144,155,148,97,117,105,91,107,100,164,84,72
output_0000700.png,23,34,39,136,114,92,217,191,150,64,71,75,66,45,38,177,175,154,118,95,23,160,150,140,140,145,179
output_0000701.png,179,161,134,9,13,17,78,62,44,84,92,98,53,47,38,29,46,59,122,132,134,58,76,73,124,124,140
output_0000702.png,205,191,175,36,42,42,126,112,83,148,152,160,114,164,133,86,77,62,72,100,111,187,136,23,92,103,74
output_0000703.png,196,186,150,30,39,41,124,114,89,182,160,43,78,73,61,146,156,130,90,100,85,74,92,102,148,156,157
output_0000704.png,42,47,46,172,155,129,101,97,89,83,64,56,117,111,40,232,223,191,139,98,86,202,196,193,223,189,119
output_0000705.png,208,179,161,28,37,38,146,123,104,162,173,157,89,78,66,105,117,102,150,148,161,196,62,60,92,94,104
output_0000706.png,199,212,198,101,106,68,41,55,45,76,77,55,135,177,173,95,128,124,135,124,102,152,146,118,60,108,75
output_0000707.png,237,236,213,119,131,108,81,98,81,170,161,127,109,104,91,112,128,91,178,169,149,179,186,162,92,124,105
output_0000708.png,63,84,58,204,183,137,150,129,97,168,182,110,107,124,119,114,137,77,24,31,29,161,164,167,180,108,97
output_0000709.png,150,159,137,40,49,41,231,219,200,105,106,62,89,67,51,198,223,214,190,214,200,89,115,101,68,124,124
output_0000710.png,116,104,96,235,228,214,182,163,150,205,191,176,160,140,123,251,245,237,140,140,132,180,180,172,184,172,172
output_0000711.png,62,85,71,203,197,181,151,154,136,108,119,103,171,188,149,162,176,182,121,141,127,111,129,136,180,124,140
output_0000712.png,20,33,37,155,160,85,221,227,204,91,65,56,160,172,154,225,188,152,85,102,94,202,212,161,60,108,116
output_0000713.png,201,209,174,30,44,39,106,120,93,93,75,59,159,137,100,153,136,62,238,244,226,167,146,125,68,132,140
output_0000714.png,212,194,151,42,70,38,137,176,150,134,118,90,5,15,18,110,153,133,86,129,112,56,97,92,164,100,90
output_0000715.png,196,208,174,38,59,56,107,127,100,104,83,66,158,133,97,140,154,125,245,248,234,223,200,55,68,124,89
output_0000716.png,192,198,152,138,162,88,16,29,31,117,104,78,64,63,50,74,103,97,182,75,105,39,77,99,86,132,150
output_0000717.png,101,121,56,224,230,204,27,34,30,149,181,159,171,202,171,126,146,126,159,121,92,41,63,49,188,124,104
output_0000718.png,141,146,78,23,35,37,214,206,179,178,200,176,65,59,50,63,85,62,157,178,164,137,155,141,92,99,28
output_0000719.png,31,51,49,221,229,199,99,82,65,105,127,103,150,147,113,143,130,68,152,172,139,146,155,133,60,108,97
output_0000720.png,205,189,138,25,47,38,120,87,57,140,163,84,180,51,20,63,88,65,77,114,80,66,92,95,128,148,148
output_0000721.png,120,132,102,40,60,53,235,240,220,217,220,174,174,172,135,180,207,165,92,69,55,192,173,53,68,164,108
output_0000722.png,97,111,87,202,201,171,12,27,32,154,162,110,35,68,59,145,139,103,60,78,36,170,200,164,156,180,180
output_0000723.png,124,135,105,41,62,55,244,247,230,221,224,180,187,210,170,88,78,60,181,169,133,235,215,47,67,116,95
output_0000724.png,134,147,85,25,44,44,222,169,146,51,80,72,81,110,77,182,187,166,94,111,34,133,88,73,186,204,128
output_0000725.png,83,94,87,201,200,165,14,23,20,185,155,118,135,152,135,32,49,44,146,114,88,145,165,167,55,47,35
output_0000726.png,110,136,121,223,248,236,39,60,62,164,223,200,79,73,68,165,168,141,91,84,68,182,186,189,196,148,136
output_0000727.png,142,162,137,33,44,37,207,223,203,51,93,88,70,82,56,84,98,86,85,130,117,183,208,196,181,212,186
output_0000728.png,134,151,135,232,240,229,24,42,41,172,209,191,59,60,48,67,92,87,95,93,82,70,79,59,153,174,197
output_0000729.png,108,135,116,224,249,236,159,218,191,38,50,50,44,75,78,156,170,133,76,69,59,148,188,180,196,164,133
output_0000730.png,92,106,87,189,198,177,14,28,27,146,183,159,140,150,116,27,47,45,58,61,51,140,157,164,48,46,35
output_0000731.png,162,161,157,37,61,59,228,218,206,94,107,104,199,200,207,81,73,59,100,93,56,68,108,104,203,212,196
output_0000732.png,201,186,166,29,35,22,142,163,145,120,116,98,79,113,87,135,142,153,76,87,88,74,74,57,164,100,74
output_0000733.png,194,191,119,26,27,15,126,163,76,112,116,78,79,101,75,67,63,41,126,134,146,72,80,83,154,85,37
output_0000734.png,220,198,177,42,48,32,155,133,108,110,130,105,159,161,173,173,183,178,109,111,119,103,96,65,190,108,88
output_0000735.png,208,191,174,27,38,36,132,123,115,151,169,172,134,153,159,93,114,122,76,93,106,73,73,65,172,100,92
output_0000736.png,88,85,78,210,182,148,142,126,116,17,17,16,38,34,32,120,125,115,116,112,125,170,173,156,166,159,172
output_0000737.png,166,136,112,25,34,41,123,122,122,107,87,78,66,81,90,104,107,116,65,55,53,53,68,84,140,76,60
output_0000738.png,170,132,115,27,22,22,115,92,72,55,68,79,108,112,129,76,70,48,133,136,154,52,62,51,84,93,62
output_0000739.png,228,197,146,22,28,31,109,83,69,128,121,118,168,46,36,46,62,80,61,62,54,138,148,138,73,93,94
output_0000740.png,193,156,109,31,30,23,250,238,231,106,98,77,85,61,39,248,224,155,149,102,67,160,106,36,68,108,92
output_0000741.png,40,34,30,93,75,59,120,94,78,74,69,65,7,7,13,105,98,101,71,56,47,106,100,91,60,58,70
output_0000742.png,82,75,72,225,196,100,13,18,34,136,110,86,90,99,122,41,26,37,124,138,169,112,125,142,161,173,184
output_0000743.png,44,42,35,155,136,124,220,210,187,86,77,76,207,178,131,83,46,25,132,83,18,116,81,67,187,179,192
output_0000744.png,171,155,149,18,20,24,107,92,86,77,88,96,67,62,62,132,136,151,130,150,148,49,60,64,70,75,92
output_0000745.png,197,194,186,29,34,36,113,91,82,138,164,177,79,64,59,81,104,121,66,88,108,112,141,164,159,82,90
output_0000746.png,24,33,44,209,206,203,131,122,124,90,83,84,87,96,112,103,111,123,149,153,165,155,165,173,164,124,132
output_0000747.png,30,32,33,159,171,161,61,69,70,88,77,78,87,97,101,73,80,94,46,58,70,100,114,141,126,122,130
output_0000748.png,41,37,39,185,179,168,131,129,120,100,112,111,92,81,72,146,166,159,67,82,82,91,95,112,148,152,167
output_0000749.png,4,4,8,101,107,109,65,63,58,29,31,32,44,37,33,14,38,52,77,84,92,84,82,83,7,20,36
output_0000750.png,120,102,79,16,28,28,174,151,122,58,60,51,47,42,34,80,64,51,149,156,136,128,135,126,80,56,27
output_0000751.png,151,136,114,109,107,96,18,16,18,88,61,45,59,41,31,62,62,58,96,91,92,124,68,55,57,52,60
output_0000752.png,119,101,79,19,29,29,191,168,139,65,63,53,54,43,37,166,175,148,158,144,116,157,161,148,63,53,27
output_0000753.png,32,31,29,188,165,130,130,108,88,140,157,168,95,92,79,84,73,57,111,127,138,78,79,80,164,124,84
output_0000754.png,171,162,147,130,142,142,122,90,69,24,23,23,100,119,127,86,100,102,84,60,46,63,77,82,52,63,62
output_0000755.png,217,213,209,137,141,167,84,105,142,15,27,41,149,158,194,176,183,208,70,84,104,190,124,152,85,100,107
output_0000756.png,191,171,188,91,101,142,39,25,35,136,139,178,51,67,98,114,96,100,95,94,102,152,158,192,81,36,44
output_0000757.png,56,40,42,119,110,161,169,142,164,113,82,87,78,71,108,16,14,23,148,107,92,88,76,77,140,124,126
output_0000758.png,197,175,181,49,36,39,124,120,170,141,106,108,97,69,65,88,83,123,103,102,142,163,156,197,81,68,70
output_0000759.png,168,132,144,30,20,25,102,106,152,107,74,83,73,71,103,43,41,58,78,60,67,81,76,68,132,124,132
output_0000760.png,90,91,90,204,193,192,188,153,149,155,147,148,41,49,49,36,41,34,131,130,140,130,140,138,170,180,168
output_0000761.png,197,176,173,24,29,32,106,93,87,130,156,162,119,132,152,68,53,48,79,101,103,61,79,95,170,69,84
output_0000762.png,191,176,168,18,22,27,104,95,91,131,156,159,54,67,71,120,135,153,73,94,103,63,81,93,153,71,26
output_0000763.png,190,175,175,25,29,33,106,96,92,130,154,166,118,133,153,67,55,50,79,98,111,62,79,95,148,76,68
output_0000764.png,189,181,176,18,20,24,103,97,94,132,153,159,70,89,97,46,60,69,122,136,151,55,74,93,157,74,32
output_0000765.png,154,156,147,17,17,18,103,97,88,130,134,127,68,79,80,58,57,52,57,67,76,125,124,132,142,66,64
output_0000766.png,213,188,164,110,89,66,34,39,39,171,144,127,160,123,104,184,185,174,177,163,165,66,43,34,148,132,107
output_0000767.png,71,71,71,240,237,226,184,175,163,163,157,151,186,183,183,140,126,114,144,137,134,121,118,115,222,196,156
output_0000768.png,151,133,121,37,44,45,73,58,55,88,81,80,196,185,174,198,162,128,86,70,59,187,180,163,59,76,72
output_0000769.png,237,232,221,65,64,61,151,135,118,185,174,156,117,103,92,131,124,107,181,181,177,126,127,128,197,152,113
output_0000770.png,183,160,141,33,38,38,128,106,99,139,137,130,127,123,124,83,69,68,95,97,94,90,79,84,164,100,86
output_0000771.png,237,232,221,89,82,75,157,141,122,184,175,158,136,126,109,38,43,45,196,140,106,168,164,172,124,114,126
output_0000772.png,189,155,131,42,42,39,134,99,89,161,152,148,94,70,71,146,138,135,95,103,96,103,81,92,172,108,100
output_0000773.png,237,231,220,89,81,74,157,140,122,185,174,156,136,126,108,36,40,41,168,164,172,122,116,124,196,132,100
output_0000774.png,184,150,126,43,41,39,152,145,147,130,96,88,98,76,87,133,128,130,91,68,65,85,94,90,164,108,96
output_0000775.png,236,230,219,90,82,74,157,140,122,136,126,108,185,174,156,37,41,43,180,179,176,134,131,129,201,154,111
output_0000776.png,219,208,191,95,90,87,25,30,28,163,151,137,63,54,42,53,43,38,137,140,135,179,180,167,168,166,183
output_0000777.png,232,225,212,58,57,54,151,136,117,117,105,92,131,124,107,179,172,155,125,114,116,173,164,164,188,132,100
output_0000778.png,139,124,110,205,188,169,33,39,37,171,162,156,72,70,66,179,172,161,57,50,46,101,79,72,92,64,35
output_0000779.png,195,158,135,33,39,37,154,123,106,103,77,70,106,113,111,164,155,156,171,164,160,104,92,100,180,100,100
output_0000780.png,138,119,105,205,183,159,36,40,39,172,162,156,74,70,66,179,172,161,62,51,47,97,73,62,100,65,35
output_0000781.png,117,113,109,232,227,218,42,51,52,172,160,149,66,57,56,83,73,58,174,173,195,186,188,195,196,140,108
output_0000782.png,230,224,215,51,54,56,106,105,107,156,150,149,139,126,125,85,74,75,153,141,129,98,86,75,76,116,98
output_0000783.png,34,42,40,193,184,170,125,113,105,83,79,72,148,148,140,98,101,93,95,91,92,147,140,140,156,116,95
output_0000784.png,115,131,138,36,40,33,75,67,47,187,194,192,49,66,67,80,79,71,110,100,80,175,177,169,164,180,170
output_0000785.png,86,102,103,133,144,143,182,187,178,29,34,31,139,156,164,114,133,134,32,53,55,64,51,54,153,172,163
output_0000786.png,182,175,168,21,32,37,89,106,113,100,93,80,120,157,138,42,65,81,95,135,159,65,99,85,59,69,63
output_0000787.png,15,28,39,78,101,113,141,156,159,103,121,133,52,79,96,110,114,110,41,69,82,72,77,73,113,132,124
output_0000788.png,108,120,121,228,231,231,24,25,18,73,65,41,51,39,25,67,72,68,156,144,129,165,186,189,152,169,180
output_0000789.png,225,224,229,44,45,34,138,145,143,97,110,112,160,172,175,155,163,172,111,127,129,75,96,93,98,95,81
output_0000790.png,39,39,34,187,196,207,91,110,108,116,126,125,129,136,159,143,159,171,79,73,70,60,79,77,78,89,103
output_0000791.png,189,173,121,36,27,29,115,96,67,143,153,152,81,99,107,82,64,46,105,124,157,59,63,61,44,76,103
output_0000792.png,174,187,193,39,60,53,95,117,120,85,74,54,236,241,243,110,99,73,130,126,119,141,144,127,68,132,168
output_0000793.png,216,224,228,160,179,192,27,40,32,135,156,174,138,134,121,100,125,135,89,81,66,78,103,111,180,116,100
output_0000794.png,229,232,229,140,153,168,167,179,185,132,139,128,22,34,28,102,120,117,78,76,58,57,81,111,156,172,140
output_0000795.png,217,225,229,160,179,193,31,44,36,136,156,173,139,134,121,100,125,136,94,85,71,77,104,116,180,124,112
output_0000796.png,200,206,208,149,163,167,23,37,32,121,131,123,123,138,162,70,70,52,85,108,111,47,71,104,164,124,116
output_0000797.png,218,226,230,32,45,36,145,164,181,165,183,197,137,137,129,105,131,143,94,86,72,86,110,121,184,124,120
output_0000798.png,31,37,38,185,198,198,113,132,134,141,168,165,90,103,112,72,90,90,57,69,80,132,153,166,106,89,89
output_0000799.png,52,53,55,201,216,214,156,177,178,145,156,168,132,144,149,108,130,136,99,111,121,94,97,95,82,96,97
output_0000800.png,194,209,206,34,36,33,139,161,161,83,106,110,109,126,128,81,79,70,125,145,159,62,80,81,69,89,101
output_0000801.png,202,218,215,71,75,72,156,177,177,133,150,150,107,132,133,19,21,22,144,159,176,99,115,128,37,27,27
output_0000802.png,211,234,221,38,42,40,132,177,172,87,128,125,73,92,83,112,135,126,69,103,110,82,67,54,113,153,166
output_0000803.png,64,75,69,19,20,15,212,218,224,118,126,128,146,173,184,33,38,27,95,118,127,86,105,118,128,147,170
output_0000804.png,196,220,209,38,44,39,105,139,137,145,180,171,78,109,114,127,160,167,75,96,90,80,76,61,113,93,78
output_0000805.png,168,184,186,131,145,144,93,93,87,7,6,5,62,76,77,105,123,133,53,46,36,46,59,70,148,116,84
output_0000806.png,49,48,40,180,151,117,123,97,71,9,15,17,92,73,50,75,79,85,115,119,126,93,101,107,144,141,124
output_0000807.png,22,34,33,179,175,151,114,111,95,103,82,61,66,74,56,132,164,141,113,141,141,80,83,94,148,84,78
output_0000808.png,214,207,198,32,32,23,118,97,83,77,62,49,128,171,132,85,96,81,166,40,39,139,133,150,84,81,94
output_0000809.png,180,174,158,18,27,28,104,86,70,65,64,51,132,157,133,75,92,80,74,77,84,148,84,84,140,140,140
output_0000810.png,41,40,30,221,214,186,128,94,64,92,72,52,179,75,16,103,103,95,154,158,139,95,91,93,147,145,149
output_0000811.png,40,43,33,200,174,165,124,102,87,85,70,52,151,142,150,92,92,97,150,159,142,178,69,87,95,110,99
output_0000812.png,95,65,34,196,146,109,28,25,26,160,129,102,116,102,94,159,110,77,172,154,135,179,164,142,58,24,23
output_0000813.png,191,160,133,26,23,21,140,112,94,91,69,48,158,142,128,110,95,83,71,63,54,98,82,84,144,131,132
output_0000814.png,22,19,20,184,185,157,113,155,150,56,47,30,98,92,57,56,92,79,35,55,53,80,108,154,34,58,93
output_0000815.png,192,190,158,42,31,13,124,119,99,155,156,128,148,146,124,78,55,17,98,102,88,83,86,76,164,124,96
output_0000816.png,209,196,172,33,39,41,132,118,91,87,76,58,73,83,93,99,100,80,156,156,120,156,141,140,164,116,86
output_0000817.png,74,75,90,234,231,219,160,158,161,183,180,175,136,136,140,121,115,122,125,122,140,196,164,148,170,168,188
output_0000818.png,252,252,248,252,252,236,252,252,228,244,250,250,252,256,248,252,256,248,252,256,248,252,256,248,252,256,248
output_0000819.png,64,95,107,231,224,207,94,102,107,113,132,135,143,136,105,149,149,147,167,143,55,168,174,174,196,182,146
output_0000820.png,199,180,171,113,105,98,15,23,22,141,150,153,74,102,109,62,54,44,130,137,149,59,79,89,175,69,55
output_0000821.png,21,26,18,202,177,115,91,56,17,175,41,8,103,106,75,65,66,40,118,152,154,98,130,147,55,79,86
output_0000822.png,163,132,79,97,73,32,11,16,14,53,62,51,52,32,13,46,68,80,64,85,78,126,144,152,97,100,148
output_0000823.png,162,114,33,90,113,91,15,21,17,83,77,44,66,94,86,53,74,58,57,46,23,35,48,34,38,57,53
output_0000824.png,22,39,40,222,222,204,111,85,39,113,143,160,162,181,182,189,169,126,100,98,120,60,59,170,160,148,168
output_0000825.png,138,140,115,21,34,28,202,167,106,119,77,24,62,46,17,172,182,150,70,85,73,128,84,64,158,165,168
output_0000826.png,156,102,22,10,13,7,95,51,14,187,149,70,53,34,10,61,79,57,92,106,116,44,61,64,108,135,114
output_0000827.png,16,34,38,234,232,214,100,88,47,117,142,148,173,195,200,138,131,70,180,172,135,161,162,162,76,132,124
output_0000828.png,216,180,154,33,62,77,146,144,138,96,125,144,150,181,188,213,200,39,162,181,167,107,125,119,91,91,23
output_0000829.png,226,232,219,138,166,174,10,29,35,91,128,154,111,90,47,66,60,35,66,104,120,52,71,101,180,116,6
output_0000830.png,239,238,224,64,100,118,159,157,131,117,133,119,177,192,160,217,182,102,124,151,136,166,192,199,90,97,63
output_0000831.png,60,64,53,197,195,211,77,86,99,117,112,118,131,133,150,102,90,98,158,151,159,149,138,151,162,90,57
output_0000832.png,89,83,57,204,203,201,14,24,33,140,137,129,131,143,180,168,175,179,147,134,99,46,35,25,180,116,132
output_0000833.png,160,150,123,42,50,53,217,213,217,91,89,78,72,64,60,114,104,71,209,197,171,205,182,153,86,74,41
output_0000834.png,42,45,39,167,161,167,62,75,75,92,95,92,213,200,205,109,114,122,90,74,73,224,216,224,205,200,220
output_0000835.png,202,195,197,42,48,48,135,119,101,135,145,173,101,94,82,81,94,126,112,127,92,158,175,171,77,92,101
output_0000836.png,35,44,42,163,157,164,215,202,208,76,77,65,85,93,91,82,63,52,196,191,213,127,104,95,203,204,218
output_0000837.png,204,174,171,27,34,35,137,111,109,99,90,73,78,78,69,110,119,136,96,101,115,149,152,171,156,177,177
output_0000838.png,216,212,216,48,55,51,140,137,137,100,100,100,79,94,94,111,111,125,112,125,124,161,161,172,161,172,173
output_0000839.png,218,211,209,46,48,46,170,166,170,144,140,139,100,106,120,103,87,76,164,164,155,119,117,98,188,140,100
output_0000840.png,36,44,44,188,148,141,113,91,83,114,122,157,82,65,57,70,81,89,79,93,122,148,140,136,92,100,100
output_0000841.png,213,207,212,30,36,32,135,129,129,103,110,112,89,95,106,86,82,73,157,151,166,163,164,168,180,100,80
output_0000842.png,97,101,107,27,52,67,93,35,18,170,164,165,156,147,148,185,172,179,134,133,148,161,166,182,72,44,60
output_0000843.png,41,46,44,144,131,129,196,184,187,169,165,174,158,152,166,101,82,70,86,99,120,117,120,127,180,100,102
output_0000844.png,149,142,140,218,206,207,20,27,26,78,49,32,85,87,78,94,76,49,184,175,188,111,86,81,187,188,192
output_0000845.png,176,172,161,12,21,23,118,115,103,139,140,127,61,65,61,75,84,78,148,124,108,58,69,93,124,132,140
output_0000846.png,34,46,46,199,178,178,110,82,71,136,141,176,81,60,51,110,112,127,69,85,93,89,108,108,142,156,153
output_0000847.png,11,23,25,167,163,153,204,204,187,85,83,59,218,211,199,98,99,89,77,76,76,203,200,196,52,68,92
output_0000848.png,159,149,151,26,28,24,213,206,211,117,123,120,175,168,181,96,89,78,103,103,112,180,180,184,188,132,92
output_0000849.png,66,75,94,153,143,146,119,98,86,18,38,59,132,132,132,100,108,123,90,74,60,124,124,140,36,44,75
output_0000850.png,218,205,206,62,64,68,132,119,126,13,23,25,100,100,118,151,147,165,107,116,122,153,164,176,30,19,20
output_0000851.png,205,190,189,26,33,36,123,106,111,79,75,80,86,87,106,134,133,163,96,101,116,153,157,175,165,116,110
output_0000852.png,202,191,194,24,29,31,118,109,117,76,74,77,85,89,104,143,140,158,90,100,111,145,158,169,156,108,124
output_0000853.png,44,53,57,202,191,185,138,126,128,102,93,92,97,105,130,160,151,178,81,92,103,114,124,134,161,172,173
output_0000854.png,128,122,119,10,16,15,63,64,54,83,92,85,40,56,48,37,31,25,59,78,95,29,44,52,92,60,44
output_0000855.png,53,62,63,217,205,199,130,121,123,6,12,14,98,102,116,154,149,164,156,167,154,100,116,112,164,116,84
output_0000856.png,195,175,169,22,23,23,65,80,101,127,106,96,82,69,56,93,102,112,148,139,140,156,108,108,148,148,140
output_0000857.png,65,58,50,129,111,105,181,162,160,15,19,14,102,97,101,105,108,105,29,19,14,156,156,156,154,147,156
output_0000858.png,144,134,125,78,74,68,8,16,15,106,109,110,48,47,40,52,59,61,91,97,101,55,69,69,116,68,49
output_0000859.png,225,207,201,26,32,33,118,101,103,73,85,108,79,62,55,89,93,82,156,108,101,139,135,156,148,148,160
output_0000860.png,19,23,22,101,96,95,156,135,142,66,64,57,72,79,91,122,122,146,50,61,57,83,92,95,136,148,160
output_0000861.png,197,185,177,18,22,20,108,100,106,80,84,89,69,61,57,136,127,148,73,74,86,138,148,140,148,92,68
output_0000862.png,67,69,74,191,181,175,135,130,139,13,16,16,132,113,102,106,116,114,156,165,161,164,108,120,156,156,172
output_0000863.png,141,128,125,20,21,22,102,91,87,61,53,49,72,77,80,62,67,76,123,115,124,41,53,55,123,124,121
output_0000864.png,161,155,169,109,119,147,18,26,25,90,79,72,59,51,39,53,69,83,115,116,115,65,76,68,132,100,84
output_0000865.png,72,80,90,155,121,111,32,48,58,41,33,26,122,100,93,106,108,111,131,132,130,126,121,132,44,36,44
output_0000866.png,99,111,137,161,155,169,19,26,24,83,81,81,132,126,124,62,78,87,58,48,36,52,65,72,116,116,108
output_0000867.png,64,71,76,191,176,172,127,123,132,131,108,96,9,12,10,135,177,164,144,150,175,99,118,107,180,76,76
output_0000868.png,36,38,35,162,159,153,118,105,98,86,71,61,97,101,101,147,147,148,85,89,97,148,156,148,156,132,128
output_0000869.png,32,41,36,222,207,198,137,121,117,155,148,143,94,100,113,65,76,83,91,83,77,101,100,98,151,135,156
output_0000870.png,198,188,190,58,66,70,128,115,115,8,12,9,151,150,166,32,32,23,92,99,117,136,177,167,80,129,116
output_0000871.png,149,146,162,187,175,185,22,26,23,118,101,101,69,86,111,81,62,53,136,132,131,97,84,74,172,140,132
output_0000872.png,57,51,50,123,111,115,91,95,115,13,19,22,75,78,90,94,74,69,78,76,74,104,101,97,28,22,20
output_0000873.png,165,160,171,19,26,25,113,124,147,99,87,78,61,50,35,66,80,91,44,64,78,132,96,68,118,124,113
output_0000874.png,194,176,175,140,128,133,33,39,33,99,105,124,95,88,87,66,76,86,163,156,164,113,108,101,158,147,172
output_0000875.png,63,62,53,133,125,119,212,212,203,15,30,33,90,94,102,105,109,104,133,188,165,128,140,168,41,18,30
output_0000876.png,163,132,130,18,27,27,116,93,86,84,92,99,74,58,46,106,112,127,54,71,80,137,133,137,148,92,92
output_0000877.png,33,36,37,176,152,145,111,97,95,82,92,98,125,132,144,81,71,66,59,73,74,83,92,83,123,132,131
output_0000878.png,149,146,163,187,175,186,23,26,24,117,102,101,70,87,111,81,62,52,136,132,131,95,84,74,172,140,140
output_0000879.png,70,74,81,167,139,129,106,114,132,127,103,98,19,19,17,57,44,31,99,109,120,143,134,136,24,44,55
output_0000880.png,153,150,168,189,176,187,23,27,24,118,102,100,83,91,105,80,62,53,138,132,131,96,84,73,172,130,124
output_0000881.png,75,81,89,183,162,150,134,100,92,37,31,25,23,40,49,37,36,44,164,164,164,148,156,156,116,124,124
output_0000882.png,165,156,168,24,31,31,99,84,79,127,129,150,66,51,38,63,74,88,127,124,124,71,76,74,140,116,116
output_0000883.png,71,82,93,20,23,22,54,41,31,169,141,134,81,64,52,121,93,85,131,132,131,38,36,44,127,128,140
output_0000884.png,173,163,173,22,27,26,117,120,139,104,97,99,68,52,41,54,68,81,77,87,98,134,124,116,148,116,84
output_0000885.png,36,33,30,108,89,84,145,120,120,119,113,117,129,124,121,74,56,48,66,69,81,82,84,89,58,61,57
output_0000886.png,174,163,174,16,22,20,132,133,152,96,85,82,61,51,41,67,76,84,127,124,123,72,76,66,148,132,132
output_0000887.png,86,96,110,170,135,124,37,29,23,29,50,64,79,65,59,135,104,98,52,43,45,146,140,143,144,132,148
output_0000888.png,172,161,170,12,19,18,113,113,121,85,94,113,85,85,87,49,47,41,60,72,80,42,59,71,132,116,123
output_0000889.png,85,96,110,168,133,122,34,28,22,82,66,59,27,49,64,132,104,98,52,43,46,139,132,132,115,123,140
output_0000890.png,171,157,165,15,21,19,98,92,96,124,125,156,49,56,57,130,124,128,62,72,88,67,76,70,140,117,116
output_0000891.png,27,33,28,191,182,187,121,121,134,68,84,108,62,71,78,38,65,99,155,156,166,156,156,180,52,52,60
output_0000892.png,135,140,167,181,173,187,15,21,18,76,97,125,118,116,129,147,143,145,73,61,51,83,85,81,164,156,148
output_0000893.png,71,59,55,109,104,116,141,125,133,175,159,173,161,147,164,22,23,22,114,108,99,36,19,20,160,156,156
output_0000894.png,27,37,33,218,203,197,127,118,120,90,97,107,79,75,71,99,100,91,148,148,152,148,140,156,156,100,68
output_0000895.png,20,30,31,117,108,112,189,179,179,70,69,68,80,89,103,88,101,111,131,137,161,128,180,162,156,68,60
output_0000896.png,40,38,34,152,141,134,117,103,96,139,132,124,98,93,88,89,73,63,71,71,67,133,123,132,81,81,93
output_0000897.png,112,121,151,168,160,177,14,21,21,107,94,93,57,75,97,67,52,40,127,124,123,82,76,65,150,98,78
output_0000898.png,35,33,29,99,78,65,134,105,96,75,58,45,83,84,81,77,75,76,56,61,60,111,107,108,116,116,114
output_0000899.png,33,39,33,132,121,124,222,207,201,92,79,71,96,101,115,61,71,82,98,100,98,156,148,154,150,137,156
output_0000900.png,16,30,38,216,226,212,110,104,109,83,85,87,97,98,108,56,68,71,133,198,175,76,123,119,113,137,175
output_0000901.png,144,142,158,172,163,172,28,31,28,106,106,111,81,84,91,95,74,64,137,113,109,67,69,67,158,156,148
output_0000902.png,72,83,96,29,25,20,161,134,126,115,96,92,23,42,54,83,62,50,107,112,132,127,124,126,38,36,44
output_0000903.png,215,214,212,45,55,50,145,145,141,107,119,123,159,165,174,120,135,135,107,101,86,82,105,101,168,180,184
output_0000904.png,137,128,99,204,188,159,28,35,28,81,44,14,183,190,163,74,80,63,102,80,59,103,63,30,171,176,173
output_0000905.png,47,53,52,224,204,198,158,140,141,109,104,103,120,114,124,128,125,121,178,163,172,178,172,166,188,140,119
output_0000906.png,189,169,152,21,29,28,112,96,85,69,55,47,77,86,87,162,133,55,130,128,143,67,75,85,138,140,106
output_0000907.png,30,37,35,227,206,199,154,134,128,117,104,95,125,126,105,120,113,118,179,172,175,172,160,174,188,140,118
output_0000908.png,198,178,166,125,107,94,21,30,29,74,70,64,88,93,79,155,156,124,154,142,149,82,83,92,165,84,65
output_0000909.png,234,220,218,19,27,26,126,109,103,93,90,92,169,156,159,86,73,65,105,100,100,159,147,156,180,116,94
output_0000910.png,225,161,112,16,26,13,115,86,64,63,54,39,68,71,71,79,85,79,165,71,24,148,132,110,137,121,124
output_0000911.png,154,117,95,15,21,20,99,85,74,57,55,48,117,137,150,95,113,140,63,80,88,43,59,82,41,52,55
output_0000912.png,192,176,176,26,29,32,129,94,87,82,72,71,150,142,158,84,87,103,98,101,101,155,156,164,173,80,57
output_0000913.png,13,15,14,151,132,115,80,53,29,228,213,198,101,71,38,79,75,70,109,89,78,187,180,164,184,172,172
output_0000914.png,201,195,199,27,28,26,111,85,83,68,57,51,130,154,173,113,131,154,74,100,113,172,62,41,61,79,96
output_0000915.png,43,32,20,208,165,125,149,108,72,112,79,46,111,94,86,167,168,148,119,110,96,163,154,149,180,100,18
output_0000916.png,91,86,86,199,176,170,163,142,139,35,38,37,115,138,114,73,64,41,61,40,34,175,183,168,176,164,183
output_0000917.png,195,176,165,92,88,88,24,29,31,159,143,137,46,43,45,86,72,39,138,132,128,169,162,172,171,172,164
output_0000918.png,86,79,79,198,174,162,153,132,125,13,18,20,117,124,137,110,114,137,164,159,172,180,124,100,169,172,169
output_0000919.png,197,170,163,16,23,26,115,91,77,66,58,52,84,108,163,62,77,107,144,149,164,78,93,101,172,84,68
output_0000920.png,203,184,158,21,23,19,115,87,76,139,137,143,68,61,52,147,148,149,79,93,94,73,82,86,172,61,41
output_0000921.png,178,114,92,243,201,131,196,128,120,251,247,237,249,227,168,232,177,162,251,229,195,214,148,148,204,161,156
output_0000922.png,202,119,54,42,33,23,149,72,35,106,107,101,108,60,27,137,132,124,244,197,119,80,81,78,172,152,140
output_0000923.png,251,248,218,122,71,55,246,211,133,215,144,81,65,38,31,176,128,124,172,102,69,166,129,62,148,118,174
output_0000924.png,138,125,134,207,175,159,32,39,43,102,97,103,68,82,97,112,113,128,112,117,109,160,164,158,164,154,172
output_0000925.png,188,132,103,39,23,24,91,56,57,251,250,228,251,233,161,121,82,79,241,192,129,169,111,42,68,68,38
output_0000926.png,245,202,95,171,111,36,251,238,225,251,234,144,207,144,62,207,140,29,251,236,123,237,176,58,180,132,81
output_0000927.png,244,222,159,34,26,27,127,90,55,84,58,50,176,104,31,95,94,68,155,151,79,79,81,93,151,136,153
output_0000928.png,230,205,173,30,23,21,149,64,33,186,147,121,137,105,99,82,54,38,219,150,85,180,158,161,60,68,62
output_0000929.png,33,36,33,186,158,116,135,114,89,86,115,94,91,82,70,152,165,131,100,97,101,153,150,159,168,70,54
output_0000930.png,165,127,96,104,82,66,14,12,9,62,44,28,70,80,81,129,134,140,58,66,70,122,121,133,140,68,12
output_0000931.png,198,178,163,22,30,30,123,109,105,79,73,70,90,93,94,146,150,145,85,84,92,147,139,148,172,84,44
output_0000932.png,191,170,155,142,141,148,119,96,86,19,26,25,155,156,157,71,60,51,84,95,103,64,76,93,186,55,46
output_0000933.png,214,154,64,19,15,12,118,76,29,69,47,27,79,80,48,145,141,86,156,67,4,146,131,140,70,67,76
output_0000934.png,169,139,89,21,27,29,96,112,114,64,88,102,53,75,82,112,73,39,36,57,71,129,144,158,138,157,161
output_0000935.png,180,149,136,25,31,28,112,92,86,69,59,52,83,92,47,149,84,47,82,83,93,132,130,153,94,184,122
output_0000936.png,173,140,129,29,36,39,114,86,73,138,152,131,130,134,152,52,65,79,79,97,108,159,59,67,63,82,102
output_0000937.png,197,180,164,27,36,40,124,111,105,78,76,76,121,185,109,86,103,94,87,90,100,144,144,156,156,100,88
output_0000938.png,201,182,170,30,34,33,141,119,114,100,105,99,88,67,58,152,140,158,157,159,143,180,66,35,93,89,102
output_0000939.png,27,36,43,176,152,141,108,57,54,121,111,106,71,73,73,96,90,101,56,59,76,140,144,156,140,156,156
output_0000940.png,189,166,147,18,25,26,112,101,91,70,67,62,100,163,121,77,96,84,77,81,94,148,54,28,137,136,148
output_0000941.png,208,194,184,18,24,27,108,104,108,141,91,78,106,73,63,58,67,71,76,82,93,132,148,145,128,129,148
output_0000942.png,8,13,14,157,137,96,92,87,69,43,51,44,59,76,70,124,132,128,57,67,76,132,92,20,124,124,132
output_0000943.png,208,193,174,22,29,27,124,114,102,78,78,69,140,161,140,88,102,92,83,88,94,184,81,40,151,144,156
output_0000944.png,186,161,153,20,30,31,110,101,101,69,69,69,74,81,93,82,92,93,140,132,148,152,92,84,140,150,144
output_0000945.png,201,172,175,27,32,31,150,129,135,108,104,113,98,84,81,121,116,122,171,154,164,138,203,148,180,124,121
output_0000946.png,15,25,26,191,161,137,130,105,67,75,88,108,89,69,58,98,101,100,99,117,160,164,100,83,156,156,168
output_0000947.png,191,164,158,24,31,31,120,104,98,79,76,71,91,100,89,90,91,100,145,156,156,156,84,64,140,148,156
output_0000948.png,197,186,176,119,117,118,19,25,27,85,97,106,71,65,63,108,125,156,72,82,93,161,71,54,148,156,153
output_0000949.png,209,183,190,19,30,38,123,112,118,72,73,72,152,138,157,84,89,102,90,100,108,152,156,135,164,124,120
output_0000950.png,120,103,124,227,217,231,198,176,199,173,154,175,184,168,196,76,59,76,65,56,70,154,149,159,82,71,74
output_0000951.png,168,146,141,9,18,20,96,81,75,113,132,174,53,47,41,169,83,13,67,76,72,52,63,77,124,124,116
output_0000952.png,35,41,41,119,89,88,183,163,146,85,70,71,93,92,102,61,70,79,97,100,79,146,152,158,145,156,142
output_0000953.png,182,160,152,107,96,93,10,18,21,128,145,188,55,49,41,118,130,164,74,84,90,66,74,88,152,65,4
output_0000954.png,53,63,67,173,152,132,134,114,104,91,90,93,7,10,10,105,108,115,87,98,122,148,142,156,156,156,154
output_0000955.png,191,172,164,8,16,19,104,89,83,129,141,175,126,120,126,54,47,39,71,78,80,169,74,4,52,63,77
output_0000956.png,22,27,30,208,187,172,114,79,69,81,56,52,66,77,95,143,138,149,178,76,46,89,100,108,148,156,147
output_0000957.png,144,125,111,7,14,17,86,94,113,85,82,63,12,46,75,113,116,131,55,72,76,43,48,32,124,68,44
output_0000958.png,216,206,183,15,25,25,105,105,86,87,102,176,38,62,107,51,66,65,80,80,63,113,160,188,144,90,82
output_0000959.png,149,150,185,9,18,24,65,77,119,129,122,139,75,65,75,25,44,79,64,91,160,54,80,61,112,125,144
output_0000960.png,201,191,182,23,30,33,114,118,155,65,79,99,81,96,116,118,121,118,71,74,65,147,148,130,180,155,108
output_0000961.png,88,72,66,48,39,22,6,9,14,4,25,54,4,19,41,7,34,68,68,36,30,60,68,61,28,44,53
output_0000962.png,15,21,26,99,64,54,154,156,143,60,50,49,64,91,85,36,56,61,100,148,117,126,127,133,60,73,85
output_0000963.png,188,200,199,21,25,27,137,164,180,108,137,162,110,116,115,80,109,128,77,70,61,53,85,109,47,72,85
output_0000964.png,213,225,220,46,47,31,137,133,117,158,171,166,100,93,74,114,118,105,83,84,67,151,155,156,107,107,101
output_0000965.png,51,52,23,212,206,190,132,123,97,92,86,56,137,142,157,85,96,99,151,167,155,105,118,97,166,116,68
output_0000966.png,173,178,158,86,73,57,36,38,33,240,234,228,105,113,107,225,219,192,95,92,75,130,116,108,68,108,92
output_0000967.png,28,38,33,225,222,208,95,75,36,112,121,110,161,145,108,117,104,64,176,171,146,147,146,137,68,108,108
output_0000968.png,177,174,147,36,45,36,79,73,52,236,229,216,90,87,61,101,102,92,224,214,185,129,118,107,68,100,116
output_0000969.png,57,62,61,215,221,224,168,175,178,147,151,153,159,164,172,103,106,107,117,126,130,107,115,124,180,164,164
output_0000970.png,22,24,22,152,163,167,220,226,229,91,104,109,72,70,67,203,212,214,197,203,212,114,110,110,81,84,75
output_0000971.png,134,142,143,198,205,205,50,51,48,86,85,84,86,103,106,179,194,196,57,73,75,179,196,188,75,67,69
output_0000972.png,25,37,30,109,111,70,171,168,122,73,80,55,96,86,61,64,63,45,131,145,151,74,86,95,137,156,125
output_0000973.png,201,194,210,18,28,30,128,127,163,113,105,118,68,70,73,74,85,109,128,168,173,84,104,121,167,76,57
output_0000974.png,152,141,171,16,24,24,93,95,111,149,116,120,94,70,55,49,61,67,59,51,45,68,84,83,118,132,136
output_0000975.png,75,91,137,100,119,199,19,14,13,182,149,148,67,61,65,126,116,133,19,47,96,41,35,55,140,140,156
output_0000976.png,201,196,132,23,46,46,127,132,87,75,92,67,100,107,72,156,148,98,146,165,104,74,92,100,124,132,156
output_0000977.png,30,33,42,183,173,141,117,112,94,60,73,70,100,126,174,101,86,70,52,72,88,55,82,117,136,158,202
output_0000978.png,192,178,169,37,39,38,132,123,125,92,94,105,92,83,75,105,109,118,150,149,156,69,78,82,156,164,157
output_0000979.png,18,23,27,177,157,145,102,91,95,65,66,74,55,52,57,75,84,88,136,141,141,129,126,141,65,73,93
output_0000980.png,46,51,55,194,178,170,135,124,130,93,89,92,99,102,119,104,119,131,113,194,183,148,148,167,169,108,113
output_0000981.png,167,148,127,23,27,33,103,91,89,66,61,60,113,118,136,52,66,87,122,132,149,72,85,102,132,84,76
output_0000982.png,22,28,35,205,187,154,103,86,81,71,56,47,54,71,96,127,131,150,79,96,115,139,149,161,173,77,24
output_0000983.png,92,108,103,212,211,203,182,193,194,135,159,184,162,160,146,22,31,21,54,61,30,28,61,67,201,73,49
output_0000984.png,215,194,174,46,36,29,127,139,161,147,98,53,161,162,161,109,43,9,187,54,44,112,109,105,91,86,87
output_0000985.png,232,224,207,33,39,39,178,171,160,151,138,133,97,86,83,118,112,112,164,155,164,103,98,109,196,140,116
output_0000986.png,190,178,162,53,50,48,153,131,126,171,168,159,108,86,78,117,105,108,122,116,113,159,153,165,180,116,79
output_0000987.png,215,202,194,32,37,37,127,103,99,85,72,67,96,100,106,89,91,101,137,132,168,153,157,164,164,116,113
output_0000988.png,187,176,163,42,41,39,140,115,109,102,81,74,161,154,156,163,164,157,114,108,108,105,99,109,172,100,108
output_0000989.png,225,220,210,30,33,34,129,112,110,160,158,160,86,72,69,149,140,164,97,101,106,92,91,101,176,124,108
output_0000990.png,78,68,65,194,183,167,151,128,121,171,170,163,18,21,21,123,116,116,114,105,118,153,147,164,180,100,116
output_0000991.png,218,206,197,38,46,45,136,112,106,93,82,77,103,109,115,96,99,108,144,140,178,160,167,168,172,124,114
output_0000992.png,190,178,162,49,51,49,143,121,113,101,85,79,164,164,153,114,107,108,115,116,112,164,156,164,172,108,116
output_0000993.png,211,205,189,30,33,33,80,69,63,101,97,99,135,118,116,108,86,72,149,152,149,163,142,121,56,92,92
output_0000994.png,218,211,203,30,33,35,119,102,99,78,69,67,87,90,100,90,102,108,147,156,158,143,144,156,156,100,108
output_0000995.png,212,198,189,30,39,38,126,103,96,84,74,69,94,101,105,83,90,100,131,126,174,152,158,161,164,116,108
output_0000996.png,199,191,177,42,47,47,146,126,119,168,165,161,101,85,79,155,153,164,111,110,111,95,97,109,180,116,124
output_0000997.png,108,108,109,42,37,33,155,151,143,51,53,54,69,65,37,182,151,131,222,221,202,147,139,148,180,173,180
output_0000998.png,101,64,33,175,169,146,90,96,102,133,128,116,33,39,44,197,174,153,139,149,153,153,64,43,59,19,6
output_0000999.png,215,209,176,38,37,37,168,166,147,149,86,78,111,108,104,108,62,51,73,85,102,193,75,80,142,144,158
output_0001000.png,215,184,158,156,83,68,38,32,32,173,167,142,119,116,110,110,69,50,85,85,107,82,83,81,151,148,158
output_0001001.png,40,38,33,215,217,186,120,86,74,142,123,114,169,148,153,245,244,231,135,131,146,137,108,82,84,116,100
output_0001002.png,73,114,151,166,171,162,26,46,57,128,139,142,62,83,97,48,68,75,26,73,112,138,164,171,39,83,122
output_0001003.png,69,73,79,227,225,209,143,137,133,123,101,101,192,184,167,152,159,165,131,117,98,175,162,161,108,148,148
output_0001004.png,42,45,46,215,219,203,117,83,77,126,128,126,179,178,159,174,145,126,148,112,87,159,154,152,92,124,116
output_0001005.png,81,84,91,229,217,183,190,152,131,142,111,102,154,138,127,71,42,27,51,36,44,160,164,172,122,122,132
output_0001006.png,42,46,46,214,218,203,117,84,77,126,129,126,177,176,159,173,146,127,150,113,86,159,154,151,92,124,116
output_0001007.png,81,84,91,230,219,186,186,154,135,155,139,128,141,109,101,67,39,25,64,44,47,164,164,164,121,121,132
output_0001008.png,50,54,53,214,217,201,105,104,105,127,131,130,163,159,143,169,170,159,116,117,98,158,155,157,92,132,124
output_0001009.png,195,184,164,80,116,147,53,54,51,148,147,140,33,69,93,126,156,180,123,156,167,22,52,83,164,189,179
output_0001010.png,216,213,186,159,165,138,26,22,17,132,117,101,96,98,91,146,139,140,85,64,45,74,73,78,188,108,60
output_0001011.png,34,32,30,217,219,188,119,82,73,148,137,121,246,245,233,170,147,153,141,140,148,92,108,131,138,108,84
output_0001012.png,216,211,186,155,158,131,24,19,16,123,107,96,93,87,82,79,57,46,145,138,141,85,75,76,176,92,32
output_0001013.png,176,150,135,51,58,39,105,103,97,102,67,36,236,220,201,117,87,54,222,193,172,214,199,197,76,164,108
output_0001014.png,227,205,173,25,31,36,156,109,103,118,118,122,175,169,160,196,62,69,103,75,71,98,96,105,144,141,160
output_0001015.png,175,163,155,26,40,40,98,101,103,136,112,98,103,81,61,83,62,50,233,192,161,231,230,230,60,100,120
output_0001016.png,238,225,192,119,107,106,44,47,47,214,139,131,159,46,38,178,108,100,176,166,155,202,183,183,121,62,42
output_0001017.png,145,136,131,23,36,33,203,175,158,161,164,187,69,79,89,60,47,40,85,66,47,177,180,186,188,60,116
output_0001018.png,200,173,150,27,38,21,120,108,77,63,75,98,77,74,45,86,102,71,133,133,151,144,157,104,161,76,68
output_0001019.png,200,184,164,53,62,43,143,132,106,98,103,69,110,127,86,100,103,105,161,172,130,150,151,159,172,92,89
output_0001020.png,110,81,62,54,43,30,220,227,228,141,113,94,169,140,124,128,137,135,164,179,197,188,167,149,84,116,108
output_0001021.png,83,58,45,201,180,195,150,114,102,123,94,83,39,31,25,185,144,132,116,101,105,125,117,120,204,165,145
output_0001022.png,163,128,116,47,40,35,243,233,229,235,215,173,107,80,70,192,163,161,85,59,48,214,181,170,101,71,50
output_0001023.png,101,80,71,221,210,165,30,32,40,157,197,156,159,143,124,159,147,178,138,116,131,153,120,100,53,35,37
output_0001024.png,106,77,67,219,187,181,198,158,147,151,109,91,157,125,126,44,42,40,161,124,104,180,164,140,66,34,34
output_0001025.png,107,74,57,226,197,190,42,34,26,162,133,129,195,153,144,158,96,69,64,35,19,165,124,104,178,164,149
output_0001026.png,100,70,52,217,182,171,29,26,22,157,125,117,153,86,50,132,104,102,175,147,148,179,156,153,56,24,8
output_0001027.png,125,105,85,17,22,20,211,194,178,65,63,54,174,155,138,63,53,35,53,43,33,166,164,175,170,182,205
output_0001028.png,147,127,111,17,18,19,91,62,53,113,118,113,148,44,31,100,100,99,65,71,72,57,40,36,56,58,61
output_0001029.png,87,72,57,24,25,27,182,142,115,157,120,97,128,110,99,169,144,124,46,35,33,131,116,84,167,157,148
output_0001030.png,10,17,12,154,143,91,95,88,35,52,58,30,117,125,145,130,140,153,67,84,65,49,68,79,148,60,36
output_0001031.png,219,207,175,21,32,31,112,111,98,66,75,71,82,92,84,149,124,99,140,148,136,64,84,92,140,140,140
output_0001032.png,53,69,71,220,212,180,129,131,120,8,19,21,98,116,114,155,164,150,92,107,116,175,124,117,151,153,156
output_0001033.png,19,24,22,159,155,125,94,96,80,58,63,53,80,72,59,53,50,46,118,127,127,59,72,77,124,140,116
output_0001034.png,184,120,37,24,26,15,120,82,28,250,241,169,78,58,21,89,76,37,133,116,48,108,100,84,58,62,52
output_0001035.png,17,30,28,173,148,91,119,111,85,83,83,67,91,100,83,140,145,140,81,91,92,140,156,156,100,52,28
output_0001036.png,23,31,31,183,142,121,107,86,75,72,72,72,57,71,76,68,80,92,81,92,93,132,140,148,132,132,140
output_0001037.png,24,30,27,184,141,91,70,77,75,88,86,83,118,105,94,97,98,100,99,108,102,146,148,148,140,156,164
output_0001038.png,22,30,30,197,156,131,112,92,84,74,74,73,57,71,77,71,81,92,137,137,140,148,148,140,92,100,92
output_0001039.png,63,71,93,7,14,23,201,187,198,136,130,154,120,112,139,107,110,140,19,27,44,153,156,181,156,173,181
output_0001040.png,199,138,74,30,36,28,133,89,50,87,65,40,164,92,34,89,90,84,97,100,89,156,148,140,156,132,132
output_0001041.png,100,95,88,79,71,66,238,231,231,39,46,43,123,121,114,163,159,154,157,138,129,59,84,76,177,170,173
output_0001042.png,31,43,43,154,128,102,117,100,89,81,75,73,104,68,52,126,137,148,88,106,122,69,87,104,132,148,148
output_0001043.png,191,156,135,34,37,37,132,102,86,150,151,149,87,67,62,94,106,107,142,139,140,83,89,93,165,92,92
output_0001044.png,64,66,58,115,99,81,136,119,92,164,129,91,4,15,17,13,32,31,99,93,84,196,197,146,124,156,116
output_0001045.png,5,5,6,173,140,108,82,61,40,47,37,27,60,60,51,112,105,108,121,116,113,28,36,27,58,52,60
output_0001046.png,78,86,81,201,186,150,136,131,119,13,28,28,164,156,136,26,45,43,157,147,140,116,124,115,30,44,28
output_0001047.png,41,57,81,195,187,199,124,127,154,82,100,136,16,24,32,108,96,121,143,150,181,168,66,79,146,164,186
output_0001048.png,28,19,28,179,158,161,117,97,106,74,83,104,142,143,149,121,124,153,30,46,66,75,48,57,78,86,63
output_0001049.png,47,63,94,121,117,146,183,165,187,23,32,48,142,143,181,92,103,142,88,89,118,97,116,149,104,191,195
output_0001050.png,209,198,196,34,47,42,129,113,107,88,84,81,165,121,98,98,97,100,155,153,156,99,108,103,156,164,148
output_0001051.png,194,201,191,98,101,100,37,41,43,160,184,178,147,159,154,51,62,63,133,139,140,70,63,51,156,171,180
output_0001052.png,195,186,181,54,66,64,133,125,119,98,99,96,106,112,116,154,157,165,106,116,105,155,164,149,165,104,92
output_0001053.png,170,163,157,20,25,26,109,96,90,134,145,144,66,87,104,113,124,140,51,73,93,68,58,54,150,84,89
output_0001054.png,89,97,104,193,183,178,153,145,148,20,43,38,166,162,172,49,50,45,59,61,51,131,140,148,171,180,175
output_0001055.png,210,188,156,44,41,38,157,117,95,174,167,139,118,118,103,111,59,40,84,94,104,192,76,66,128,139,167
output_0001056.png,210,182,133,80,78,64,158,133,95,117,138,126,99,114,123,21,22,19,173,183,162,153,158,179,67,26,13
output_0001057.png,243,235,209,24,25,26,154,71,72,177,140,109,81,62,53,196,111,124,214,157,136,233,164,172,60,92,96
output_0001058.png,126,103,92,226,214,183,35,38,37,209,170,139,104,28,9,182,167,134,129,63,30,195,181,182,59,92,90
output_0001059.png,226,209,173,136,122,110,28,32,32,180,179,134,63,68,68,88,42,37,94,76,40,114,64,65,168,159,172
output_0001060.png,204,177,138,46,44,43,147,113,85,165,161,143,100,70,50,107,115,95,136,140,157,96,94,103,182,77,46
output_0001061.png,188,175,145,34,35,34,116,113,104,126,74,47,228,218,195,159,115,97,160,121,51,232,195,154,84,100,98
output_0001062.png,114,94,72,216,205,189,31,31,30,184,181,170,157,151,144,157,158,182,170,128,88,149,142,118,74,42,19
output_0001063.png,34,34,33,194,164,136,127,113,101,85,81,74,99,100,97,155,156,148,92,91,100,179,76,72,145,144,158
output_0001064.png,86,61,50,237,228,199,34,32,29,106,104,101,155,128,116,115,91,69,172,162,154,195,175,118,60,84,60
output_0001065.png,198,169,136,26,24,22,120,97,82,71,59,54,82,85,85,125,120,150,77,73,88,140,140,158,182,74,66
output_0001066.png,192,172,151,31,31,29,135,108,70,146,146,158,92,72,45,94,105,106,161,165,164,76,87,100,172,100,5
output_0001067.png,16,31,31,89,93,92,155,145,139,49,65,61,67,84,79,122,132,124,64,75,84,119,123,132,41,51,60
output_0001068.png,208,210,193,13,37,38,87,112,101,50,83,80,83,87,81,130,156,141,62,91,100,147,98,88,114,148,156
output_0001069.png,207,208,208,32,55,47,148,143,134,166,176,177,103,106,102,118,132,128,78,95,95,111,124,115,170,180,162
output_0001070.png,163,153,147,100,115,112,6,14,16,131,135,133,57,84,89,86,83,59,38,64,54,109,157,124,17,122,54
output_0001071.png,215,190,148,13,15,10,153,162,142,135,107,70,92,105,88,135,142,127,71,88,73,78,60,30,174,88,8
output_0001072.png,180,146,98,10,21,20,102,93,64,50,64,47,126,134,69,63,88,65,56,75,68,130,122,116,152,84,46
output_0001073.png,204,191,151,106,104,85,11,18,16,66,88,78,52,58,46,131,154,131,94,127,161,160,88,65,33,75,87
output_0001074.png,158,137,108,101,115,105,7,16,16,85,82,65,86,99,93,43,49,36,56,70,56,47,60,60,124,68,52
output_0001075.png,215,191,149,85,98,81,11,15,10,154,162,142,129,118,90,135,142,127,57,81,72,74,67,38,172,100,76
output_0001076.png,163,135,106,8,15,13,99,119,115,97,100,84,76,68,45,48,56,36,56,69,62,121,140,129,132,84,52
output_0001077.png,222,172,119,16,21,15,121,83,49,51,74,61,160,74,4,67,85,70,61,42,20,137,128,119,134,155,143
output_0001078.png,154,111,59,9,17,16,96,77,43,52,50,33,34,54,53,29,45,38,58,68,55,122,108,76,90,93,84
output_0001079.png,224,175,122,21,27,19,130,88,53,169,79,4,69,58,35,143,155,141,76,95,84,71,82,77,149,138,132
output_0001080.png,220,208,169,18,27,23,117,111,91,72,80,69,140,161,139,82,105,96,168,94,68,64,91,92,105,127,162
output_0001081.png,174,154,131,13,24,20,108,109,94,108,131,125,65,99,99,51,68,54,51,83,85,140,148,108,148,84,68
output_0001082.png,216,181,125,22,40,32,118,111,86,69,86,73,77,97,93,87,110,100,138,158,132,110,144,149,159,92,29
output_0001083.png,188,136,40,35,43,20,133,102,31,87,76,28,58,86,68,98,109,71,152,156,116,148,172,116,164,76,32
output_0001084.png,217,185,123,27,35,16,142,119,68,87,81,40,103,101,61,160,157,111,79,91,77,151,146,124,172,108,60
output_0001085.png,181,152,120,20,29,23,119,109,88,147,140,111,144,131,116,72,71,53,84,96,82,57,83,79,156,84,60
output_0001086.png,220,195,136,23,31,24,126,104,67,82,74,49,96,102,86,83,91,85,172,87,40,156,158,128,156,148,140
output_0001087.png,230,208,155,34,48,37,134,121,91,94,95,73,152,193,193,98,120,87,172,132,94,92,106,101,109,133,168
output_0001088.png,216,203,162,15,21,18,111,107,88,63,67,53,78,96,85,132,152,130,166,93,65,118,132,174,68,84,84
output_0001089.png,166,147,116,13,24,21,118,111,89,62,68,51,79,94,79,68,82,76,148,100,58,137,148,116,134,134,134
output_0001090.png,181,153,121,19,27,22,121,111,91,147,140,110,144,131,116,72,71,53,84,97,84,57,82,80,156,84,60
output_0001091.png,215,200,159,18,24,20,111,107,88,78,96,85,70,74,60,134,153,129,164,93,67,112,132,172,67,83,84
output_0001092.png,180,153,121,122,112,91,19,28,22,147,140,111,144,130,116,82,97,85,73,71,54,57,82,80,156,92,62
output_0001093.png,15,27,22,187,163,115,116,106,80,61,66,48,67,81,69,81,95,79,131,125,109,148,100,60,139,140,116
output_0001094.png,175,150,120,109,101,80,11,19,16,54,61,46,139,129,116,69,85,69,61,75,68,138,140,113,148,84,61
output_0001095.png,185,162,121,14,26,22,120,110,86,73,87,72,130,124,110,60,64,47,146,140,112,57,75,68,156,100,53
output_0001096.png,229,207,156,36,50,38,135,121,90,94,95,72,154,192,191,98,119,79,101,126,181,95,106,100,180,124,68
output_0001097.png,218,206,165,18,24,21,108,105,87,78,96,85,70,75,61,135,152,126,163,93,66,75,83,84,118,140,140
output_0001098.png,39,56,54,236,225,209,100,95,85,125,125,122,125,113,89,175,149,129,170,161,158,183,174,163,84,108,101
output_0001099.png,211,192,174,17,33,28,110,102,88,72,75,64,77,94,87,151,89,54,135,151,143,136,128,148,64,77,92
output_0001100.png,193,177,163,51,60,56,244,234,221,117,85,69,124,123,116,232,221,201,165,120,105,112,91,92,92,103,116
output_0001101.png,192,171,152,109,103,89,15,31,25,64,69,57,134,140,140,78,93,85,122,129,134,62,83,85,148,83,69
output_0001102.png,65,72,71,194,178,164,123,122,115,112,80,66,245,233,221,164,120,107,117,91,85,232,220,200,182,140,115
output_0001103.png,222,206,195,36,50,53,144,135,133,109,120,120,96,92,91,166,176,170,96,106,117,167,163,172,181,96,78
output_0001104.png,217,202,192,36,53,59,91,119,121,176,105,92,104,61,65,143,144,146,159,90,63,180,130,115,60,124,120
output_0001105.png,219,203,192,6,15,15,77,91,95,40,60,58,54,75,86,75,71,66,115,128,141,118,143,149,135,96,92
output_0001106.png,222,196,184,52,68,74,161,130,123,97,143,138,110,105,106,104,121,133,176,181,169,202,86,78,177,171,180
output_0001107.png,216,201,190,33,46,48,126,116,110,86,102,114,143,160,174,86,83,79,154,164,142,170,123,78,92,110,88
output_0001108.png,240,236,235,136,146,173,158,165,187,98,121,156,123,140,168,184,184,198,199,199,209,147,156,164,201,196,196
output_0001109.png,69,90,95,209,188,172,144,129,123,12,26,25,43,49,41,104,126,141,114,140,136,159,172,180,164,180,156
output_0001110.png,46,63,67,87,86,81,124,132,130,244,239,230,95,102,104,171,154,142,172,167,166,190,185,177,68,100,116
output_0001111.png,100,115,126,226,213,200,15,31,30,165,157,144,34,61,74,176,191,163,177,179,196,188,63,70,106,51,60
output_0001112.png,219,192,182,49,68,55,151,128,124,103,92,83,108,130,123,164,174,170,196,68,46,99,110,119,147,154,181
output_0001113.png,186,167,160,25,44,40,112,113,111,129,147,154,69,95,103,67,73,70,127,148,139,154,97,75,71,92,83
output_0001114.png,188,170,164,21,36,39,126,139,164,84,105,124,111,92,83,41,68,82,124,167,144,153,104,84,61,101,89
output_0001115.png,242,230,229,52,67,68,146,139,137,90,109,126,96,101,107,106,131,126,167,175,176,158,162,172,180,132,114
output_0001116.png,41,62,43,215,196,191,99,89,61,103,111,102,148,128,113,155,149,145,129,76,90,141,131,133,59,110,157
output_0001117.png,215,193,189,34,48,41,98,102,96,89,77,59,144,122,103,148,141,139,133,123,126,77,75,76,60,128,140
output_0001118.png,81,99,73,225,208,203,156,148,132,162,172,183,25,51,43,124,150,110,121,129,129,234,199,45,173,190,143
output_0001119.png,225,207,200,61,80,57,159,142,128,121,131,124,116,110,87,174,173,176,166,185,134,116,147,86,197,88,63
output_0001120.png,221,195,187,15,40,19,95,109,95,85,86,67,49,80,51,129,141,141,62,90,85,131,156,142,141,88,58
output_0001121.png,220,198,187,36,68,57,146,133,120,98,92,74,171,162,164,107,120,118,188,84,62,94,124,105,166,172,156
output_0001122.png,213,192,191,137,129,121,27,45,39,63,77,73,54,47,26,173,162,185,104,92,69,81,69,35,177,181,190
output_0001123.png,17,27,21,151,129,104,193,160,138,96,78,25,90,102,105,52,69,71,176,161,166,110,83,60,176,172,156
output_0001124.png,209,193,187,62,73,65,158,142,130,171,163,177,117,104,84,174,182,175,11,23,19,125,137,130,110,118,129
output_0001125.png,202,180,168,58,71,66,145,130,117,100,93,78,7,18,13,157,151,176,159,173,147,98,111,128,111,126,120
output_0001126.png,53,57,42,143,135,128,211,202,199,155,159,166,119,136,137,170,173,173,99,110,115,111,87,58,81,96,86
output_0001127.png,57,64,49,209,201,192,147,138,119,162,173,180,109,128,128,107,103,83,109,128,97,190,130,49,163,182,153
output_0001128.png,53,67,56,211,194,186,120,131,138,132,108,90,83,98,100,177,102,40,147,154,176,152,164,162,102,124,114
output_0001129.png,171,160,159,94,86,63,236,231,239,90,94,92,122,112,96,126,130,138,112,90,87,227,217,201,222,199,194
output_0001130.png,127,133,143,203,195,208,52,50,31,195,169,161,41,67,67,83,82,70,75,97,104,62,59,52,171,172,174
output_0001131.png,57,65,47,194,176,178,133,124,113,98,117,117,82,95,88,150,149,168,19,32,16,104,116,98,151,164,156
output_0001132.png,71,78,64,206,192,182,143,140,126,94,122,134,16,21,11,153,160,175,122,135,111,25,46,35,162,180,182
output_0001133.png,188,189,177,35,39,27,135,164,111,112,126,94,68,84,58,85,115,67,194,78,82,82,96,93,132,146,161
output_0001134.png,32,40,31,208,206,207,79,69,52,94,113,115,101,89,66,143,157,163,158,147,125,139,116,106,60,140,164
output_0001135.png,213,198,197,190,154,136,85,67,49,139,128,130,155,115,89,35,34,18,114,99,91,126,117,103,170,165,150
output_0001136.png,215,200,182,176,181,168,38,42,31,157,143,120,110,126,117,149,158,161,87,103,105,103,93,70,212,92,108
output_0001137.png,191,193,195,67,62,54,181,145,114,143,127,110,103,115,118,159,165,151,27,34,29,109,117,97,116,132,164
output_0001138.png,212,207,204,70,72,55,146,136,122,169,173,166,162,160,167,115,128,119,100,111,112,22,27,18,191,80,64
output_0001139.png,204,198,195,55,72,52,134,127,111,156,175,169,133,152,168,100,129,117,88,110,114,20,24,12,205,82,87
output_0001140.png,207,202,201,38,43,32,135,128,120,159,158,167,91,103,106,99,119,114,93,90,73,163,173,159,172,116,100
output_0001141.png,203,203,195,49,55,42,110,126,119,100,83,59,155,164,164,104,102,82,150,140,124,150,138,144,84,124,116
output_0001142.png,193,191,186,160,171,175,36,43,27,141,131,113,96,117,101,86,84,65,164,164,142,94,97,95,180,133,91
output_0001143.png,197,196,185,61,63,49,121,87,53,116,118,108,231,231,233,140,102,66,134,152,147,92,124,112,150,140,142
output_0001144.png,177,185,193,103,112,107,217,206,202,32,34,20,77,68,42,163,161,159,173,180,179,138,152,163,53,59,60
output_0001145.png,203,194,180,55,70,51,136,134,116,83,112,116,160,174,167,16,21,9,147,161,165,100,125,105,172,92,44
output_0001146.png,136,134,122,210,202,199,27,30,15,165,173,183,185,190,190,97,77,36,58,47,29,71,85,68,99,80,60
output_0001147.png,204,186,182,43,56,46,139,129,121,149,159,168,62,98,114,92,92,70,176,124,86,99,126,123,160,172,152
output_0001148.png,211,204,200,126,126,119,31,30,14,183,192,193,172,175,181,82,64,35,66,83,76,56,42,22,92,75,57
output_0001149.png,197,180,173,45,55,43,131,136,133,124,104,85,63,101,115,78,96,83,142,152,169,155,172,177,164,92,66
output_0001150.png,201,197,192,37,46,31,127,121,105,146,167,166,124,145,162,88,112,120,85,84,64,63,91,113,166,100,83
output_0001151.png,132,139,136,223,219,221,37,35,20,75,69,47,166,179,192,79,100,99,78,78,68,50,65,51,176,196,204
output_0001152.png,222,219,221,55,60,57,154,151,136,164,175,199,107,126,141,108,105,92,125,125,112,181,180,156,207,139,102
output_0001153.png,32,39,31,144,59,43,218,221,224,167,150,61,113,133,138,175,142,132,195,182,142,57,90,150,68,148,140
output_0001154.png,154,152,142,40,47,35,85,58,34,145,84,49,215,210,210,86,97,91,198,203,207,193,204,195,60,100,85
output_0001155.png,77,70,54,215,198,186,157,140,126,172,186,186,119,138,133,168,168,175,99,121,120,203,81,9,23,26,19
output_0001156.png,52,59,49,201,200,200,177,185,190,151,152,152,162,168,185,125,137,142,104,118,126,110,96,77,188,140,102
output_0001157.png,209,203,205,54,59,44,147,133,118,91,104,113,167,175,172,114,129,117,154,157,168,107,100,81,180,92,76
output_0001158.png,97,97,95,222,220,222,37,46,50,178,181,182,160,157,157,172,170,181,54,53,43,52,44,41,188,156,172
output_0001159.png,206,206,204,85,85,86,153,151,152,131,132,135,117,120,136,30,40,47,171,202,170,168,169,181,44,36,36
output_0001160.png,159,143,135,21,25,26,98,56,46,221,222,225,99,95,94,106,102,47,215,172,145,207,207,190,49,92,149
output_0001161.png,32,30,28,198,204,180,102,77,69,115,127,116,129,148,74,170,183,113,243,241,235,147,143,142,76,140,116
output_0001162.png,192,180,170,22,23,22,109,97,88,173,42,25,78,97,104,134,152,155,69,61,51,65,79,89,116,130,157
output_0001163.png,202,173,173,22,20,19,119,86,67,177,54,53,110,121,151,143,150,166,73,88,110,69,58,45,52,68,94
output_0001164.png,34,30,29,214,218,195,96,74,68,110,120,115,164,175,111,130,152,69,157,168,154,143,142,141,68,132,118
output_0001165.png,205,180,181,128,94,74,23,18,17,181,57,59,149,153,169,73,60,46,119,127,161,83,89,98,55,68,93
output_0001166.png,218,186,183,25,22,22,128,101,86,187,73,25,153,149,154,60,69,91,145,137,149,75,54,42,87,94,107
output_0001167.png,197,192,158,140,170,116,27,24,21,121,90,67,133,135,144,77,52,38,87,101,89,70,75,87,179,72,30
