frame_path,color_1_r,color_1_g,color_1_b,color_2_r,color_2_g,color_2_b,color_3_r,color_3_g,color_3_b,color_4_r,color_4_g,color_4_b,color_5_r,color_5_g,color_5_b,color_6_r,color_6_g,color_6_b,color_7_r,color_7_g,color_7_b,color_8_r,color_8_g,color_8_b,color_9_r,color_9_g,color_9_b,color_10_r,color_10_g,color_10_b
output_0000001.png,212,195,137,39,42,36,138,134,100,64,119,138,81,109,108,58,93,103,160,157,117,89,90,74,172,148,98
output_0000002.png,112,120,99,201,211,201,42,56,45,163,171,164,187,196,179,86,80,38,159,158,139,190,182,164,72,67,54
output_0000003.png,210,216,217,43,49,44,153,179,178,139,133,120,87,112,108,90,87,80,149,153,158,84,98,102,179,81,91
output_0000004.png,153,158,147,42,45,42,89,87,56,217,220,209,92,98,87,50,96,107,207,198,180,96,120,114,156,194,213
output_0000005.png,217,225,212,57,63,58,193,183,145,116,130,103,134,149,133,92,106,96,142,178,152,124,104,86,116,196,172
output_0000006.png,215,208,178,38,42,35,164,170,154,140,135,105,104,118,109,92,81,58,85,99,100,140,151,156,188,100,4
output_0000007.png,29,38,39,55,68,83,187,189,195,112,132,92,114,126,147,139,144,151,85,83,84,132,131,144,124,80,60
output_0000008.png,64,60,45,134,134,114,158,153,125,172,172,148,15,22,14,103,111,92,119,135,145,85,95,100,148,164,140
output_0000009.png,173,176,182,44,43,43,131,172,80,169,190,129,133,121,121,85,105,123,92,114,66,93,76,70,41,133,167
output_0000010.png,149,153,171,27,34,64,140,98,22,93,93,113,133,104,100,111,107,127,179,187,204,189,188,201,80,67,84
output_0000011.png,170,171,175,163,180,117,42,38,42,113,159,54,118,97,92,81,58,66,26,124,158,81,102,69,84,93,107
output_0000012.png,156,161,179,77,29,35,11,46,112,95,101,126,140,108,106,130,126,144,89,65,86,189,182,196,164,108,140
output_0000013.png,166,168,173,162,178,117,41,38,41,112,158,55,118,101,98,24,121,158,82,64,65,80,100,67,73,90,108
output_0000014.png,208,213,209,41,36,35,154,165,166,130,119,111,100,111,108,125,141,162,91,74,65,84,86,103,180,96,84
output_0000015.png,33,38,37,162,160,156,99,90,54,222,232,231,97,79,86,98,102,101,132,142,94,206,217,181,215,170,160
output_0000016.png,206,210,203,161,180,145,44,40,37,150,129,120,111,119,111,128,144,162,104,77,71,91,92,104,190,92,94
output_0000017.png,207,195,181,162,186,122,159,139,165,35,33,28,146,123,109,98,75,59,181,193,193,108,118,92,105,80,102
output_0000018.png,202,216,206,164,170,175,45,38,36,140,144,128,180,152,132,123,100,91,88,104,109,90,100,67,161,193,83
output_0000019.png,162,190,208,37,35,31,155,159,130,116,117,122,166,93,118,113,84,77,77,96,53,9,88,196,70,70,81
output_0000020.png,201,188,173,151,179,101,37,33,26,153,136,156,145,120,102,165,173,180,106,120,86,96,73,56,98,75,96
output_0000021.png,140,132,125,205,216,214,35,32,30,157,186,138,199,172,154,62,48,38,74,55,59,73,81,82,53,158,188
output_0000022.png,162,161,142,31,38,35,211,214,212,109,98,47,102,77,84,99,102,99,215,207,178,192,217,141,30,132,169
output_0000023.png,199,190,183,139,174,100,35,31,25,143,135,149,135,114,106,162,169,178,100,110,96,86,64,50,93,79,91
output_0000024.png,200,210,210,48,42,40,159,170,157,189,159,138,141,141,138,135,112,88,140,178,185,102,113,104,87,88,91
output_0000025.png,142,173,111,198,183,175,32,30,25,138,112,101,146,133,151,87,65,52,100,112,88,90,79,90,180,108,92
output_0000026.png,209,223,206,52,45,38,150,154,124,155,166,169,137,116,100,188,165,149,108,106,109,103,101,79,156,196,204
output_0000027.png,210,220,215,167,171,174,46,41,39,140,143,121,185,151,130,128,89,80,123,105,115,86,92,85,186,205,49
output_0000028.png,196,180,178,148,174,117,38,33,30,137,112,97,152,130,156,92,79,96,101,109,94,92,70,56,180,108,132
output_0000029.png,56,55,41,198,188,195,182,150,156,149,146,152,129,102,93,133,133,108,94,102,101,172,191,124,188,124,180
output_0000030.png,141,132,120,188,202,210,58,56,45,96,69,50,161,166,159,196,163,164,200,190,178,106,88,74,128,66,72
output_0000031.png,59,61,50,195,181,182,149,137,138,166,175,174,114,123,124,155,182,106,108,90,80,109,127,80,188,76,108
output_0000032.png,143,134,122,62,42,34,185,198,209,66,74,63,103,76,54,193,151,155,114,84,77,93,108,101,196,190,169
output_0000033.png,66,76,63,221,232,234,108,117,99,133,146,132,168,175,161,175,189,190,101,114,121,159,172,184,25,126,166
output_0000034.png,33,34,23,183,183,139,118,123,92,142,160,154,95,111,101,72,79,63,89,90,67,124,144,143,86,98,94
output_0000035.png,212,220,217,34,38,31,122,123,108,150,151,132,100,84,54,150,153,150,74,79,63,78,97,92,156,164,124
output_0000036.png,93,100,86,189,212,192,40,34,30,140,157,137,43,54,50,74,76,30,118,137,144,174,171,134,156,180,172
output_0000037.png,199,207,210,41,43,44,152,168,172,121,118,115,140,152,161,82,75,71,95,112,118,83,95,105,166,140,128
output_0000038.png,185,197,196,46,44,41,140,153,152,113,123,124,158,170,172,125,103,79,176,152,121,92,104,101,80,87,89
output_0000039.png,184,195,196,47,47,44,138,150,151,96,105,106,136,114,88,178,162,129,109,124,123,101,80,61,162,182,150
output_0000040.png,211,219,212,77,88,80,155,160,146,172,192,186,122,146,136,161,175,183,114,128,134,25,29,27,39,34,30
output_0000041.png,190,196,186,85,69,57,124,133,132,140,150,146,106,117,118,115,103,87,175,153,128,222,211,187,205,85,108
output_0000042.png,213,195,189,44,52,49,154,129,120,172,170,165,118,123,121,114,89,78,87,97,115,126,137,181,211,78,90
output_0000043.png,73,79,73,189,191,177,169,174,161,148,148,134,111,127,124,20,28,27,47,105,140,117,152,175,180,132,97
output_0000044.png,173,180,172,83,78,62,159,137,106,223,224,210,240,240,232,102,100,92,92,97,92,212,220,204,124,136,132
output_0000045.png,54,62,52,212,214,198,116,106,91,141,145,135,248,249,246,141,127,103,175,170,144,164,164,157,100,116,100
output_0000046.png,204,205,178,83,86,75,49,55,48,101,103,81,109,115,99,157,164,146,67,84,72,146,134,111,171,165,120
output_0000047.png,199,195,179,51,62,55,146,131,122,161,166,155,99,118,114,98,91,80,141,150,156,103,117,93,172,132,124
output_0000048.png,83,61,43,209,214,201,151,137,117,166,169,153,184,178,155,124,120,114,27,21,14,125,117,96,156,156,174
output_0000049.png,209,189,147,52,35,17,150,119,75,165,162,151,114,107,92,149,141,146,89,81,81,109,76,36,180,100,48
output_0000050.png,218,220,211,43,46,41,129,113,88,155,166,162,93,80,60,94,122,174,102,111,103,51,72,113,172,116,68
output_0000051.png,171,150,129,40,47,42,130,102,67,82,79,69,142,146,149,146,158,158,46,86,109,63,118,108,53,85,73
output_0000052.png,159,152,147,141,124,106,26,36,28,198,183,165,89,74,53,109,113,103,87,93,89,170,172,165,184,116,24
output_0000053.png,222,224,216,39,45,39,120,109,90,84,80,65,148,163,172,94,126,173,61,77,108,98,110,108,164,124,96
output_0000054.png,214,216,209,164,172,160,45,51,41,137,135,119,148,154,149,105,110,98,92,88,73,183,140,137,91,100,101
output_0000055.png,39,44,39,146,110,71,183,178,177,111,85,54,104,106,98,67,71,70,196,164,124,64,94,82,124,132,116
output_0000056.png,193,177,163,24,31,27,128,109,94,155,148,140,150,139,140,78,64,50,89,94,86,87,83,85,168,108,84
output_0000057.png,215,216,208,34,42,35,139,131,115,164,172,165,161,165,146,87,82,68,104,111,99,94,100,103,180,116,100
output_0000058.png,155,122,84,37,44,39,114,97,74,177,175,174,128,140,135,74,73,64,82,92,85,130,140,124,84,84,92
output_0000059.png,215,217,208,41,50,41,88,83,68,142,142,125,115,121,106,157,163,148,98,99,92,143,146,141,68,84,92
output_0000060.png,191,174,151,66,61,46,132,101,68,102,132,179,14,23,20,83,100,112,31,27,20,151,156,132,104,108,88
output_0000061.png,205,204,184,50,51,40,138,129,110,155,166,147,111,120,102,101,84,63,178,18,51,96,105,100,148,156,156
output_0000062.png,196,209,203,57,45,31,182,168,132,141,108,65,175,142,95,135,138,129,107,78,47,111,108,89,140,140,164
output_0000063.png,156,132,99,36,23,5,103,72,29,74,47,10,120,109,84,82,71,45,41,27,54,112,100,92,156,76,44
output_0000064.png,186,190,181,33,25,13,117,117,105,140,145,142,156,127,91,111,74,42,84,88,87,83,59,36,184,156,108
output_0000065.png,153,134,106,34,22,4,95,65,25,65,42,10,112,102,79,99,85,86,76,68,42,134,54,26,42,29,50
output_0000066.png,191,202,194,61,44,27,166,169,147,133,140,131,174,131,81,127,89,53,136,111,74,155,164,164,90,86,76
output_0000067.png,160,140,112,40,26,5,112,82,43,82,54,16,88,78,55,140,92,35,80,66,52,126,116,100,131,124,102
output_0000068.png,198,211,204,53,39,22,130,94,54,173,141,94,138,123,93,149,158,153,99,72,41,91,93,89,192,172,116
output_0000069.png,159,139,111,34,22,6,108,80,43,74,50,14,132,124,102,83,76,51,58,42,64,126,116,108,140,84,28
output_0000070.png,197,210,203,58,44,26,145,112,71,179,150,105,110,81,48,150,159,154,111,121,114,100,101,96,188,172,116
output_0000071.png,162,143,116,37,23,6,106,76,38,74,50,16,132,124,104,84,76,47,74,55,63,129,116,108,140,84,20
output_0000072.png,191,202,195,157,163,146,59,41,23,125,134,124,130,95,57,176,134,81,92,81,66,101,101,85,148,156,164
output_0000073.png,153,132,102,35,22,4,102,71,29,75,48,11,120,111,91,107,98,84,81,70,48,41,29,48,140,52,12
output_0000074.png,194,200,191,146,150,150,36,26,12,120,121,112,174,150,117,118,81,47,90,91,87,86,62,37,156,172,165
output_0000075.png,75,86,74,198,197,173,161,187,168,147,150,127,113,140,128,20,43,48,137,169,164,93,119,126,172,180,140
output_0000076.png,191,212,206,64,70,54,207,198,42,122,132,121,126,116,88,90,99,87,151,165,133,124,150,156,94,125,100
output_0000077.png,146,157,145,73,81,66,102,113,101,97,105,81,192,204,191,177,188,180,179,196,182,95,84,71,116,115,102
output_0000078.png,177,169,142,43,50,39,131,165,158,127,124,102,116,147,143,86,81,64,94,115,101,89,99,93,157,108,87
output_0000079.png,65,72,56,215,223,222,142,154,144,132,138,116,180,184,163,176,166,140,105,118,107,129,119,94,132,140,180
output_0000080.png,199,202,181,48,56,45,139,140,119,160,175,159,111,129,116,99,103,84,144,160,160,82,93,77,102,114,109
output_0000081.png,130,150,133,55,61,52,229,237,231,78,85,72,195,213,201,202,220,212,186,200,189,82,91,84,170,194,181
output_0000082.png,203,213,204,50,63,53,90,93,77,116,136,120,137,147,125,91,106,101,150,171,159,138,155,148,68,92,92
output_0000083.png,65,75,70,130,149,139,160,179,168,149,162,149,109,120,108,95,113,102,147,164,164,108,124,124,84,99,100
output_0000084.png,216,224,214,177,194,178,58,68,59,142,153,131,119,139,121,141,168,166,105,112,93,103,121,118,196,156,124
output_0000085.png,43,47,42,176,186,174,153,162,144,103,121,120,66,78,85,158,137,109,109,115,93,113,85,61,129,148,156
output_0000086.png,79,87,76,183,186,173,145,149,128,118,136,119,162,185,180,31,37,36,151,171,172,49,42,39,111,123,124
output_0000087.png,46,46,32,189,164,127,138,122,98,150,148,155,102,88,60,93,93,107,163,164,165,105,117,121,78,87,58
output_0000088.png,34,45,41,186,185,173,121,116,108,84,84,74,140,161,170,88,115,117,115,138,167,81,96,113,158,124,46
output_0000089.png,195,193,175,19,30,27,112,104,89,137,153,146,69,66,57,74,99,93,61,80,97,156,116,78,120,134,148
output_0000090.png,106,155,192,88,135,176,28,24,20,106,109,85,140,123,108,36,71,94,93,71,52,61,65,39,129,161,78
output_0000091.png,197,197,181,35,39,31,77,134,162,125,111,88,86,70,52,149,166,158,80,117,107,75,92,105,164,124,90
output_0000092.png,185,189,182,35,38,36,121,122,119,149,152,152,154,142,129,82,86,84,110,86,74,96,99,100,177,167,140
output_0000093.png,194,189,169,36,42,40,113,104,92,83,72,65,88,102,94,62,78,74,147,158,152,140,148,148,86,86,100
output_0000094.png,195,195,189,141,152,146,110,100,90,5,7,4,113,126,135,72,82,81,60,50,36,68,66,69,164,124,84
output_0000095.png,167,161,153,32,41,41,117,102,94,134,136,141,121,155,144,85,106,101,79,71,65,68,87,94,148,108,84
output_0000096.png,100,112,108,211,216,198,35,34,35,35,72,86,131,162,163,55,51,53,154,148,129,142,187,191,169,189,176
output_0000097.png,80,95,89,162,186,168,40,33,31,14,104,91,150,156,142,96,149,133,80,55,32,118,120,111,135,161,156
output_0000098.png,47,50,44,216,221,208,141,143,125,123,151,190,166,176,157,110,121,107,97,96,81,87,100,105,188,156,164
output_0000099.png,70,77,70,185,202,196,133,145,136,170,173,154,119,128,111,30,31,25,153,172,159,116,114,101,32,34,38
output_0000100.png,166,180,168,15,15,12,94,105,101,117,136,145,59,60,55,134,138,125,76,71,65,60,72,78,140,148,108
output_0000101.png,96,104,90,198,213,198,181,193,162,149,163,149,45,48,49,43,45,33,50,62,61,145,152,124,182,175,123
output_0000102.png,48,59,49,101,114,102,241,243,237,138,151,135,191,203,189,166,182,169,124,122,101,148,116,36,180,180,165
output_0000103.png,219,226,215,25,53,38,160,176,160,123,138,125,79,118,97,76,90,81,132,154,157,86,99,101,196,164,140
output_0000104.png,190,175,152,35,40,35,131,106,85,133,158,165,115,130,147,77,105,112,85,70,54,66,88,96,164,100,36
output_0000105.png,170,152,139,21,36,29,110,99,88,115,122,128,73,98,88,131,145,138,66,77,84,67,59,44,156,76,73
output_0000106.png,169,152,134,24,29,23,103,85,70,116,139,141,57,91,87,96,114,126,66,57,46,62,73,78,140,76,76
output_0000107.png,44,44,40,203,202,192,137,125,111,150,162,165,153,157,145,106,117,116,101,80,64,99,110,89,175,143,87
output_0000108.png,161,141,128,22,40,31,109,103,93,104,119,137,73,97,89,69,67,55,72,81,92,115,140,123,140,93,60
output_0000109.png,29,29,28,173,154,135,102,93,81,82,84,79,73,66,58,58,61,56,76,76,76,132,132,121,129,124,124
output_0000110.png,170,148,136,23,39,31,112,105,96,131,143,136,110,118,136,72,98,85,69,64,52,73,80,94,148,60,60
output_0000111.png,216,217,209,37,37,35,170,180,172,153,140,126,120,127,118,111,84,66,151,161,164,83,92,83,99,104,109
output_0000112.png,186,182,173,30,34,29,119,97,83,110,157,163,62,106,108,79,66,55,143,148,134,158,114,80,67,93,80
output_0000113.png,94,81,65,198,199,189,160,175,176,17,30,29,146,146,137,161,166,151,53,37,32,151,117,96,180,140,84
output_0000114.png,161,142,132,22,38,30,109,105,96,116,126,135,70,99,85,70,64,50,72,80,97,114,140,123,141,91,58
output_0000115.png,38,41,37,159,175,172,201,200,189,147,128,113,103,79,63,111,119,113,142,154,160,96,99,102,180,132,132
output_0000116.png,166,148,139,23,40,31,110,106,99,113,123,134,66,99,88,70,61,47,145,99,65,69,77,97,116,140,123
output_0000117.png,161,172,166,33,38,34,202,202,192,140,124,109,95,73,58,151,155,156,109,119,109,95,100,100,180,148,108
output_0000118.png,170,146,135,112,105,98,21,39,31,134,143,137,71,99,93,73,68,59,108,124,145,66,73,101,148,76,59
output_0000119.png,196,189,169,42,60,59,128,118,104,147,169,177,100,143,162,90,84,73,31,97,116,70,121,119,31,17,13
output_0000120.png,179,171,168,34,42,38,122,111,101,139,153,149,91,107,107,85,67,57,80,88,102,130,136,151,156,100,76
output_0000121.png,32,35,31,191,186,173,104,113,109,161,138,125,100,82,70,106,133,149,60,80,65,70,86,97,100,156,124
output_0000122.png,22,26,22,181,169,172,152,125,116,86,56,48,101,95,94,57,64,48,38,46,55,62,85,23,120,136,120
output_0000123.png,173,156,144,21,28,25,122,100,87,141,140,131,72,57,47,82,88,79,72,74,77,121,121,126,156,100,92
output_0000124.png,43,50,49,143,130,111,183,175,157,161,157,144,100,87,77,111,110,112,110,109,90,65,81,87,164,167,165
output_0000125.png,26,32,32,153,138,122,96,85,79,112,138,128,85,103,130,67,93,89,68,57,55,55,70,89,132,84,68
output_0000126.png,45,49,43,202,192,170,138,129,117,100,94,84,110,118,114,162,167,151,101,104,111,153,150,157,172,124,76
output_0000127.png,27,32,32,156,135,118,91,105,99,95,72,64,91,109,135,63,74,68,109,145,130,65,77,94,134,56,34
output_0000128.png,214,215,202,55,42,38,145,111,95,173,147,132,150,146,134,92,100,100,168,169,173,121,120,131,184,180,148
output_0000129.png,195,194,186,38,39,24,168,141,121,123,112,86,91,111,105,85,73,43,84,91,86,100,122,148,124,156,140
output_0000130.png,99,89,77,184,192,190,32,21,25,137,140,141,149,113,103,174,150,138,62,38,28,159,172,164,132,151,175
output_0000131.png,89,78,67,199,199,191,146,128,120,166,182,188,20,13,8,154,161,167,121,102,116,48,27,9,124,127,122
output_0000132.png,110,104,102,64,40,29,191,196,195,193,182,139,234,154,23,149,154,156,54,55,64,162,136,105,77,50,56
output_0000133.png,177,190,164,21,21,14,107,117,101,141,153,135,117,143,142,66,68,58,87,87,74,61,77,94,78,169,214
output_0000134.png,216,227,209,40,52,48,127,141,122,104,121,106,158,175,151,151,182,171,28,81,126,90,99,81,172,108,41
output_0000135.png,97,101,92,204,207,192,191,185,156,32,35,28,38,50,54,156,149,127,53,51,45,169,182,160,149,161,150
output_0000136.png,190,177,162,22,33,28,131,121,108,153,159,158,81,76,61,145,146,149,88,107,96,86,90,93,172,100,84
output_0000137.png,216,213,204,35,28,19,154,165,165,130,144,146,136,123,107,106,110,104,93,68,50,89,90,86,180,124,116
output_0000138.png,42,42,35,191,186,172,134,113,98,89,117,114,137,161,157,106,80,61,143,145,150,86,98,103,164,124,84
output_0000139.png,217,214,207,46,37,26,155,165,163,111,119,115,143,129,112,123,144,152,109,82,62,94,98,96,188,116,116
output_0000140.png,193,189,178,20,31,26,122,107,91,152,151,142,73,69,54,84,97,86,140,139,148,76,84,92,166,108,44
output_0000141.png,212,212,205,67,51,37,171,164,148,153,162,152,135,133,119,15,13,8,124,97,76,99,102,94,156,180,178
output_0000142.png,97,119,119,194,208,208,149,156,138,166,192,204,43,46,32,131,167,191,71,69,44,44,77,95,180,140,84
output_0000143.png,135,110,91,11,27,22,77,82,73,72,59,49,27,55,45,36,62,72,96,116,100,108,60,48,100,108,108
output_0000144.png,194,187,157,55,58,48,151,145,116,115,144,122,121,117,97,91,107,90,112,120,119,167,180,160,150,169,180
output_0000145.png,202,200,192,76,63,45,164,169,157,134,149,149,142,135,117,115,124,114,19,23,14,96,105,97,180,140,100
output_0000146.png,193,180,156,84,69,53,144,119,97,139,161,156,90,106,106,92,125,121,138,145,151,19,41,34,36,27,22
output_0000147.png,194,189,171,76,72,65,143,138,120,119,127,114,162,166,150,15,25,26,89,108,113,37,26,13,116,146,157
output_0000148.png,200,193,180,125,114,96,18,31,25,152,160,150,75,73,59,81,107,94,139,146,148,79,91,93,172,108,4
output_0000149.png,209,204,194,74,59,43,165,167,156,128,147,151,150,135,115,106,117,112,16,17,10,94,98,94,180,132,98
output_0000150.png,200,193,180,125,111,92,19,31,25,75,72,58,153,161,153,81,108,96,141,146,148,77,90,93,174,100,92
output_0000151.png,212,210,204,52,40,28,167,172,167,110,125,119,136,150,152,95,103,101,151,131,109,115,88,63,188,140,116
output_0000152.png,200,191,174,18,31,25,124,109,90,74,70,53,152,158,151,81,105,97,138,144,149,78,90,94,169,108,92
output_0000153.png,189,177,160,48,44,39,140,125,113,117,122,129,146,157,173,112,94,81,91,101,115,78,88,87,164,172,156
output_0000154.png,16,28,22,147,116,93,104,101,92,96,72,57,115,177,170,52,65,59,54,78,89,111,135,141,132,84,62
output_0000155.png,215,213,208,52,44,32,170,172,167,145,128,108,106,118,112,137,149,151,88,97,95,109,84,64,188,156,120
output_0000156.png,211,213,202,95,80,64,23,41,34,139,145,138,160,178,171,111,118,120,160,159,166,48,34,25,144,117,94
output_0000157.png,216,216,212,186,180,166,75,59,42,152,168,169,136,142,134,12,11,6,136,112,89,104,114,98,148,176,188
output_0000158.png,196,195,184,94,78,60,23,35,29,137,138,131,148,161,160,98,110,112,47,34,24,144,164,146,143,112,84
output_0000159.png,204,195,183,127,110,94,19,32,26,73,71,58,154,156,143,148,144,149,80,105,93,80,88,92,170,108,52
output_0000160.png,218,216,211,75,60,42,166,172,165,110,120,111,146,133,113,131,148,154,12,12,6,98,99,95,188,132,124
output_0000161.png,205,195,183,23,35,28,130,116,102,80,74,59,152,158,152,92,103,94,84,89,92,132,144,158,164,92,48
output_0000162.png,218,217,212,35,29,19,150,164,159,100,112,104,139,126,105,123,141,144,92,70,51,81,89,88,180,116,108
output_0000163.png,92,76,58,187,187,177,22,31,25,140,158,152,121,126,123,139,144,149,141,110,83,47,34,24,164,116,73
output_0000164.png,224,223,219,153,166,165,31,25,16,134,125,107,154,152,132,103,109,96,90,68,46,182,142,88,86,84,84
output_0000165.png,200,189,178,20,32,26,127,112,96,74,71,57,155,158,152,144,142,148,79,104,92,81,89,92,169,108,36
output_0000166.png,30,39,34,185,171,158,130,118,103,151,151,149,87,81,68,96,97,94,104,111,103,139,138,142,164,108,84
output_0000167.png,199,174,145,27,42,34,118,109,103,78,77,68,84,106,106,53,76,72,145,154,161,80,100,90,144,148,143
output_0000168.png,216,215,209,154,164,159,25,22,14,130,121,106,83,63,46,100,114,100,130,139,141,93,82,76,180,124,116
output_0000169.png,207,203,189,100,81,65,30,35,29,149,158,160,141,143,135,168,176,170,109,119,120,145,113,92,56,42,33
output_0000170.png,220,219,216,159,169,166,45,35,23,109,119,106,145,131,111,131,145,150,105,79,53,95,90,85,189,148,88
output_0000171.png,198,196,186,91,76,61,26,33,28,130,136,131,141,151,157,105,112,113,148,171,164,136,106,85,47,35,28
output_0000172.png,215,214,209,37,30,19,155,167,163,105,122,117,122,143,150,146,131,108,81,94,94,99,78,55,180,132,64
output_0000173.png,200,188,173,124,109,94,21,32,27,152,149,141,72,67,54,83,94,84,141,137,140,77,83,85,164,100,92
output_0000174.png,83,63,44,19,16,9,221,221,218,113,101,75,119,133,126,159,169,168,152,144,131,171,162,139,60,100,76
output_0000175.png,135,142,131,31,38,35,72,62,68,199,191,173,102,89,83,77,86,87,89,79,58,177,190,179,158,178,182
output_0000176.png,13,34,28,127,98,78,156,127,100,73,63,54,72,94,88,26,64,54,154,159,167,54,73,89,108,60,52
output_0000177.png,184,192,185,40,34,27,107,129,115,135,149,145,111,88,74,89,101,94,84,88,78,158,154,160,124,164,132
output_0000178.png,217,217,204,32,35,30,126,121,109,165,146,123,106,91,76,79,81,71,137,136,151,78,92,94,140,164,144
output_0000179.png,20,35,24,148,136,111,116,119,97,99,94,72,69,59,43,75,86,64,103,106,101,58,75,71,132,84,60
output_0000180.png,201,190,166,40,54,43,141,138,121,101,133,120,157,175,164,100,102,86,70,98,86,103,114,118,150,158,168
output_0000181.png,128,109,95,13,23,16,76,90,83,71,58,48,22,55,44,98,110,116,45,61,71,170,171,165,80,116,103
output_0000182.png,48,63,59,195,200,182,126,127,119,146,174,165,84,124,117,13,18,13,134,149,167,84,105,118,174,76,140
output_0000183.png,40,40,34,200,213,206,106,139,122,123,100,85,137,158,164,81,111,107,91,89,76,168,160,143,158,172,140
output_0000184.png,45,61,55,196,200,182,126,130,119,142,174,167,80,126,118,86,105,112,13,18,13,137,152,166,169,73,134
output_0000185.png,176,165,132,17,22,20,108,106,96,128,143,144,60,64,61,62,88,82,126,132,140,65,75,84,148,100,56
output_0000186.png,135,113,97,14,24,17,87,79,69,105,116,111,98,106,109,30,56,46,34,84,73,35,59,76,120,68,64
output_0000187.png,189,180,157,38,43,36,132,122,108,86,80,64,152,168,152,77,115,110,67,98,100,149,152,156,164,108,100
output_0000188.png,197,209,198,37,36,30,108,137,113,117,93,77,78,111,94,139,157,155,163,151,128,75,94,77,140,172,137
output_0000189.png,185,180,165,24,38,31,122,114,98,54,86,70,140,160,151,138,146,148,74,112,95,72,93,96,160,100,84
output_0000190.png,207,202,182,38,51,44,129,127,115,84,86,76,88,115,115,149,163,168,151,165,146,77,117,97,199,177,74
output_0000191.png,111,94,72,76,69,53,13,16,10,81,94,85,72,82,86,49,70,60,51,42,28,43,57,56,27,49,36
output_0000192.png,186,188,175,70,57,42,126,132,117,121,96,71,144,154,150,161,145,127,10,13,10,94,103,95,180,164,108
output_0000193.png,178,159,143,33,42,35,124,108,92,62,82,71,85,118,104,91,83,71,91,97,100,143,147,148,118,156,138
output_0000194.png,193,182,169,23,38,31,130,112,95,152,158,147,81,74,60,86,105,94,140,147,149,75,91,93,172,84,76
output_0000195.png,190,184,171,142,151,146,23,22,16,117,101,87,113,126,129,80,58,44,84,97,96,84,75,76,164,108,100
output_0000196.png,193,183,171,20,35,28,126,107,93,74,69,58,152,157,147,141,146,150,79,104,96,81,91,93,164,108,102
output_0000197.png,191,184,165,80,58,44,31,31,24,93,109,96,109,82,54,131,103,81,130,148,134,156,131,101,51,116,76
output_0000198.png,44,53,44,196,168,162,153,119,115,101,128,114,109,82,74,157,169,162,151,153,156,101,106,108,180,132,97
output_0000199.png,42,61,51,183,157,122,123,94,79,12,18,10,57,108,90,146,165,157,88,93,92,145,129,124,160,100,40
output_0000200.png,42,53,43,204,184,176,142,118,106,99,82,69,96,123,110,155,166,157,154,154,158,92,107,109,172,124,116
output_0000201.png,185,156,124,37,56,49,122,91,82,13,18,11,80,73,66,58,108,92,67,97,92,146,162,152,140,148,148
output_0000202.png,113,90,90,11,34,29,192,166,144,145,132,124,68,64,65,157,158,158,59,31,30,75,73,30,127,139,159
output_0000203.png,42,51,42,202,184,174,140,116,105,98,79,67,93,122,110,153,167,160,90,104,102,144,154,158,172,124,132
output_0000204.png,30,40,33,176,148,114,113,85,76,78,69,63,62,103,91,15,80,66,77,84,84,140,156,152,140,136,124
output_0000205.png,232,230,226,156,170,169,21,24,22,94,113,106,122,105,92,90,69,57,122,144,149,75,90,93,180,164,164
output_0000206.png,190,170,135,31,44,37,120,91,80,75,67,60,48,87,77,64,108,95,137,165,149,132,132,140,92,96,100
output_0000207.png,211,196,176,121,95,91,19,34,28,74,66,60,133,140,150,68,87,95,145,161,170,164,89,20,85,102,101
output_0000208.png,218,208,199,36,40,39,169,172,167,109,78,63,99,126,110,146,128,112,155,154,158,188,156,138,106,105,112
output_0000209.png,198,182,131,85,102,94,155,145,105,29,44,42,49,49,44,73,79,40,163,193,170,141,168,167,121,152,143
output_0000210.png,181,180,192,59,50,38,172,159,151,126,129,138,149,157,159,125,92,64,71,84,88,88,113,83,76,156,172
output_0000211.png,60,53,48,169,185,160,139,141,107,137,102,67,183,139,88,101,99,73,133,159,160,85,103,111,212,174,92
output_0000212.png,181,180,192,71,65,55,131,133,142,179,154,133,132,97,73,156,164,160,24,17,6,84,122,82,92,100,172
output_0000213.png,37,28,16,131,144,129,103,91,48,212,218,202,130,119,77,157,179,180,86,87,93,65,74,90,182,177,146
output_0000214.png,74,59,44,188,180,166,134,114,95,149,161,147,12,17,11,142,144,143,107,115,99,100,95,94,172,60,60
output_0000215.png,182,170,154,36,38,37,132,115,107,157,160,151,88,112,106,87,75,70,80,89,93,147,146,149,180,76,76
output_0000216.png,39,33,24,192,179,166,137,117,101,158,160,152,147,143,142,107,108,99,102,76,61,98,89,87,172,108,108
output_0000217.png,206,206,200,42,43,36,159,159,161,174,141,116,128,130,121,122,92,73,67,91,70,90,99,103,200,172,132
output_0000218.png,62,50,40,230,220,210,116,86,67,149,119,93,150,148,128,182,147,118,196,173,139,176,185,164,86,108,93
output_0000219.png,40,40,33,205,202,190,132,105,87,173,136,110,98,111,103,93,72,57,151,154,161,193,164,124,97,99,100
output_0000220.png,67,50,39,116,84,66,228,217,206,148,114,91,151,141,125,193,175,140,180,145,125,177,183,161,96,92,84
output_0000221.png,198,202,194,33,29,22,107,113,102,160,119,98,139,143,144,113,79,62,78,59,44,75,89,85,124,156,108
output_0000222.png,103,77,62,51,40,32,226,216,206,138,107,85,188,171,138,137,111,106,170,137,118,169,180,159,84,84,81
output_0000223.png,199,198,189,35,35,26,165,126,105,108,114,104,114,80,61,147,146,148,81,61,47,191,156,116,85,92,92
output_0000224.png,182,151,128,32,44,36,119,98,83,79,69,55,83,103,92,141,139,142,142,153,147,87,91,93,156,84,68
output_0000225.png,37,37,28,204,203,192,173,130,110,112,117,104,167,151,151,126,88,69,85,65,50,89,98,94,196,164,124
output_0000226.png,199,191,178,49,42,39,139,112,97,101,77,68,152,174,167,106,117,108,73,83,80,146,154,157,88,94,113
output_0000227.png,31,35,32,155,135,126,88,97,98,117,107,105,129,129,132,79,82,86,84,67,58,129,132,124,144,92,68
output_0000228.png,188,191,182,39,34,34,119,122,113,85,83,74,162,122,103,123,88,73,81,62,55,96,99,100,150,148,156
output_0000229.png,202,172,148,41,39,35,139,119,117,100,84,83,105,116,118,105,106,110,77,90,91,161,154,157,164,164,161
output_0000230.png,141,139,111,197,184,143,59,55,43,95,83,49,85,95,94,147,164,160,109,96,70,65,78,80,174,196,145
output_0000231.png,84,70,52,228,237,231,143,150,134,183,174,151,116,127,116,136,124,116,183,192,177,164,144,104,176,180,172
output_0000232.png,119,120,81,229,238,237,49,51,38,161,165,152,193,188,164,177,190,179,80,83,34,70,59,42,172,196,196
output_0000233.png,89,80,63,224,233,227,140,149,132,114,128,117,180,178,154,184,195,181,133,124,116,174,180,172,180,172,108
output_0000234.png,81,81,62,227,237,230,128,137,112,150,157,135,185,190,165,170,181,159,123,139,124,120,124,116,190,195,181
output_0000235.png,137,129,114,211,208,204,36,32,19,84,65,39,66,49,27,185,182,180,76,72,61,99,81,59,188,188,171
output_0000236.png,94,84,72,225,234,227,124,128,108,143,153,141,179,191,179,116,131,124,181,162,146,133,116,124,182,182,162
output_0000237.png,146,150,131,47,49,39,122,101,56,92,72,56,160,179,180,208,183,163,91,100,91,117,100,83,186,196,178
output_0000238.png,223,229,228,69,68,58,190,171,145,161,174,171,147,151,149,150,126,98,119,99,82,121,128,107,164,180,188
output_0000239.png,206,225,227,43,55,47,144,148,134,170,187,191,161,173,157,113,132,127,100,120,97,98,98,84,222,205,40
output_0000240.png,158,171,165,26,27,19,101,112,98,118,138,142,60,68,54,90,57,48,16,62,86,145,125,112,156,148,44
output_0000241.png,159,152,139,64,63,49,212,195,181,100,77,70,108,99,60,107,104,90,172,178,182,195,196,178,133,103,94
output_0000242.png,185,192,182,35,40,30,106,164,146,127,118,94,74,119,144,83,81,60,91,108,94,36,78,95,166,89,49
output_0000243.png,52,57,52,204,201,184,74,91,94,133,114,115,112,95,72,165,149,116,131,143,147,167,147,142,140,76,76
output_0000244.png,185,187,183,157,172,178,43,39,29,140,120,112,159,154,130,97,114,115,91,81,63,101,100,88,164,132,156
output_0000245.png,53,63,61,202,195,175,101,85,69,115,117,118,125,105,75,157,126,127,164,149,117,158,154,147,84,108,114
output_0000246.png,196,196,186,153,167,165,37,38,32,131,115,94,138,154,103,94,105,97,83,71,54,175,131,87,91,95,77
output_0000247.png,50,58,55,204,197,178,92,81,67,117,116,114,154,130,120,128,109,77,164,153,120,157,156,147,76,100,100
output_0000248.png,167,172,175,37,35,26,78,68,50,141,121,100,90,112,115,142,122,132,97,72,77,35,150,165,218,207,188
output_0000249.png,195,185,167,46,54,52,94,76,61,113,107,98,144,118,109,156,140,111,117,98,70,151,144,133,76,92,97
output_0000250.png,184,190,185,36,39,31,153,156,157,116,122,106,165,128,91,106,82,60,186,183,13,68,81,69,24,86,111
output_0000251.png,191,182,162,67,63,53,79,84,84,140,124,99,144,123,127,217,216,206,113,89,85,137,143,139,156,108,68
output_0000252.png,189,201,198,179,156,122,37,38,31,115,122,113,123,150,123,108,88,65,56,71,74,80,93,83,76,168,164
output_0000253.png,216,220,205,123,113,90,16,28,30,155,163,139,72,70,59,84,98,84,129,144,159,184,108,70,49,78,100
output_0000254.png,197,191,172,67,64,55,106,86,71,161,142,114,131,122,109,124,108,79,167,134,140,220,221,213,92,108,111
output_0000255.png,190,191,182,138,164,150,37,38,33,125,112,94,88,105,96,135,139,141,83,76,62,82,90,93,169,88,59
output_0000256.png,176,188,192,162,135,122,43,39,30,115,115,118,114,92,72,125,143,143,38,156,170,78,78,76,86,92,86
output_0000257.png,204,195,176,62,64,57,101,83,66,161,131,124,117,117,113,128,108,80,173,154,121,155,156,149,84,100,97
output_0000258.png,175,189,192,167,158,141,43,39,29,155,129,129,115,118,120,116,95,74,78,80,78,85,92,89,124,140,164
output_0000259.png,199,191,174,64,65,59,97,78,62,116,112,108,154,123,115,113,97,71,163,144,112,148,148,143,84,100,102
output_0000260.png,234,241,238,91,98,71,192,193,159,154,165,142,148,149,106,166,191,160,119,131,114,129,149,114,156,183,183
output_0000261.png,137,133,107,50,59,53,173,180,173,190,171,145,88,101,96,83,70,61,176,180,134,158,159,146,144,134,39
output_0000262.png,85,86,66,225,235,224,148,139,100,187,181,136,159,161,131,164,183,160,41,46,38,164,188,172,128,135,95
output_0000263.png,217,200,97,76,79,57,192,199,188,154,139,94,161,169,138,118,133,123,117,107,76,124,126,95,196,116,108
output_0000264.png,103,109,97,174,154,127,154,167,164,48,53,29,45,58,58,146,135,113,66,57,52,90,78,53,155,165,144
output_0000265.png,105,107,95,56,61,33,51,64,63,159,146,116,183,166,140,164,176,173,169,172,126,75,63,60,120,149,149
output_0000266.png,100,102,77,210,217,204,18,22,16,169,182,161,60,44,36,156,154,122,137,151,118,153,166,172,84,70,30
output_0000267.png,117,115,101,177,165,138,40,51,46,136,161,164,156,160,116,69,62,55,178,192,145,105,123,24,69,83,80
output_0000268.png,223,233,228,166,152,117,24,31,23,112,129,104,149,166,154,162,194,92,102,92,53,67,77,51,73,95,87
output_0000269.png,206,194,86,78,85,69,176,163,81,193,205,197,130,142,129,144,137,84,58,55,21,132,119,68,150,164,164
output_0000270.png,116,123,112,58,77,38,185,171,148,45,70,74,69,88,81,154,158,141,161,183,163,69,64,67,147,165,164
output_0000271.png,181,170,147,213,214,207,44,50,41,125,136,126,125,111,73,152,168,140,73,90,84,92,110,84,148,176,172
output_0000272.png,237,242,234,112,115,98,166,189,175,192,190,152,76,68,35,163,157,126,165,175,159,58,66,55,73,68,58
output_0000273.png,93,94,73,234,239,231,153,163,143,147,136,99,184,177,133,56,50,40,40,42,33,159,180,163,164,184,172
output_0000274.png,175,189,181,123,113,79,29,42,33,183,161,121,156,166,130,65,75,60,135,140,122,58,49,39,108,91,32
output_0000275.png,80,83,64,231,237,227,143,140,109,121,150,134,156,181,172,154,180,163,185,183,150,33,39,28,120,132,103
output_0000276.png,121,123,40,236,237,235,145,138,83,168,165,142,152,161,148,148,145,124,84,95,78,74,84,72,201,188,54
output_0000277.png,39,36,29,89,82,66,221,227,224,140,127,86,125,125,121,201,186,136,157,151,135,167,171,169,68,84,76
output_0000278.png,208,215,205,53,55,47,186,171,128,125,109,75,121,130,123,100,90,64,151,164,143,105,118,76,140,164,164
output_0000279.png,202,193,182,46,43,39,164,146,115,118,98,72,124,112,107,138,140,121,79,77,79,92,92,80,108,124,148
output_0000280.png,205,207,193,28,30,28,125,105,91,79,73,57,147,156,154,92,105,92,74,88,94,149,159,115,166,133,89
output_0000281.png,202,194,178,48,45,40,136,120,94,164,135,102,90,80,63,113,92,67,150,145,157,105,95,106,204,172,84
output_0000282.png,207,208,194,27,30,28,123,105,89,80,94,97,79,72,57,150,158,124,94,96,65,150,162,160,169,137,89
output_0000283.png,198,189,175,39,37,32,122,106,80,83,67,48,147,148,131,91,92,75,156,116,100,148,140,140,92,84,92
output_0000284.png,204,214,202,54,40,26,150,145,124,126,128,112,114,97,75,188,178,140,164,174,147,93,88,69,104,106,102
output_0000285.png,195,187,168,38,33,23,125,106,81,148,155,134,85,70,51,91,97,80,164,116,96,77,81,96,142,140,144
output_0000286.png,45,49,37,220,221,210,109,98,67,117,124,112,157,152,123,97,99,95,164,172,162,144,154,152,64,176,132
output_0000287.png,214,202,181,48,46,37,159,137,116,165,176,163,110,128,106,160,160,158,109,89,66,114,103,102,188,116,116
output_0000288.png,219,209,190,40,41,37,139,110,90,94,76,58,162,156,127,104,101,84,180,140,86,160,155,162,106,106,101
output_0000289.png,192,173,179,44,46,31,161,138,106,116,107,74,81,78,51,89,110,47,116,163,10,108,116,140,90,95,102
output_0000290.png,192,186,168,38,41,33,90,72,51,94,78,74,102,109,95,150,122,93,236,236,231,145,125,123,54,166,148
output_0000291.png,177,150,147,42,45,31,121,102,79,132,128,137,82,75,48,118,160,36,86,106,32,88,85,87,148,84,84
output_0000292.png,219,214,202,39,39,32,142,121,106,184,158,128,95,81,66,163,164,149,107,102,87,107,109,106,132,156,164
output_0000293.png,46,47,33,164,139,149,192,166,167,153,121,104,112,90,68,116,113,78,82,86,50,88,87,93,106,188,18
output_0000294.png,174,169,172,205,198,188,42,42,33,141,111,83,103,104,107,203,127,21,171,155,117,95,77,57,109,97,69
output_0000295.png,179,150,151,40,42,29,120,102,81,126,127,139,82,75,48,87,103,49,140,148,154,85,86,92,148,84,76
output_0000296.png,213,201,182,36,38,34,135,108,91,85,77,64,160,159,136,99,102,93,176,124,102,75,85,103,164,140,156
output_0000297.png,176,151,160,42,45,30,116,101,77,163,129,114,81,76,49,139,140,96,87,101,48,86,89,99,116,120,140
output_0000298.png,219,213,201,140,113,96,184,161,133,36,38,33,163,158,148,88,73,57,105,100,86,104,106,103,124,140,164
output_0000299.png,53,52,42,217,208,188,164,142,124,175,186,178,115,136,113,136,184,150,119,98,76,117,111,110,216,169,60
output_0000300.png,149,116,107,86,55,49,37,32,28,201,194,188,100,76,68,181,169,161,115,75,46,185,177,182,205,174,158
output_0000301.png,216,206,188,139,112,99,32,34,30,165,162,160,167,159,138,90,72,56,100,98,97,191,145,84,104,100,81
output_0000302.png,169,142,149,45,49,32,127,108,89,138,140,149,89,80,53,96,102,59,141,140,104,90,93,102,156,114,84
output_0000303.png,215,205,187,138,112,99,167,164,153,34,35,30,90,73,56,103,102,92,160,145,157,88,88,95,182,132,77
output_0000304.png,113,82,76,201,192,191,47,71,36,168,158,155,193,180,169,188,170,165,153,135,123,81,51,48,95,54,28
output_0000305.png,216,204,184,139,112,99,168,164,152,35,36,31,90,74,58,104,102,90,162,145,157,182,132,91,97,90,93
output_0000306.png,170,142,150,45,50,32,127,108,88,136,130,140,91,84,54,98,108,69,91,92,89,140,148,93,156,128,84
output_0000307.png,218,209,193,139,113,101,32,35,31,167,164,162,166,158,138,92,95,102,90,73,58,197,143,88,105,100,81
output_0000308.png,172,144,152,40,45,30,127,104,90,131,129,142,85,78,51,95,103,71,146,149,150,88,85,90,158,100,94
output_0000309.png,219,208,188,41,40,34,174,169,158,149,123,110,108,85,66,118,113,99,170,150,158,115,95,102,196,124,84
output_0000310.png,172,145,153,43,47,31,128,105,92,134,125,134,96,102,77,90,81,53,85,88,93,147,150,142,158,108,89
output_0000311.png,214,203,185,38,39,32,142,115,102,166,166,162,164,160,142,98,79,59,108,100,98,192,141,77,107,102,79
output_0000312.png,41,45,29,173,146,147,150,127,141,140,111,111,93,78,54,97,94,94,98,102,60,164,123,92,152,149,116
output_0000313.png,220,210,194,143,115,104,37,37,32,171,167,164,170,161,135,100,78,59,108,102,97,192,143,84,110,100,79
output_0000314.png,161,132,146,38,43,27,129,107,97,143,122,134,83,76,51,94,101,67,156,116,122,87,86,87,143,150,155
output_0000315.png,216,204,186,144,118,103,40,40,35,170,167,158,98,81,63,158,152,156,114,109,96,181,132,87,108,95,100
output_0000316.png,164,135,143,38,43,28,136,124,137,132,104,97,85,75,50,94,101,69,83,86,96,143,140,97,156,106,84
output_0000317.png,219,215,200,35,31,25,144,126,98,161,172,151,106,108,81,96,75,54,151,152,152,101,91,92,180,124,76
output_0000318.png,211,198,169,46,46,37,158,136,110,152,177,150,108,128,98,111,93,71,161,163,157,107,104,102,188,124,28
output_0000319.png,168,157,139,17,20,15,101,89,68,59,46,35,131,132,128,75,76,60,127,122,135,140,100,80,70,66,76
output_0000320.png,183,172,168,128,88,78,101,66,63,101,58,44,146,109,104,64,52,42,158,129,119,221,216,210,119,127,117
output_0000321.png,220,210,192,147,121,109,173,170,158,37,38,33,158,151,159,109,104,92,96,77,60,105,90,101,188,116,84
output_0000322.png,166,139,151,39,44,29,130,106,94,137,126,138,145,150,158,83,76,50,95,103,66,87,86,90,156,108,84
output_0000323.png,218,215,203,46,45,38,147,120,108,194,171,142,109,85,67,169,172,153,117,108,115,121,117,93,124,148,172
output_0000324.png,170,144,152,46,50,32,129,106,93,137,132,143,90,84,55,146,148,157,98,110,75,93,93,98,160,92,76
output_0000325.png,191,176,161,120,94,85,28,32,26,80,64,48,156,116,109,145,150,142,88,94,82,144,128,140,80,82,85
output_0000326.png,72,67,48,197,220,224,128,133,123,158,134,94,196,175,122,123,100,63,126,126,95,174,173,138,24,206,172
output_0000327.png,186,184,161,67,67,55,152,164,166,138,122,93,106,94,73,133,142,146,113,118,111,99,104,101,164,124,92
output_0000328.png,202,202,164,60,68,55,156,149,78,176,174,100,190,179,71,108,104,71,176,185,158,116,127,93,111,132,112
output_0000329.png,162,165,149,54,54,45,131,148,153,117,114,95,88,79,63,97,104,98,113,128,137,148,124,96,81,90,93
output_0000330.png,78,69,35,221,225,206,145,140,98,188,179,130,116,128,98,163,174,134,106,115,93,34,34,16,148,172,156
output_0000331.png,219,223,204,57,52,27,158,180,160,142,127,76,156,167,126,113,126,92,110,83,32,195,179,74,97,108,92
output_0000332.png,117,96,66,187,184,133,55,65,51,150,148,102,181,137,91,162,116,77,118,129,110,151,163,148,78,60,45
output_0000333.png,179,157,63,218,216,192,65,66,50,147,127,56,143,143,115,111,118,90,158,164,136,99,102,86,148,188,172
output_0000334.png,175,164,117,119,105,72,35,32,23,154,139,96,162,168,162,82,69,51,63,70,62,90,101,92,78,89,94
output_0000335.png,80,71,53,186,189,171,160,175,164,143,127,93,153,162,152,25,32,30,122,130,111,105,112,102,172,140,94
output_0000336.png,171,161,122,36,34,26,126,109,75,141,151,123,84,66,44,92,99,80,55,73,85,130,140,140,156,92,76
output_0000337.png,191,201,186,77,70,55,133,116,91,147,168,163,134,151,151,23,33,34,108,123,117,39,35,30,90,103,102
output_0000338.png,237,239,228,193,183,135,216,212,187,167,154,97,169,155,114,206,199,168,228,212,153,164,164,124,228,220,172
output_0000339.png,188,197,185,68,60,43,157,176,172,135,123,93,105,95,70,23,32,32,111,123,113,93,106,101,153,164,142
output_0000340.png,156,147,113,35,32,20,96,89,64,79,66,46,234,231,214,214,199,157,117,99,73,83,76,44,204,204,172
output_0000341.png,81,76,56,199,212,206,194,188,79,142,131,93,33,39,36,116,125,117,163,176,135,119,125,78,132,159,156
output_0000342.png,72,63,49,19,19,13,158,128,89,170,156,124,107,111,101,124,127,125,127,99,62,37,27,20,103,108,84
output_0000343.png,77,68,51,205,216,211,135,110,76,132,136,126,172,144,100,186,180,132,30,39,39,146,156,156,112,116,93
output_0000344.png,193,178,136,60,49,28,207,198,169,134,106,69,139,128,112,169,140,101,95,91,76,107,108,88,164,148,156
output_0000345.png,87,76,54,208,219,213,149,126,90,157,166,156,37,45,43,119,125,114,185,156,99,167,166,112,126,125,72
output_0000346.png,202,197,168,42,34,18,175,153,109,122,103,72,138,141,127,86,67,43,94,98,91,96,93,68,132,143,140
output_0000347.png,183,193,181,62,56,44,148,164,159,131,112,81,106,84,57,148,150,123,106,112,104,166,138,85,111,108,75
output_0000348.png,183,180,158,150,153,128,40,35,19,130,116,79,132,137,127,102,102,72,92,69,40,81,83,76,164,116,76
output_0000349.png,203,206,189,70,61,46,178,175,142,143,120,85,114,91,61,174,147,103,121,119,95,159,164,156,100,108,108
output_0000350.png,227,230,212,148,137,90,59,62,48,198,182,109,86,86,67,173,171,141,131,116,30,76,67,51,185,196,163
output_0000351.png,39,35,23,183,165,135,132,115,84,153,157,143,96,75,49,102,106,90,145,147,140,90,87,88,164,100,76
output_0000352.png,198,203,186,66,59,42,152,140,110,184,173,131,118,98,66,128,128,108,169,172,144,95,95,75,113,114,100
output_0000353.png,231,235,219,62,57,42,193,173,124,141,116,77,107,90,60,162,167,129,114,116,83,172,182,166,116,124,108
output_0000354.png,210,203,180,57,51,41,166,167,147,146,136,111,120,122,102,109,86,61,154,156,148,180,100,84,84,100,100
output_0000355.png,224,229,211,194,177,131,58,53,41,141,117,81,102,85,58,157,173,130,113,118,90,108,126,114,156,180,172
output_0000356.png,215,207,178,199,187,143,51,44,34,145,127,92,168,167,139,102,78,55,115,122,100,111,112,86,180,100,84
output_0000357.png,190,180,124,224,220,178,55,49,34,137,119,82,161,165,120,102,81,49,112,111,76,113,117,101,172,172,156
output_0000358.png,192,176,132,57,47,36,218,207,173,153,133,97,171,164,130,109,80,52,119,110,81,116,111,101,180,180,156
output_0000359.png,233,229,193,57,51,34,191,174,126,129,107,70,99,78,45,156,156,121,196,184,156,108,108,76,108,112,92
output_0000360.png,203,188,153,219,214,174,96,76,65,173,158,118,155,126,97,185,176,160,135,119,87,136,132,120,196,204,156
output_0000361.png,228,226,193,60,53,35,197,187,136,121,97,62,101,89,57,180,149,108,134,137,111,136,123,81,146,172,156
output_0000362.png,216,209,183,53,46,37,167,176,155,142,124,92,100,76,53,150,156,148,109,111,94,96,97,93,196,108,116
output_0000363.png,234,231,205,64,56,41,144,120,85,111,87,57,169,167,120,122,117,92,180,120,100,114,108,100,172,156,148
output_0000364.png,211,201,170,61,51,41,148,128,91,168,169,148,116,126,114,109,84,55,149,155,148,188,132,108,84,100,100
output_0000365.png,237,235,215,65,57,43,137,114,80,187,166,121,106,86,59,159,169,115,116,115,100,114,117,76,172,172,156
output_0000366.png,220,212,188,190,166,124,56,47,36,141,118,87,160,158,134,101,75,51,110,115,103,110,109,81,148,184,172
output_0000367.png,236,233,213,64,56,45,147,125,90,109,87,61,169,165,133,122,117,93,159,156,148,117,108,100,180,132,92
output_0000368.png,225,214,183,65,52,39,175,173,143,156,134,97,117,87,57,123,132,104,162,156,148,108,107,101,196,108,108
output_0000369.png,229,226,195,78,67,46,189,173,121,140,117,79,153,173,104,40,37,27,112,119,82,112,123,105,113,182,185
output_0000370.png,200,197,160,25,30,26,94,164,144,111,106,80,68,62,48,50,110,97,61,140,141,159,92,74,66,83,84
output_0000371.png,218,193,118,95,105,86,164,152,117,180,193,169,48,46,33,89,78,24,133,151,130,173,179,164,42,84,71
output_0000372.png,199,196,159,29,31,27,83,169,151,117,108,72,76,68,49,61,106,90,61,138,141,68,83,84,164,100,96
output_0000373.png,94,105,85,222,200,106,178,188,162,163,143,104,50,40,30,74,65,28,222,56,60,43,71,61,172,172,164
output_0000374.png,200,198,161,29,31,27,83,171,153,118,105,69,77,64,45,57,104,90,28,139,140,65,83,84,156,108,60
output_0000375.png,51,74,60,97,112,92,200,200,177,224,211,100,196,179,120,162,160,129,106,94,26,133,159,133,69,68,53
output_0000376.png,191,171,132,34,31,20,142,119,86,96,76,50,111,112,92,161,165,142,98,96,85,144,152,147,172,84,36
output_0000377.png,214,206,169,28,25,17,118,98,71,78,63,43,91,92,76,146,148,117,85,83,76,156,116,84,132,140,140
output_0000378.png,37,34,21,193,175,136,140,122,90,96,79,53,112,112,90,159,166,146,129,151,153,95,96,92,172,108,76
output_0000379.png,194,178,74,51,54,46,132,123,79,93,87,64,98,113,102,100,109,87,144,161,113,72,153,156,213,208,191
output_0000380.png,41,38,25,186,168,135,132,112,80,92,76,49,102,104,75,154,156,128,97,89,84,152,140,140,164,100,92
output_0000381.png,213,207,170,31,29,20,126,107,73,84,74,50,98,101,82,152,157,132,82,88,85,137,142,148,164,124,92
output_0000382.png,44,42,28,189,176,146,142,121,87,110,112,82,100,83,54,161,165,138,100,94,85,157,156,140,172,116,100
output_0000383.png,178,150,128,16,24,15,109,92,57,140,92,66,62,55,32,72,79,54,128,118,116,132,132,118,66,68,68
output_0000384.png,36,34,23,190,176,142,140,123,88,97,81,55,112,111,81,162,165,135,103,98,93,156,148,148,172,124,116
output_0000385.png,163,143,121,16,20,18,103,86,76,118,111,117,110,134,65,64,53,46,132,84,77,73,81,58,69,65,69
output_0000386.png,44,40,28,195,181,148,140,125,89,108,114,78,101,79,55,159,166,126,172,124,50,101,97,92,156,156,148
output_0000387.png,198,190,135,33,29,16,129,111,70,150,152,90,85,68,40,97,95,65,166,116,81,93,78,77,144,136,132
output_0000388.png,199,184,96,57,60,49,134,125,83,140,163,121,97,89,61,100,121,85,95,104,93,92,145,137,168,80,72
output_0000389.png,191,180,144,34,33,20,129,114,78,154,158,122,86,71,45,96,102,75,90,90,76,148,144,132,172,84,60
output_0000390.png,210,204,162,31,28,17,126,111,72,150,167,69,96,95,65,83,71,46,117,128,140,89,77,77,164,124,116
output_0000391.png,109,92,58,218,216,203,39,43,33,161,144,116,175,175,107,191,166,129,162,144,76,145,135,49,67,49,35
output_0000392.png,199,198,170,35,32,23,137,121,84,158,162,131,89,73,53,105,103,74,95,91,84,152,148,140,172,124,108
output_0000393.png,228,222,191,41,37,24,134,110,75,93,75,46,102,102,75,162,159,126,172,124,107,88,89,85,156,148,132
output_0000394.png,154,161,128,73,91,70,229,230,215,110,124,98,102,116,84,100,108,82,210,212,182,190,190,168,196,204,174
output_0000395.png,58,67,49,146,175,162,104,113,88,221,224,210,62,84,74,160,206,213,80,83,70,95,145,139,103,121,118
output_0000396.png,204,193,98,218,227,218,63,60,49,156,171,147,140,140,128,137,121,86,95,95,90,110,118,99,148,164,172
output_0000397.png,206,219,205,62,57,49,139,140,124,173,150,122,136,113,85,163,165,165,100,106,91,109,119,109,189,180,132
output_0000398.png,216,224,214,204,192,96,57,57,48,137,136,122,153,169,141,100,88,65,137,119,76,109,118,88,140,164,164
output_0000399.png,195,194,173,46,46,38,129,117,96,150,163,152,91,84,69,104,111,107,94,96,94,133,138,142,164,132,116
output_0000400.png,215,212,196,63,61,50,183,176,168,176,162,135,144,146,122,126,112,87,100,104,87,105,114,109,204,194,98
output_0000401.png,197,199,178,53,56,48,156,177,164,141,122,92,151,162,134,99,92,78,110,117,118,109,116,92,173,161,55
output_0000402.png,62,62,54,206,216,207,214,202,115,138,147,138,162,174,157,140,125,83,109,97,72,121,127,65,148,180,188
output_0000403.png,148,144,130,72,71,51,217,226,220,78,86,81,220,208,180,182,194,191,107,80,79,168,158,51,200,212,199
output_0000404.png,67,64,56,182,191,174,162,147,129,134,134,119,121,107,96,143,152,152,102,102,93,105,107,109,140,164,144
output_0000405.png,213,223,212,63,63,53,212,201,110,124,132,124,154,167,143,136,129,65,105,95,70,111,117,83,132,152,164
output_0000406.png,183,195,177,75,79,70,149,172,162,135,122,97,30,31,27,112,129,118,145,149,156,99,107,121,164,108,100
output_0000407.png,217,207,199,62,59,51,166,189,176,163,173,129,151,137,110,201,184,75,108,95,76,112,123,114,117,120,91
output_0000408.png,200,208,191,39,37,31,110,113,108,135,140,147,152,131,103,68,75,64,99,78,66,85,89,93,170,171,76
output_0000409.png,218,210,204,189,168,131,57,54,45,139,130,119,131,106,85,160,173,137,97,86,63,103,109,77,148,156,172
output_0000410.png,192,201,188,39,39,30,161,137,117,177,177,132,116,121,123,75,83,79,113,89,64,120,116,67,181,148,164
output_0000411.png,61,58,46,215,224,214,200,192,106,130,135,124,125,109,74,158,168,144,89,91,83,106,116,98,140,156,164
output_0000412.png,205,200,180,45,47,32,163,175,151,144,146,115,148,161,149,114,127,100,100,95,58,100,104,93,188,108,56
output_0000413.png,56,55,46,200,190,101,214,223,213,138,135,110,99,90,64,158,168,143,111,120,116,112,117,85,140,156,164
output_0000414.png,202,210,198,77,73,56,206,197,92,152,159,142,144,136,93,168,180,161,105,111,98,122,132,109,148,184,172
output_0000415.png,35,25,20,150,151,152,105,103,97,126,118,108,68,66,59,88,76,60,133,132,121,84,82,84,113,116,132
output_0000416.png,154,152,131,36,31,23,220,217,199,55,57,49,79,64,35,82,79,72,192,176,142,94,106,87,170,171,180
output_0000417.png,155,157,146,36,36,34,78,58,50,91,85,62,212,214,207,87,96,88,193,195,196,194,204,192,54,100,90
output_0000418.png,114,110,101,179,178,163,35,30,28,44,52,52,58,59,58,83,63,55,156,158,148,155,156,139,70,53,34
output_0000419.png,158,160,146,45,40,33,76,79,59,103,101,87,219,224,222,68,93,83,213,213,201,203,212,200,84,60,76
output_0000420.png,195,199,199,19,27,23,136,151,149,107,106,97,125,138,141,69,59,46,81,95,92,72,81,85,177,116,142
output_0000421.png,211,221,199,158,174,131,40,40,29,140,134,97,107,120,89,95,83,57,86,98,93,180,156,124,76,156,156
output_0000422.png,217,226,214,99,101,78,202,182,139,41,47,36,155,164,145,159,143,101,175,189,158,109,42,37,134,150,112
output_0000423.png,225,233,222,77,83,61,185,192,158,141,143,99,168,182,149,151,162,145,119,136,100,102,120,103,140,172,180
output_0000424.png,189,203,186,31,33,23,116,127,96,141,152,144,154,147,99,101,89,61,173,179,78,72,80,58,67,92,88
output_0000425.png,207,214,211,18,22,17,106,116,110,133,136,129,82,65,48,122,136,133,57,64,56,65,76,76,124,148,140
output_0000426.png,223,231,228,19,25,22,99,112,107,128,144,142,63,73,66,140,147,145,85,86,79,73,86,85,132,156,149
output_0000427.png,206,215,201,34,35,26,117,119,90,144,158,139,77,78,54,89,102,81,108,140,156,156,140,108,92,92,92
output_0000428.png,214,209,184,75,87,71,149,144,113,34,30,24,165,183,162,81,122,137,126,163,178,26,99,88,123,140,99
output_0000429.png,56,59,42,204,192,172,150,141,117,165,167,162,121,128,104,119,102,70,90,98,74,110,113,109,166,172,146
output_0000430.png,93,87,51,224,225,207,172,182,169,154,161,134,199,163,135,156,98,59,72,29,26,118,131,115,236,204,124
output_0000431.png,77,78,214,125,111,98,21,17,14,80,76,95,148,144,159,80,62,43,98,101,104,41,37,50,59,60,58
output_0000432.png,162,173,162,55,42,36,104,104,93,12,8,14,81,80,77,124,128,127,95,78,66,135,116,92,140,140,100
output_0000433.png,194,222,235,15,12,10,64,50,42,85,84,82,38,45,50,36,29,45,108,102,100,168,144,112,79,76,65
output_0000434.png,64,52,45,50,69,230,137,138,188,176,171,155,104,102,234,163,164,180,96,93,127,116,124,124,156,140,108
output_0000435.png,163,154,132,16,11,17,93,77,67,128,101,75,124,116,96,56,38,32,67,60,48,112,101,108,63,50,60
output_0000436.png,177,179,178,60,34,32,144,144,141,121,103,94,133,129,136,95,90,85,12,7,14,87,73,86,156,116,116
output_0000437.png,178,173,181,40,23,15,129,107,86,163,159,163,141,133,155,96,67,42,51,35,119,105,94,90,172,156,165
output_0000438.png,14,12,9,181,219,232,89,86,85,72,55,42,49,33,25,42,44,49,59,60,59,108,124,124,124,116,108
output_0000439.png,144,132,115,18,11,15,87,76,66,51,37,32,108,108,101,105,100,100,116,92,76,60,60,50,59,52,52
output_0000440.png,76,75,73,146,192,212,85,99,123,103,141,140,79,124,147,100,164,191,126,156,175,108,132,171,92,148,107
output_0000441.png,18,11,15,137,131,112,91,81,66,107,108,96,49,35,30,106,100,100,116,92,68,54,50,52,60,60,48
output_0000442.png,112,129,131,44,39,22,219,226,215,203,186,136,89,91,73,50,65,63,154,155,146,61,59,57,168,180,166
output_0000443.png,74,75,60,144,190,197,83,96,112,103,140,125,106,131,154,73,111,108,122,162,159,106,151,159,94,150,92
output_0000444.png,149,140,117,18,11,16,85,71,58,52,38,31,107,108,98,116,84,60,102,100,100,60,60,49,56,50,52
output_0000445.png,206,204,185,40,30,22,111,130,134,122,103,78,158,132,100,106,77,53,82,62,42,176,148,108,74,81,80
output_0000446.png,161,162,159,32,27,24,107,87,77,128,131,134,73,56,46,148,110,70,129,132,124,67,73,88,76,84,90
output_0000447.png,205,202,183,43,31,23,117,97,73,109,130,134,147,148,123,80,62,41,87,97,92,156,116,81,82,81,78
output_0000448.png,32,22,18,169,156,146,104,90,78,74,57,46,56,54,51,81,86,83,68,70,79,124,126,132,132,140,148
output_0000449.png,210,208,191,41,30,22,122,101,75,157,128,97,107,130,134,108,79,55,79,61,41,152,148,116,83,80,78
output_0000450.png,166,158,149,32,25,17,108,84,72,74,46,33,116,127,135,76,89,88,130,140,140,73,74,77,58,60,53
output_0000451.png,207,205,187,40,29,20,122,101,74,147,150,128,80,61,39,141,139,124,156,116,82,88,80,77,92,92,72
output_0000452.png,128,134,123,48,58,49,229,220,219,89,78,60,198,204,206,187,182,173,160,174,177,99,60,86,196,204,179
output_0000453.png,99,100,82,207,209,206,152,158,149,161,128,99,199,181,145,47,54,42,39,40,27,135,148,114,177,189,166
output_0000454.png,219,210,210,46,50,41,168,177,180,167,181,152,126,140,135,159,141,133,114,92,77,117,129,101,213,81,92
output_0000455.png,197,195,199,73,74,63,159,160,161,158,125,105,199,181,154,120,122,116,137,140,128,129,102,82,180,188,173
output_0000456.png,191,176,176,137,135,142,27,31,28,119,104,102,68,63,66,62,71,92,80,84,87,156,108,92,148,140,124
output_0000457.png,125,129,107,213,214,201,36,40,24,69,63,40,72,47,32,176,184,174,69,76,60,105,78,57,178,188,162
output_0000458.png,86,94,75,206,199,179,21,30,21,152,124,54,85,35,23,151,154,137,170,181,163,128,140,112,164,172,174
output_0000459.png,158,159,147,36,50,40,89,79,60,228,223,207,91,104,89,78,81,80,194,203,207,11,95,162,197,212,194
output_0000460.png,41,47,36,175,172,155,93,100,84,227,226,222,106,92,53,97,57,41,127,108,88,141,134,94,222,215,195
output_0000461.png,162,163,149,76,71,51,214,217,216,73,106,93,122,118,89,220,203,170,105,130,124,102,84,94,204,212,192
output_0000462.png,185,182,152,64,62,34,230,231,219,98,86,48,123,114,43,115,111,80,136,126,90,165,159,90,231,220,161
output_0000463.png,58,66,55,206,191,83,159,179,157,144,144,104,105,110,89,118,137,119,106,123,116,130,161,156,188,108,116
output_0000464.png,36,39,20,185,190,157,125,128,86,155,144,97,108,98,63,83,89,55,175,172,58,91,95,86,138,154,148
output_0000465.png,68,70,59,222,230,222,146,150,124,99,122,119,136,167,166,116,116,102,182,191,168,169,153,89,172,164,156
output_0000466.png,143,150,124,33,41,23,89,93,44,218,219,203,192,209,204,78,64,38,83,99,83,199,205,180,52,132,132
output_0000467.png,193,206,196,88,77,62,52,45,45,106,106,89,76,86,86,129,133,106,149,150,132,123,145,139,252,52,92
output_0000468.png,212,212,202,46,52,39,165,185,190,140,122,103,136,152,161,110,120,103,103,95,74,90,102,107,196,140,116
output_0000469.png,131,142,104,26,26,16,214,214,185,185,182,142,53,56,37,87,76,35,75,80,57,170,187,164,164,196,164
output_0000470.png,117,121,94,206,195,157,20,18,15,230,223,205,171,157,122,170,170,149,140,62,57,100,104,52,188,196,158
output_0000471.png,229,228,219,28,31,27,163,163,147,134,120,101,87,70,52,102,105,71,147,148,148,180,140,129,16,69,92
output_0000472.png,51,51,47,189,180,176,169,163,128,160,138,123,117,118,71,105,94,65,102,110,115,33,56,90,188,124,164
output_0000473.png,160,161,148,34,42,37,88,71,51,94,103,97,82,82,77,208,209,202,123,108,89,68,89,92,196,190,175
output_0000474.png,214,217,207,41,35,23,157,168,146,131,123,98,90,74,53,100,107,88,142,146,141,87,90,86,172,140,108
output_0000475.png,99,82,72,243,241,235,134,148,140,172,173,151,120,129,124,215,211,184,163,178,173,179,191,176,181,164,108
output_0000476.png,212,208,195,84,65,47,39,37,29,111,96,63,142,123,97,112,106,92,162,148,109,159,166,151,60,140,4
output_0000477.png,88,71,65,232,235,227,156,139,109,186,192,187,168,184,182,165,151,140,199,190,149,132,137,130,132,116,116
output_0000478.png,224,218,209,88,68,62,158,145,130,188,177,156,185,153,118,150,118,92,39,33,40,125,117,102,164,164,172
output_0000479.png,209,203,189,79,57,43,99,84,54,41,37,29,106,97,74,135,114,86,157,143,102,151,156,140,58,76,62
output_0000480.png,93,76,68,229,224,214,202,187,165,172,162,151,164,140,114,184,180,168,143,135,120,135,120,111,164,172,188
output_0000481.png,120,106,77,224,224,214,79,58,41,40,37,28,211,190,167,182,172,155,182,198,172,173,149,112,60,76,62
output_0000482.png,92,74,60,217,220,211,155,141,114,114,106,93,115,126,114,166,151,146,189,183,156,150,170,159,126,186,54
output_0000483.png,106,87,68,223,218,214,42,46,34,126,124,119,156,142,128,164,162,161,109,99,93,151,147,149,76,80,76
output_0000484.png,40,37,28,102,87,62,223,223,214,194,195,171,176,164,147,203,170,149,158,149,108,155,122,95,180,172,196
output_0000485.png,205,185,156,97,90,79,25,24,19,179,172,161,165,144,121,141,134,117,56,42,34,77,61,34,179,164,164
output_0000486.png,233,228,221,41,39,31,144,124,110,102,82,66,113,109,98,170,165,156,166,156,156,107,100,100,180,140,116
output_0000487.png,208,203,188,79,58,41,100,85,53,39,36,27,137,112,86,106,98,75,156,143,102,151,159,143,60,76,64
output_0000488.png,164,150,124,38,36,31,62,156,146,115,99,78,63,110,92,80,72,59,22,131,132,131,140,84,83,82,86
output_0000489.png,228,224,218,35,35,29,141,127,112,97,81,64,106,110,101,159,152,149,170,166,157,96,99,94,180,140,116
output_0000490.png,39,40,33,157,146,122,59,160,151,110,102,84,66,114,96,81,75,60,24,131,132,89,91,84,140,76,76
output_0000491.png,228,225,219,31,32,26,131,114,99,94,107,97,91,76,61,160,159,143,153,146,148,172,148,130,88,91,92
output_0000492.png,110,94,68,228,226,219,195,201,180,41,38,29,202,176,159,174,172,155,165,158,116,71,43,37,57,73,68
output_0000493.png,101,95,64,214,213,194,183,190,165,29,32,20,164,159,131,60,48,34,140,164,166,154,134,96,196,108,116
output_0000494.png,40,38,30,209,208,194,84,59,44,99,84,53,105,98,75,136,114,88,154,142,103,151,160,145,180,150,136
output_0000495.png,151,129,93,39,33,26,205,190,158,99,82,57,95,73,43,82,57,39,196,170,132,188,170,148,68,76,46
output_0000496.png,84,65,50,222,219,214,159,139,119,97,105,101,148,169,162,194,176,162,134,106,96,174,122,81,174,154,149
output_0000497.png,180,150,119,121,82,42,25,22,11,48,33,11,136,117,98,156,143,128,59,48,28,162,157,142,157,116,72
output_0000498.png,84,67,47,222,213,186,151,181,156,154,141,110,116,142,116,19,14,13,138,164,148,120,114,101,188,108,100
output_0000499.png,218,206,193,52,50,38,141,122,92,102,85,62,168,168,171,152,148,155,111,109,81,182,132,86,87,98,109
output_0000500.png,203,208,183,72,55,39,136,150,122,138,114,86,144,171,156,189,161,127,114,107,78,98,120,102,164,188,78
output_0000501.png,51,49,37,201,177,156,139,118,88,102,88,61,113,109,76,151,157,127,113,99,92,174,100,80,160,148,140
output_0000502.png,205,207,181,73,56,39,136,151,122,189,162,126,138,114,87,111,107,78,145,172,156,99,120,103,164,193,73
output_0000503.png,203,194,176,77,68,45,159,182,163,146,124,91,14,17,10,159,149,144,118,121,88,102,97,96,180,100,82
output_0000504.png,97,72,44,207,188,170,27,25,16,153,134,121,171,169,148,162,152,151,154,113,84,53,35,16,134,124,97
output_0000505.png,209,192,182,39,35,25,164,181,166,149,115,86,105,79,57,117,117,91,157,153,152,101,96,94,188,108,100
output_0000506.png,98,74,48,211,191,174,29,25,15,171,171,143,164,129,112,138,125,109,165,151,142,53,35,14,188,124,92
output_0000507.png,211,185,171,33,30,21,156,173,161,144,115,84,118,114,86,105,82,58,148,144,145,98,95,89,180,100,86
output_0000508.png,99,74,48,209,189,174,28,25,16,155,132,120,170,171,144,155,111,77,53,35,14,164,153,151,189,124,93
output_0000509.png,197,160,137,28,26,17,135,112,81,153,175,162,109,103,74,96,76,54,72,70,51,88,89,88,132,148,140
output_0000510.png,49,40,30,132,162,138,211,193,168,145,112,87,109,134,111,110,80,58,164,148,140,114,100,92,180,108,100
output_0000511.png,206,173,158,85,73,51,146,114,86,157,178,166,16,17,11,143,151,147,120,124,98,38,27,16,100,100,96
output_0000512.png,48,39,30,210,191,165,132,162,138,110,133,109,146,118,90,111,79,55,103,98,92,164,148,140,180,92,60
output_0000513.png,133,109,91,213,187,164,28,26,16,175,173,148,63,53,38,123,75,20,166,154,150,54,34,16,196,100,8
output_0000514.png,178,178,165,134,153,141,109,91,66,12,11,8,77,73,59,64,48,35,141,123,126,156,84,60,84,60,68
output_0000515.png,76,57,31,192,168,151,159,150,133,144,107,70,116,108,89,19,18,11,145,137,143,93,86,88,180,84,4
output_0000516.png,127,100,63,203,188,159,25,21,18,176,176,150,158,149,122,56,41,29,69,57,41,160,141,92,162,162,150
output_0000517.png,51,41,23,194,173,157,143,102,65,157,150,130,116,106,84,109,73,44,146,139,141,100,91,84,172,62,8
output_0000518.png,115,97,68,216,180,160,35,39,28,142,166,163,159,181,173,129,142,130,70,48,27,149,140,99,173,117,91
output_0000519.png,204,182,150,45,37,19,141,111,87,100,76,46,161,152,126,111,101,73,111,88,81,152,138,136,175,42,86
output_0000520.png,121,102,71,20,27,23,209,175,156,154,178,171,135,161,159,129,144,131,65,64,45,58,42,16,151,140,98
output_0000521.png,205,181,146,38,32,15,138,106,81,159,152,124,94,71,42,104,83,76,103,103,77,117,132,136,172,108,92
output_0000522.png,182,184,158,52,40,28,170,133,104,116,117,86,116,88,67,89,86,58,117,144,136,89,98,85,92,156,140
output_0000523.png,57,46,34,142,171,148,213,197,172,155,126,99,118,142,119,116,88,67,119,105,92,172,156,148,193,78,86
output_0000524.png,100,87,60,154,180,172,209,172,156,29,32,22,129,160,159,122,143,131,159,114,88,138,132,93,55,35,14
output_0000525.png,210,188,150,42,36,18,142,111,87,159,149,123,108,86,77,99,75,43,113,101,74,172,34,74,148,140,132
output_0000526.png,51,42,25,195,168,145,148,115,92,164,156,137,117,105,89,108,76,51,149,138,133,89,85,77,196,108,4
output_0000527.png,91,77,54,211,192,165,20,17,17,123,141,118,145,175,148,47,34,27,148,112,84,169,156,148,180,92,68
output_0000528.png,97,85,60,160,187,176,214,182,168,34,35,23,133,159,152,129,147,131,56,42,24,157,119,85,139,132,92
output_0000529.png,215,191,166,93,78,55,125,142,118,32,27,24,159,181,152,160,113,84,126,127,95,56,35,26,176,156,148
output_0000530.png,196,170,151,37,33,24,139,117,85,118,113,82,149,171,155,109,82,61,85,82,59,150,141,141,99,93,94
output_0000531.png,35,37,32,121,99,86,190,178,168,84,77,60,63,66,72,91,109,73,135,141,162,92,97,107,142,156,131
output_0000532.png,190,153,139,53,52,49,178,192,196,139,132,117,99,92,78,101,120,114,150,164,147,106,118,96,92,156,204
output_0000533.png,220,218,213,47,46,37,137,111,93,154,175,167,96,127,123,102,87,71,96,104,103,175,136,100,140,164,148
output_0000534.png,198,193,185,76,69,60,190,154,135,142,120,105,25,32,35,100,140,125,155,159,160,43,25,28,108,109,112
output_0000535.png,198,187,174,39,38,27,135,113,93,105,130,123,141,166,158,103,82,60,73,79,52,97,94,94,128,156,139
output_0000536.png,75,67,57,199,175,161,139,185,205,137,120,104,25,31,33,108,125,113,147,154,161,103,104,109,173,124,100
output_0000537.png,194,181,165,37,36,26,129,109,90,100,129,123,95,80,60,143,169,160,130,154,148,68,79,49,95,94,94
output_0000538.png,89,69,43,215,210,191,174,180,159,28,26,14,156,147,123,166,161,157,123,116,107,149,110,65,188,140,89
output_0000539.png,98,90,46,227,218,207,53,50,33,132,121,94,106,83,72,23,140,223,176,166,144,162,144,130,116,148,175
output_0000540.png,211,193,178,67,50,37,92,98,84,103,84,63,126,105,89,137,150,131,166,132,102,177,143,125,92,68,76
output_0000541.png,212,191,165,138,117,98,35,33,25,77,77,68,75,48,34,165,162,160,108,72,53,95,66,34,172,172,132
output_0000542.png,209,196,182,66,48,36,122,104,87,105,84,63,160,135,107,85,98,83,139,162,141,170,145,133,85,68,76
output_0000543.png,145,124,107,215,194,171,35,34,26,80,81,73,177,173,169,184,172,150,99,67,41,109,80,65,88,49,34
output_0000544.png,200,175,146,64,61,50,87,113,99,224,224,213,137,112,92,117,92,67,134,146,130,212,212,186,92,84,92
output_0000545.png,145,124,106,216,193,167,37,37,28,80,79,70,177,172,169,114,79,60,87,49,35,102,63,34,187,180,154
output_0000546.png,66,56,45,195,157,126,208,203,193,195,174,168,144,146,131,122,119,113,142,105,83,94,106,89,220,188,140
output_0000547.png,145,124,105,215,194,169,37,36,27,81,81,73,183,173,155,97,67,41,114,80,61,89,50,36,164,163,166
output_0000548.png,229,223,210,146,129,111,208,187,159,46,47,42,80,79,72,183,182,165,84,65,41,173,164,151,101,59,59
output_0000549.png,183,193,181,100,86,73,56,60,47,123,111,88,117,130,120,147,127,113,221,223,210,148,150,130,74,100,80
output_0000550.png,214,203,188,100,94,77,32,32,24,165,148,129,170,187,183,148,162,169,62,58,34,144,143,125,53,43,31
output_0000551.png,109,103,86,231,239,234,199,176,147,162,164,151,165,131,107,40,50,41,75,58,45,175,188,173,164,185,188
output_0000552.png,39,40,32,149,139,128,219,219,212,71,65,51,212,192,162,91,89,47,117,109,72,84,86,82,193,196,176
output_0000553.png,112,104,95,222,218,210,40,42,40,165,140,124,161,166,175,78,66,49,177,180,178,62,51,47,196,124,100
output_0000554.png,44,47,41,144,135,115,223,220,213,73,63,54,211,193,175,90,89,46,83,86,83,178,176,171,194,196,180
output_0000555.png,39,42,36,150,139,117,101,95,47,232,232,228,99,106,102,213,181,164,165,173,175,216,208,189,73,75,70
output_0000556.png,215,212,203,17,22,19,115,100,82,136,151,161,69,60,54,79,97,97,120,137,154,71,78,85,157,107,82
output_0000557.png,130,124,111,221,206,194,21,24,21,159,177,186,62,52,40,51,204,111,67,83,73,92,79,41,196,140,91
output_0000558.png,231,234,232,95,82,78,157,130,104,17,24,21,165,183,190,120,119,132,174,172,158,204,135,99,124,126,110
output_0000559.png,111,107,91,217,197,184,22,22,18,149,168,177,45,206,110,60,47,33,168,140,114,86,78,32,189,121,84
output_0000560.png,228,230,227,20,26,22,126,103,90,153,163,158,82,68,65,88,99,93,88,81,84,128,144,151,192,111,82
output_0000561.png,216,202,188,36,35,28,142,162,171,147,127,107,111,128,123,47,207,112,103,93,77,106,106,100,183,127,86
output_0000562.png,39,44,44,142,134,112,221,221,215,211,191,168,75,63,52,94,91,46,81,86,89,177,175,172,192,197,180
output_0000563.png,106,97,86,232,232,228,39,43,37,150,150,150,149,143,124,177,177,183,186,180,162,161,120,96,207,165,105
output_0000564.png,47,46,40,203,192,171,102,97,82,92,70,60,136,107,90,112,93,51,139,135,116,149,134,95,178,142,123
output_0000565.png,106,100,89,232,231,225,38,43,38,165,170,178,168,146,126,186,180,159,80,65,40,65,50,44,204,150,97
output_0000566.png,74,72,47,207,195,160,149,139,94,18,32,25,163,175,143,121,126,79,104,109,105,119,147,163,201,85,39
output_0000567.png,224,226,220,117,114,94,42,65,67,201,175,124,204,198,172,176,174,161,173,152,107,78,67,49,63,101,124
output_0000568.png,146,125,71,229,230,218,30,28,19,77,58,35,175,173,146,216,204,166,197,197,168,83,85,63,60,108,108
output_0000569.png,44,42,26,200,192,183,128,108,87,148,160,135,93,109,84,15,67,100,95,51,36,114,137,158,166,81,89
output_0000570.png,71,60,37,101,103,92,234,237,232,150,153,138,163,170,161,128,108,87,187,190,179,180,171,162,132,100,68
output_0000571.png,222,220,212,180,167,129,55,50,31,143,131,89,156,169,107,100,84,53,106,117,58,98,157,176,93,122,124
output_0000572.png,93,78,54,38,37,28,227,231,228,154,159,143,132,138,127,109,111,107,168,178,172,155,163,165,68,68,76
output_0000573.png,214,223,222,66,63,45,193,177,142,125,153,151,161,152,110,121,151,86,165,189,137,95,114,106,114,172,190
output_0000574.png,100,96,51,35,37,28,234,236,231,107,99,82,129,133,111,153,163,103,169,177,165,156,162,150,60,76,84
output_0000575.png,216,223,220,62,61,45,193,180,145,127,154,150,160,153,108,166,190,129,121,149,85,118,108,79,106,167,188
output_0000576.png,74,61,42,212,218,215,126,115,91,150,156,135,144,138,119,95,83,69,124,129,121,73,78,70,140,108,60
output_0000577.png,201,185,150,72,55,26,152,129,88,164,164,140,110,121,104,21,26,18,125,142,144,80,87,88,180,100,68
output_0000578.png,81,86,63,207,199,92,160,147,70,170,182,140,125,162,159,24,29,20,124,142,117,102,123,119,188,108,52
output_0000579.png,37,41,36,192,187,186,123,113,109,169,140,127,87,103,111,83,74,70,97,100,90,144,156,146,108,136,156
output_0000580.png,208,205,177,46,38,26,158,156,118,132,122,87,89,69,46,73,85,90,100,104,87,129,134,133,172,116,4
output_0000581.png,209,211,189,51,45,32,142,133,91,155,172,149,100,71,37,106,116,85,94,97,92,114,151,153,172,116,68
output_0000582.png,85,86,69,213,201,111,167,145,72,176,185,161,146,163,163,29,34,24,113,125,119,133,146,126,196,132,140
output_0000583.png,185,169,144,31,29,20,134,121,95,152,151,126,100,99,83,87,69,45,78,80,79,131,135,134,166,116,94
output_0000584.png,204,200,179,163,168,160,38,32,24,139,120,94,106,107,96,142,145,143,78,83,92,95,72,50,180,116,100
output_0000585.png,202,201,181,40,36,29,130,106,78,94,67,39,150,160,151,137,138,144,88,84,85,100,102,87,164,116,68
output_0000586.png,214,202,183,50,43,31,143,119,90,101,80,60,161,157,137,109,111,98,95,96,93,172,124,118,138,146,148
output_0000587.png,126,110,59,30,29,19,224,226,215,166,168,141,75,55,28,209,197,158,177,157,100,193,196,167,60,124,116
output_0000588.png,51,41,18,188,196,156,143,127,76,114,140,76,177,151,104,111,86,43,122,157,162,103,102,88,116,172,180
output_0000589.png,197,199,194,43,42,23,95,72,40,108,107,71,112,113,107,147,149,120,149,151,148,134,130,119,76,108,28
output_0000590.png,212,206,194,104,100,59,161,168,169,20,25,18,152,149,129,156,181,107,64,46,20,136,161,83,163,142,99
output_0000591.png,185,186,177,63,64,38,133,138,102,222,224,224,127,129,128,141,139,137,95,91,87,80,84,84,173,185,69
output_0000592.png,126,141,92,221,223,219,164,177,181,22,24,17,63,49,23,98,82,56,162,188,122,83,72,32,71,86,61
output_0000593.png,187,190,173,48,47,31,142,147,101,100,81,58,118,129,66,222,225,224,123,140,133,141,139,125,84,140,148
output_0000594.png,125,110,59,225,227,216,30,30,19,167,168,140,74,56,27,210,198,158,177,158,98,193,196,166,60,116,116
output_0000595.png,193,199,187,61,67,66,180,151,121,139,115,94,128,138,128,101,90,74,91,104,105,153,165,145,108,124,113
output_0000596.png,200,205,186,117,125,108,15,19,14,148,160,147,86,99,82,132,145,142,68,71,52,63,79,79,164,124,76
output_0000597.png,60,68,68,203,205,195,139,120,102,102,119,120,100,94,82,171,140,102,108,116,103,153,173,167,150,167,151
output_0000598.png,198,188,126,51,58,58,211,217,207,125,115,97,147,164,162,96,109,110,88,87,78,95,108,100,145,156,145
output_0000599.png,191,184,149,36,48,43,135,124,85,95,90,58,65,92,103,154,164,140,101,119,110,123,145,150,183,43,56
output_0000600.png,208,214,206,62,70,64,161,183,157,143,142,117,114,133,126,108,100,82,98,110,120,140,152,164,180,140,96
output_0000601.png,181,180,148,154,149,119,16,21,18,121,123,99,98,93,68,64,76,64,56,80,90,84,132,160,100,164,180
output_0000602.png,63,71,69,203,206,196,136,124,108,152,167,154,108,98,81,107,125,119,98,114,116,164,116,108,146,154,156
output_0000603.png,208,215,206,62,70,64,140,147,134,114,129,133,107,103,89,156,178,146,111,130,103,164,179,176,180,164,116
output_0000604.png,195,193,164,21,30,28,129,127,100,151,159,135,81,80,59,93,105,87,66,88,96,118,146,149,204,33,18
output_0000605.png,205,208,200,61,71,69,133,122,106,102,120,121,164,117,106,96,93,81,153,172,167,150,167,152,99,116,102
output_0000606.png,209,214,203,60,68,63,145,134,106,155,188,155,115,132,124,112,101,76,96,109,121,142,155,164,180,116,68
output_0000607.png,202,202,162,61,70,66,128,125,96,97,100,83,106,124,107,180,184,75,106,129,117,140,167,165,148,164,148
output_0000608.png,220,220,213,80,81,73,145,143,128,165,174,174,116,124,129,157,175,151,36,42,36,91,141,89,184,143,98
output_0000609.png,213,221,208,45,50,39,79,84,56,132,136,107,99,107,89,67,92,85,151,157,135,123,141,133,33,65,84
output_0000610.png,196,204,194,38,46,38,88,74,55,108,103,70,104,117,114,155,149,122,137,125,112,138,155,158,60,140,124
output_0000611.png,47,54,42,226,232,223,85,86,64,109,122,108,84,96,88,181,179,149,149,147,117,147,154,151,64,100,124
output_0000612.png,131,121,107,202,163,148,42,38,30,215,199,193,62,61,55,85,81,72,162,156,156,86,59,56,180,184,168
output_0000613.png,105,100,80,193,191,174,170,173,157,53,55,41,160,161,150,154,146,120,137,141,116,70,59,49,80,81,41
output_0000614.png,197,174,145,46,42,32,151,130,100,168,166,132,113,113,64,104,87,62,164,151,153,116,95,93,182,124,110
output_0000615.png,202,198,193,36,35,29,133,126,115,121,112,78,172,147,129,97,102,70,179,166,139,86,82,74,124,124,156
output_0000616.png,164,164,151,78,36,37,148,128,98,110,102,86,100,86,64,196,199,186,79,86,82,111,120,123,160,64,84
output_0000617.png,183,159,128,43,40,30,207,197,178,150,144,102,138,113,84,102,103,50,92,76,52,159,150,155,112,102,96
output_0000618.png,133,125,111,34,32,28,204,174,164,74,57,44,88,86,78,183,185,189,173,164,148,89,73,49,188,188,169
output_0000619.png,186,177,175,45,40,30,180,149,117,137,124,99,108,114,56,100,88,60,78,82,43,154,156,136,112,110,104
output_0000620.png,164,148,125,46,41,34,221,185,164,225,209,198,92,69,54,110,101,89,136,101,88,113,88,57,204,204,172
output_0000621.png,159,159,147,98,97,80,23,24,23,62,65,52,73,74,69,72,86,70,124,132,112,132,108,78,122,122,116
output_0000622.png,35,34,30,154,141,123,218,182,165,220,205,201,84,62,47,101,82,55,123,93,85,90,86,78,200,196,172
output_0000623.png,112,104,83,207,205,193,163,160,147,196,164,142,50,48,40,193,191,167,161,152,111,80,85,32,72,50,45
output_0000624.png,29,31,27,142,134,117,210,185,170,65,55,42,83,80,71,160,165,174,84,72,48,112,87,73,178,182,182
output_0000625.png,109,104,82,210,164,88,205,199,186,167,161,145,60,64,50,169,152,103,165,131,87,127,98,28,184,188,157
output_0000626.png,72,64,41,239,242,238,163,172,142,202,209,186,179,164,91,128,132,118,123,143,118,177,193,173,190,188,177
output_0000627.png,188,165,128,71,57,37,147,123,89,47,157,116,70,183,144,106,106,66,119,114,101,26,38,27,148,188,166
output_0000628.png,205,157,129,47,38,29,143,113,89,165,164,146,108,106,91,101,75,58,136,146,149,180,84,58,98,90,93
output_0000629.png,80,61,42,194,171,138,67,147,104,150,128,88,86,175,138,98,187,156,20,100,68,116,111,102,174,148,55
output_0000630.png,202,140,113,49,38,32,161,180,179,146,125,104,161,160,138,209,215,212,100,75,62,115,119,108,112,104,86
output_0000631.png,192,167,137,80,59,42,70,143,100,150,128,87,85,175,137,30,53,38,176,148,53,150,177,156,114,107,100
output_0000632.png,205,128,98,52,39,33,188,198,192,146,123,101,162,162,140,101,77,63,112,105,86,115,119,107,140,165,165
output_0000633.png,203,181,148,79,53,40,154,131,93,70,149,107,98,180,141,100,102,60,28,74,51,158,178,156,121,112,100
output_0000634.png,193,130,102,44,35,27,136,110,88,156,151,128,218,214,205,157,162,151,91,71,55,99,95,78,101,104,97
output_0000635.png,203,193,165,45,44,34,152,179,189,135,119,92,132,149,159,65,122,84,94,83,61,101,98,92,180,100,60
output_0000636.png,224,222,213,75,63,45,149,128,96,82,132,97,114,167,130,194,172,88,19,30,24,166,171,159,108,105,102
output_0000637.png,197,173,139,55,45,35,142,117,85,99,175,133,55,130,94,98,67,47,107,96,93,160,153,151,173,69,61
output_0000638.png,118,89,83,13,13,10,81,65,57,40,39,30,160,156,135,100,101,84,52,60,51,100,92,92,52,52,52
output_0000639.png,38,48,47,158,194,189,82,71,45,214,227,220,116,103,67,83,122,124,92,147,147,203,228,220,160,157,123
output_0000640.png,197,179,164,56,52,36,174,132,111,176,164,129,130,127,109,116,96,72,60,81,70,88,93,54,127,105,101
output_0000641.png,38,45,36,212,223,214,125,163,151,81,105,105,107,134,125,164,186,167,104,97,88,116,87,72,152,153,151
output_0000642.png,68,67,56,196,175,167,176,141,118,129,120,105,26,25,17,102,106,100,102,117,105,39,27,22,148,156,136
output_0000643.png,50,41,33,216,219,209,185,169,137,172,143,111,139,126,95,128,99,70,96,92,60,118,106,102,134,148,156
output_0000644.png,179,154,116,47,39,33,197,199,184,141,114,86,83,80,68,105,89,72,108,111,97,93,92,106,150,156,140
output_0000645.png,213,212,197,39,31,27,174,149,117,140,127,93,120,98,68,88,84,50,151,158,160,95,97,95,172,172,124
output_0000646.png,195,190,168,81,73,62,171,144,109,143,124,96,32,25,21,131,100,76,45,34,29,139,151,152,102,105,102
output_0000647.png,214,213,199,41,33,29,144,130,98,121,99,68,180,151,119,89,84,52,153,158,161,94,96,96,164,172,124
output_0000648.png,196,192,170,72,63,53,167,139,104,135,121,97,32,26,22,127,95,71,98,97,83,136,151,152,108,104,101
output_0000649.png,63,61,49,197,226,218,147,151,134,125,127,105,156,197,191,166,172,154,174,182,170,116,116,124,108,132,116
output_0000650.png,62,58,51,183,167,132,157,128,92,122,116,101,27,14,13,120,91,69,28,28,20,130,140,140,92,97,101
output_0000651.png,52,48,37,198,225,216,124,118,90,139,141,122,161,199,193,162,168,142,100,108,108,100,100,108,140,164,140
output_0000652.png,185,162,107,126,118,98,33,41,31,115,156,162,58,47,38,65,77,64,141,108,26,91,71,58,164,172,148
output_0000653.png,49,45,35,194,222,213,122,114,87,138,137,120,161,163,138,90,100,79,154,190,188,124,92,60,132,156,128
output_0000654.png,187,166,123,52,49,41,147,128,88,148,158,156,107,99,86,112,126,109,58,98,77,117,114,109,164,164,140
output_0000655.png,47,45,34,194,223,214,118,111,86,137,136,118,164,163,136,155,190,190,82,100,72,132,92,60,132,156,168
output_0000656.png,184,162,116,123,119,106,34,47,35,143,160,163,62,55,49,82,62,32,70,80,67,163,164,147,142,113,50
output_0000657.png,48,45,35,198,226,216,117,110,86,139,137,118,161,198,193,162,163,137,138,157,147,84,92,100,92,105,110
output_0000658.png,47,43,36,177,171,147,113,109,94,157,127,100,83,81,68,109,84,63,89,91,84,124,139,133,124,148,137
output_0000659.png,50,47,36,195,224,215,118,112,86,138,137,118,165,166,142,166,176,173,140,156,150,92,106,112,84,92,100
output_0000660.png,185,162,112,54,50,42,148,129,87,107,99,86,157,166,157,145,151,151,64,100,80,121,131,114,117,114,109
output_0000661.png,41,41,30,104,100,74,195,224,215,160,166,139,128,131,116,136,151,128,158,172,176,90,104,111,68,76,92
output_0000662.png,184,165,127,44,43,36,139,126,94,98,91,79,104,117,101,56,88,70,109,106,101,148,154,150,155,164,158
output_0000663.png,42,43,32,193,223,214,106,104,80,135,136,117,165,167,137,164,176,169,137,158,145,76,84,92,92,100,112
output_0000664.png,46,42,36,193,174,142,150,129,76,152,160,155,120,122,110,105,95,79,76,90,76,110,106,100,131,165,136
output_0000665.png,44,43,32,192,223,214,104,104,81,135,138,117,157,164,137,161,175,170,131,156,130,68,84,92,84,100,108
output_0000666.png,52,48,40,180,172,148,158,129,103,118,117,102,87,88,74,118,90,70,95,98,92,124,149,141,130,140,140
output_0000667.png,66,62,43,197,222,210,122,121,87,150,145,120,172,172,139,156,194,189,176,175,159,140,100,116,108,108,108
output_0000668.png,53,53,28,180,162,103,135,116,80,114,170,135,90,118,84,148,144,134,100,79,45,105,97,86,164,100,76
output_0000669.png,204,210,205,46,47,31,160,172,171,133,125,97,157,159,131,91,78,55,102,105,98,104,109,79,172,156,116
output_0000670.png,101,93,66,217,207,202,151,148,135,200,159,136,205,185,154,158,129,90,36,34,29,138,140,110,62,41,24
output_0000671.png,102,93,72,226,232,228,166,168,152,200,197,175,184,191,172,164,149,110,142,144,105,44,42,38,180,192,197
output_0000672.png,124,113,84,198,192,197,156,157,154,64,56,43,202,165,130,173,141,102,213,191,160,88,64,42,101,80,43
output_0000673.png,203,182,128,68,64,40,219,210,179,159,139,92,118,103,66,176,174,123,127,126,76,98,101,60,125,125,112
output_0000674.png,85,64,45,224,215,186,197,168,118,154,123,82,29,34,30,127,118,78,124,119,115,171,172,114,140,148,164
output_0000675.png,58,51,39,208,183,144,159,135,96,178,173,129,127,119,83,116,96,70,118,107,100,193,116,84,176,164,164
output_0000676.png,222,196,178,91,83,54,152,129,83,124,127,74,40,35,32,163,165,100,58,40,32,123,106,106,165,139,164
output_0000677.png,187,132,94,48,42,40,208,200,192,146,98,72,153,121,119,102,75,62,163,164,154,235,203,142,112,109,94
output_0000678.png,90,79,53,233,211,197,211,164,119,153,128,84,125,128,73,39,35,29,54,35,28,124,107,111,172,172,80
output_0000679.png,76,68,43,216,202,177,151,128,89,197,150,56,169,166,157,25,27,14,123,124,97,116,112,103,171,172,132
output_0000680.png,118,98,66,57,54,37,212,196,196,156,127,129,171,130,85,200,155,110,228,195,134,80,48,27,152,140,99
output_0000681.png,58,54,40,214,179,156,146,126,81,117,121,74,107,96,62,162,165,93,159,150,152,114,94,105,186,173,61
output_0000682.png,189,172,143,21,19,21,106,80,66,59,51,45,128,124,120,74,76,78,121,101,130,140,92,67,68,67,76
output_0000683.png,139,115,72,206,160,42,37,38,33,223,210,204,159,115,14,83,78,53,76,57,34,154,143,128,185,172,142
output_0000684.png,175,126,98,41,37,35,211,200,188,124,89,70,138,113,111,81,76,72,233,200,140,148,156,140,90,100,88
output_0000685.png,216,181,152,96,88,59,159,134,87,130,137,81,35,31,29,58,41,36,174,173,97,176,165,159,129,105,112
output_0000686.png,173,124,95,39,36,35,208,198,184,135,109,100,119,82,67,79,72,62,159,144,159,214,158,84,118,91,102
output_0000687.png,222,210,189,52,46,36,201,166,128,149,118,94,109,83,64,120,117,100,171,164,133,102,102,113,105,137,166
output_0000688.png,75,67,42,214,197,164,151,127,87,25,26,14,171,172,146,123,124,100,166,161,157,113,112,103,200,18,13
output_0000689.png,191,145,98,53,45,34,145,107,82,228,215,205,102,80,57,84,100,101,146,155,157,111,100,75,160,156,136
output_0000690.png,182,130,98,203,196,189,44,41,39,140,101,86,92,72,60,152,156,140,102,103,103,104,100,84,236,202,144
output_0000691.png,233,209,198,82,74,51,197,154,109,144,123,78,114,120,70,29,25,23,48,34,30,157,164,88,117,102,105
output_0000692.png,217,216,221,56,48,32,165,158,172,147,134,105,185,154,104,133,106,77,101,97,105,107,97,58,211,184,79
output_0000693.png,213,198,172,105,100,87,51,49,44,161,146,122,70,59,58,177,171,164,174,172,136,93,102,28,139,135,132
output_0000694.png,53,48,45,185,135,101,148,107,92,206,196,184,102,79,65,111,106,104,110,109,83,140,148,164,164,164,124
output_0000695.png,227,195,170,96,86,57,161,131,92,46,43,34,129,137,80,131,111,107,173,153,151,66,42,32,173,174,128
output_0000696.png,195,174,139,30,25,20,116,99,79,76,62,50,88,85,75,146,140,112,205,33,14,76,75,76,138,125,127
output_0000697.png,104,100,89,202,186,155,44,46,46,156,143,107,98,99,24,168,174,97,135,142,95,61,51,43,167,162,156
output_0000698.png,235,238,229,87,72,40,194,167,99,153,129,75,167,174,134,41,38,24,127,126,71,122,132,107,156,169,164
output_0000699.png,203,213,187,110,95,50,54,45,20,125,114,83,150,143,98,162,167,130,137,149,119,91,100,77,84,68,76
output_0000700.png,103,89,70,199,170,139,49,47,41,156,112,81,157,132,125,161,138,93,171,169,164,178,173,127,93,58,23
output_0000701.png,59,52,40,201,178,144,149,124,91,167,169,136,109,92,67,118,120,81,156,150,151,110,106,101,180,116,89
output_0000702.png,113,95,74,201,194,185,201,167,123,48,49,44,173,132,93,161,137,133,182,174,133,74,50,35,107,70,25
output_0000703.png,43,36,38,123,115,109,175,170,157,166,135,118,104,118,117,95,70,64,137,143,150,72,83,86,88,96,100
output_0000704.png,53,48,48,147,158,156,147,116,96,105,83,76,110,116,111,71,83,88,19,17,19,62,84,76,92,120,124
output_0000705.png,18,17,18,144,133,145,124,106,107,89,84,88,88,80,72,135,128,111,75,62,61,53,57,62,116,92,68
output_0000706.png,57,51,38,188,175,128,133,118,86,95,90,68,154,157,110,105,110,81,18,16,12,146,144,138,97,98,94
output_0000707.png,119,118,93,172,166,130,22,21,16,152,166,135,52,47,34,144,152,141,61,69,57,64,61,35,164,124,100
output_0000708.png,175,181,167,28,32,30,101,109,103,148,127,113,118,137,142,63,72,65,87,80,74,66,78,88,61,57,58
output_0000709.png,38,41,37,188,190,189,154,159,140,165,166,148,127,131,121,117,117,93,74,81,82,94,102,88,165,148,129
output_0000710.png,164,178,177,24,37,44,94,108,108,75,72,64,219,226,224,117,128,127,108,104,62,141,144,115,60,116,148
output_0000711.png,39,41,30,153,136,136,123,133,118,108,106,94,73,71,50,80,93,60,76,75,78,106,118,129,132,84,92
output_0000712.png,184,189,182,43,46,43,129,127,114,145,169,149,91,89,80,96,123,101,91,101,112,126,140,172,70,88,73
output_0000713.png,121,131,127,31,32,30,174,192,195,25,49,76,81,75,72,54,56,61,161,180,171,70,85,94,173,161,80
output_0000714.png,137,145,140,25,42,58,77,60,49,173,188,177,78,82,88,185,200,212,115,96,83,78,59,68,208,180,144
output_0000715.png,34,31,37,129,119,114,179,176,166,154,157,152,84,75,71,144,146,156,97,101,101,91,88,101,180,92,4
output_0000716.png,122,135,130,27,38,51,65,55,48,157,180,186,202,214,215,68,80,85,98,81,74,65,58,64,160,180,170
output_0000717.png,78,74,73,193,197,203,132,130,136,138,116,99,181,163,129,37,29,26,33,34,40,160,173,110,108,129,97
output_0000718.png,187,184,176,139,128,124,30,28,32,162,165,158,112,112,111,97,84,79,70,72,68,148,151,165,100,95,111
output_0000719.png,61,55,57,182,182,172,129,117,111,150,160,146,87,115,97,142,141,158,19,20,23,94,79,113,164,116,108
output_0000720.png,185,180,172,141,129,125,36,33,36,162,164,157,112,112,110,97,84,80,73,77,72,100,94,114,151,149,165
output_0000721.png,62,56,57,179,178,169,129,117,109,143,158,137,86,116,96,137,141,151,19,20,23,95,78,113,156,116,94
output_0000722.png,185,180,171,140,130,125,31,28,32,162,165,160,96,84,79,112,113,111,71,72,68,149,150,164,96,94,117
output_0000723.png,24,23,27,179,165,170,21,86,183,98,79,87,143,122,121,20,50,105,61,48,50,61,82,70,124,124,116
output_0000724.png,26,22,12,193,156,138,115,72,50,46,162,164,68,49,35,148,92,71,24,88,86,52,100,124,25,68,68
output_0000725.png,199,170,135,41,31,25,152,125,92,45,81,107,163,159,148,105,58,43,107,111,112,144,145,158,188,72,14
output_0000726.png,28,22,11,163,132,114,100,73,48,120,113,107,63,45,25,85,92,113,72,69,57,132,76,60,50,56,66
output_0000727.png,71,46,27,199,158,95,158,114,62,208,183,177,118,81,44,127,104,92,119,90,85,180,124,66,172,148,124
output_0000728.png,169,131,124,29,23,12,110,80,65,65,46,27,127,118,111,94,100,121,79,77,68,63,64,68,152,76,60
output_0000729.png,204,175,146,146,129,104,26,37,43,89,19,13,168,169,156,71,78,82,86,59,29,119,140,164,103,80,64
output_0000730.png,75,96,146,208,181,166,170,165,150,38,26,27,145,54,61,125,21,32,106,91,98,48,69,113,180,148,100
output_0000731.png,205,180,151,143,125,102,26,41,48,169,166,150,92,20,13,70,79,84,88,60,29,118,138,162,109,71,53
output_0000732.png,176,155,141,29,24,13,110,87,69,66,49,30,114,116,133,129,132,146,79,85,89,63,69,75,148,76,76
output_0000733.png,110,81,62,152,120,93,25,20,16,65,46,36,213,190,165,132,132,129,126,124,124,75,78,67,68,68,68
output_0000734.png,165,132,102,28,23,17,108,76,48,67,48,34,131,124,92,82,76,67,128,116,108,140,76,60,76,68,68
output_0000735.png,67,49,27,188,167,147,133,112,91,13,20,22,156,148,133,103,90,77,152,139,132,108,100,83,180,100,92
output_0000736.png,183,156,139,25,20,12,110,82,68,74,108,147,117,152,185,70,48,36,174,41,11,37,89,102,34,65,90
output_0000737.png,192,171,145,142,104,62,37,30,25,37,70,108,103,71,44,160,150,129,110,120,137,109,104,95,172,108,100
output_0000738.png,195,178,157,40,34,25,30,85,126,107,76,39,146,110,75,166,154,132,12,71,109,120,109,90,182,124,96
output_0000739.png,172,141,105,122,88,54,31,27,22,32,70,105,69,47,36,65,95,129,136,133,112,62,84,102,148,76,76
output_0000740.png,202,165,135,123,108,101,29,39,52,140,138,158,64,80,112,74,45,38,134,62,34,162,144,123,172,164,164
output_0000741.png,192,168,158,17,14,11,92,64,51,56,77,120,32,59,94,57,40,30,124,108,116,33,40,53,65,60,52
output_0000742.png,150,187,176,218,233,218,63,91,81,106,140,122,81,123,120,83,117,99,101,143,145,187,220,201,187,216,220
output_0000743.png,114,149,146,63,80,78,179,203,193,163,196,180,153,184,172,71,101,91,85,110,104,67,101,100,160,188,188
output_0000744.png,88,71,46,139,134,136,32,23,12,108,96,94,120,100,65,141,115,88,54,35,26,152,133,90,108,100,71
output_0000745.png,101,136,134,61,79,77,153,188,174,168,198,183,143,178,165,127,167,152,78,92,100,152,180,180,60,104,100
output_0000746.png,72,56,32,130,135,120,146,133,119,122,121,106,110,88,62,25,19,10,116,105,77,36,20,11,95,74,70
output_0000747.png,111,146,145,209,225,218,60,84,85,162,192,181,175,204,192,79,95,97,144,181,168,180,209,204,76,109,100
output_0000748.png,130,133,117,83,66,38,168,179,168,160,172,155,86,61,59,97,82,60,173,150,144,113,88,87,68,76,60
output_0000749.png,72,61,46,168,170,162,108,100,86,73,79,72,92,74,71,218,225,221,111,123,121,145,115,116,220,203,195
output_0000750.png,170,175,163,64,48,40,103,75,60,122,96,71,147,116,93,115,103,94,166,134,105,205,183,157,155,138,124
output_0000751.png,170,174,167,74,60,45,122,102,88,92,72,72,219,226,221,125,114,117,119,100,60,113,126,130,67,89,96
output_0000752.png,70,54,45,177,182,171,119,94,71,161,130,105,122,111,100,177,155,131,206,183,159,130,92,93,151,130,126
output_0000753.png,33,31,32,189,192,182,78,70,66,105,107,101,130,127,117,101,95,80,145,146,136,143,140,123,52,108,148
output_0000754.png,65,55,48,182,184,176,160,148,134,133,130,122,156,164,156,124,94,52,142,148,151,16,15,13,102,101,103
output_0000755.png,190,196,187,54,44,40,156,130,106,157,150,144,129,117,105,116,92,77,89,80,72,94,93,93,172,164,140
output_0000756.png,192,193,184,39,33,30,159,162,157,133,111,92,96,99,88,95,72,48,149,149,136,64,61,106,172,140,92
output_0000757.png,41,37,35,93,73,62,196,197,191,102,95,95,115,115,108,144,130,113,150,153,148,143,139,140,57,109,183
output_0000758.png,194,201,193,54,43,39,133,120,107,163,134,108,115,90,76,153,154,150,90,80,74,94,95,94,180,164,140
output_0000759.png,41,34,33,169,171,160,71,71,68,101,93,87,87,74,67,114,117,111,131,127,121,131,117,107,116,44,52
output_0000760.png,144,141,127,62,46,29,216,222,217,174,180,167,93,72,47,74,56,47,185,154,146,98,87,83,61,76,93
output_0000761.png,198,198,188,34,30,28,150,150,145,121,109,98,84,69,59,96,95,89,55,66,94,86,102,145,172,124,124
output_0000762.png,124,110,98,184,188,178,50,37,32,169,170,165,83,63,39,185,157,135,160,160,147,200,181,148,59,60,56
output_0000763.png,194,196,180,157,137,116,50,40,36,112,82,67,129,116,97,80,79,66,156,164,145,134,139,132,87,91,86
output_0000764.png,147,146,132,40,33,28,215,221,215,85,61,43,107,83,55,94,92,83,204,183,152,119,97,76,187,196,179
output_0000765.png,29,26,21,111,127,122,94,71,47,147,116,85,78,93,94,65,51,39,66,74,58,49,52,43,58,58,60
output_0000766.png,43,40,32,192,182,118,139,130,93,171,149,93,119,90,53,90,90,64,209,216,210,152,158,168,87,98,105
output_0000767.png,41,34,30,145,156,134,94,98,80,115,108,124,137,106,77,11,12,15,67,66,55,93,67,49,60,71,76
output_0000768.png,189,215,218,45,53,56,152,193,206,126,139,133,94,100,93,110,156,179,94,132,143,62,107,132,69,94,100
output_0000769.png,71,90,86,195,209,189,138,156,146,152,179,187,34,42,30,156,181,163,112,143,140,99,125,137,25,49,54
output_0000770.png,104,106,90,215,223,212,207,174,70,156,168,149,48,54,60,175,189,165,158,139,113,81,79,27,80,58,57
output_0000771.png,199,208,197,49,58,46,135,143,122,129,160,189,91,99,83,91,115,114,160,172,151,183,132,25,106,124,98
output_0000772.png,55,59,60,231,237,236,138,142,122,98,103,92,159,176,171,111,126,118,89,109,128,136,162,176,175,164,149
output_0000773.png,105,113,99,228,229,224,35,39,35,37,63,89,184,178,154,154,159,140,140,141,142,70,63,39,170,188,146
output_0000774.png,195,183,177,43,49,45,130,121,118,141,148,163,90,103,120,90,87,80,153,157,145,106,108,99,164,100,92
output_0000775.png,54,59,61,203,204,199,137,138,135,100,98,97,162,176,180,113,125,127,103,112,124,150,163,173,172,132,124
output_0000776.png,196,180,175,44,48,45,129,119,117,141,144,161,88,100,120,91,85,79,151,156,147,168,134,100,106,108,99
output_0000777.png,54,60,62,203,204,199,136,139,135,100,98,98,161,176,182,109,121,128,148,162,173,114,124,113,172,100,84
output_0000778.png,196,181,176,44,48,45,131,120,118,144,145,163,93,102,120,90,87,82,155,156,146,106,108,99,164,92,84
output_0000779.png,73,78,81,203,204,199,133,141,143,161,176,180,33,30,27,132,122,113,114,124,119,152,162,172,184,108,88
output_0000780.png,197,184,179,45,49,46,129,121,118,154,157,164,101,111,122,137,139,163,89,87,83,82,92,116,164,116,119
output_0000781.png,117,127,120,223,226,222,35,38,31,38,63,87,91,87,69,191,183,158,163,160,148,176,190,165,67,56,59
output_0000782.png,192,169,155,42,38,41,106,114,114,114,128,132,159,126,111,111,79,67,71,80,98,81,59,53,81,78,74
output_0000783.png,190,191,186,54,52,51,186,158,140,130,141,143,90,103,105,154,164,162,134,107,93,100,81,70,108,127,118
output_0000784.png,46,40,40,114,115,110,192,170,157,160,126,108,125,137,140,107,82,70,78,86,99,81,79,77,140,148,148
output_0000785.png,182,182,174,77,78,75,130,138,136,177,143,125,29,24,26,134,104,86,105,115,118,35,37,36,150,156,164
output_0000786.png,47,42,42,118,113,105,197,174,158,124,137,140,165,129,112,89,74,67,80,86,97,95,104,108,148,148,141
output_0000787.png,191,182,171,55,52,52,137,133,126,154,164,161,83,98,96,112,126,128,103,97,86,104,114,118,149,156,164
output_0000788.png,189,163,146,46,41,43,117,112,106,123,136,140,89,74,68,91,106,105,79,85,98,136,148,144,172,76,84
output_0000789.png,192,184,173,57,56,56,137,133,126,154,165,161,114,126,129,104,96,84,86,105,101,103,112,117,150,156,164
output_0000790.png,197,173,156,42,37,39,111,115,112,160,125,104,123,135,140,109,82,70,81,79,76,80,61,54,76,83,99
output_0000791.png,204,206,202,75,80,83,137,144,142,184,155,146,25,24,22,44,39,33,154,168,177,117,123,132,133,113,107
output_0000792.png,47,51,49,200,196,192,131,127,131,145,150,166,89,103,128,91,83,84,143,157,153,103,109,106,164,145,100
output_0000793.png,68,78,80,207,216,213,129,143,140,99,116,128,26,28,28,123,96,88,191,143,110,132,154,173,35,44,35
output_0000794.png,180,180,177,23,26,23,99,106,106,104,123,152,126,141,149,70,87,93,64,67,61,54,73,88,142,124,114
output_0000795.png,72,83,80,191,209,195,124,139,130,119,115,105,27,26,27,182,152,123,41,44,35,102,124,124,156,164,164
output_0000796.png,62,68,70,117,129,130,201,204,193,147,169,170,22,16,21,139,155,164,30,29,27,93,107,116,122,93,88
output_0000797.png,212,219,211,156,175,163,25,37,32,128,124,104,90,111,96,87,71,60,83,90,92,147,145,149,188,132,100
output_0000798.png,70,79,74,209,213,203,191,163,133,125,117,98,130,142,132,42,41,21,106,124,114,152,164,151,31,36,36
output_0000799.png,203,209,194,44,50,44,122,125,108,84,81,48,96,110,99,146,155,141,82,96,94,147,156,130,168,89,62
output_0000800.png,78,87,78,177,186,178,145,165,171,126,142,138,149,164,155,32,39,37,26,32,27,138,120,63,110,124,113
output_0000801.png,75,82,73,208,214,205,190,169,146,135,146,135,135,120,99,154,173,161,44,43,21,114,132,116,156,172,172
output_0000802.png,210,229,222,43,41,38,134,167,159,111,133,119,112,147,149,87,105,90,77,66,54,79,92,92,156,156,140
output_0000803.png,211,230,222,40,44,42,117,138,129,133,163,156,77,89,82,108,90,66,86,103,101,150,156,138,160,173,156
output_0000804.png,212,230,224,48,47,43,134,169,159,93,114,95,114,138,123,86,77,64,115,148,156,82,98,101,156,148,132
output_0000805.png,211,230,222,39,44,42,118,138,129,135,162,156,110,91,69,77,89,84,153,152,131,87,103,101,174,173,148
output_0000806.png,209,229,222,42,42,38,128,164,162,87,105,88,109,128,110,77,67,56,140,158,136,75,91,92,156,152,124
output_0000807.png,210,229,221,39,44,42,118,138,130,133,161,156,153,152,134,109,91,68,76,89,84,85,101,102,132,172,156
output_0000808.png,214,232,225,49,48,44,145,182,174,95,117,104,130,164,140,85,80,67,116,134,119,88,110,89,164,164,132
output_0000809.png,210,229,221,40,44,42,118,138,128,135,162,156,109,91,69,76,89,83,84,101,102,157,155,132,163,172,148
output_0000810.png,213,231,224,45,45,42,151,188,180,86,105,85,126,161,141,80,71,61,118,134,118,94,116,103,164,156,124
output_0000811.png,211,230,222,40,44,43,117,138,129,134,162,156,111,93,72,76,88,84,84,102,102,160,157,136,175,172,148
output_0000812.png,211,230,223,44,43,41,139,172,163,85,105,88,110,127,109,80,70,60,80,90,92,156,148,120,140,148,164
output_0000813.png,209,228,220,39,44,41,121,136,123,109,93,71,141,162,156,89,103,102,76,88,83,151,151,132,170,172,140
output_0000814.png,212,231,224,45,44,41,138,175,167,109,126,109,84,103,85,79,71,61,133,159,145,88,107,103,156,145,116
output_0000815.png,216,233,225,37,43,41,147,174,164,120,116,96,89,105,100,83,81,71,126,145,161,69,87,103,164,124,100
output_0000816.png,210,229,223,48,46,42,105,122,112,85,102,86,161,164,141,133,160,145,75,86,79,108,102,80,116,156,156
output_0000817.png,218,234,227,38,44,42,146,174,163,118,120,105,92,109,105,83,79,67,123,146,149,73,90,102,164,140,124
output_0000818.png,210,229,222,44,44,41,139,170,157,84,103,87,111,125,111,80,71,61,117,148,148,80,92,92,156,148,124
output_0000819.png,216,233,225,39,46,43,112,110,94,139,166,156,80,81,72,89,109,106,81,99,101,122,142,149,156,132,108
output_0000820.png,216,233,227,49,48,44,140,169,154,90,112,94,87,81,68,120,128,108,86,99,100,180,140,108,140,148,148
output_0000821.png,216,233,225,40,46,43,111,111,96,138,166,155,80,81,71,89,108,105,81,97,101,124,145,152,160,148,120
output_0000822.png,26,31,27,196,218,210,58,82,82,100,118,105,107,143,137,78,89,82,142,165,148,130,144,129,140,96,52
output_0000823.png,150,139,138,33,30,30,102,84,79,109,106,119,73,72,78,77,85,80,56,64,51,72,60,54,119,126,133
output_0000824.png,31,29,26,163,150,118,120,97,72,78,59,46,77,96,89,55,60,49,139,140,105,140,132,116,54,77,80
output_0000825.png,170,164,140,23,25,24,116,108,86,134,146,137,75,89,88,67,58,50,121,129,134,57,70,79,148,84,60
output_0000826.png,23,23,26,108,112,114,176,172,161,122,133,155,136,148,170,69,68,66,83,94,103,75,81,94,148,116,89
output_0000827.png,25,28,30,175,182,194,90,98,108,149,142,129,68,76,83,98,96,87,63,64,62,83,92,89,127,140,146
output_0000828.png,103,115,132,18,18,17,81,92,98,106,93,86,59,64,73,64,54,42,50,52,38,40,38,48,76,88,108
output_0000829.png,201,208,208,33,35,38,140,154,148,111,117,109,85,98,95,73,75,72,71,83,92,119,138,148,156,116,80
output_0000830.png,210,221,217,27,26,26,106,123,116,140,159,153,64,86,92,68,77,69,147,140,124,90,81,70,181,176,156
output_0000831.png,19,22,21,159,150,136,102,99,90,59,61,57,130,140,140,112,124,136,51,70,80,68,86,92,193,92,46
output_0000832.png,213,222,217,22,21,23,96,96,88,125,146,139,60,54,49,74,85,80,116,132,140,140,108,108,68,74,84
output_0000833.png,16,16,19,164,180,160,92,86,72,112,139,129,60,58,49,59,85,90,45,65,77,132,108,92,88,116,124
output_0000834.png,214,223,219,23,22,24,100,98,89,129,150,145,59,53,48,73,85,79,114,132,140,148,132,118,64,76,84
output_0000835.png,20,20,23,160,171,153,114,140,128,101,95,81,63,61,53,99,121,117,66,91,96,46,66,81,132,108,94
output_0000836.png,209,217,212,21,20,22,130,144,131,105,101,89,75,84,70,61,52,47,66,73,78,148,124,112,118,132,132
output_0000837.png,155,173,156,23,25,27,90,100,93,139,124,108,67,65,55,86,73,61,49,72,88,109,132,132,100,140,112
output_0000838.png,206,215,210,20,20,22,100,93,82,127,145,138,60,50,45,140,124,111,74,87,81,118,132,132,64,74,76
output_0000839.png,162,176,160,24,26,28,103,100,85,120,146,131,65,91,97,69,66,55,48,70,85,104,132,133,140,108,100
output_0000840.png,207,211,205,29,34,33,111,115,105,132,151,153,67,71,64,80,95,92,121,138,150,71,83,93,148,116,84
output_0000841.png,120,137,135,97,94,79,110,110,84,155,172,171,48,49,42,81,82,65,67,79,79,91,108,109,144,156,164
output_0000842.png,138,120,106,22,27,28,85,82,78,64,77,77,87,98,110,55,64,73,57,54,49,108,116,119,116,60,76
output_0000843.png,43,37,30,141,157,155,81,72,62,95,91,85,105,109,98,111,121,120,68,70,76,63,60,68,99,115,116
output_0000844.png,162,178,178,23,27,27,95,107,102,130,133,120,127,139,142,56,67,66,70,82,87,83,73,61,156,148,92
output_0000845.png,21,26,26,139,117,102,85,84,83,63,77,78,56,55,52,83,99,117,57,65,77,104,116,117,126,84,89
output_0000846.png,200,214,215,144,164,167,32,28,26,117,115,111,116,139,149,85,99,103,77,72,67,69,82,92,164,148,149
output_0000847.png,25,31,33,120,118,115,82,75,70,88,106,114,58,53,47,59,75,83,39,55,62,100,108,92,60,76,68
output_0000848.png,35,31,23,198,193,183,94,66,63,108,109,105,132,142,59,159,166,101,140,123,115,151,149,140,68,92,44
output_0000849.png,41,36,26,142,174,191,181,164,138,117,147,171,100,112,118,148,130,108,89,95,106,98,87,76,75,79,77
output_0000850.png,88,65,40,35,29,15,196,189,185,151,146,43,60,60,50,109,101,94,173,159,119,148,125,105,153,148,144
output_0000851.png,47,42,32,158,177,187,187,169,137,100,82,59,173,147,114,93,99,107,135,113,91,102,120,126,100,116,156
output_0000852.png,198,185,160,181,168,144,40,33,26,143,118,101,110,101,94,145,141,135,97,69,54,89,81,79,172,156,116
output_0000853.png,48,42,31,159,178,185,183,160,126,140,115,83,100,81,58,91,99,107,96,121,133,146,181,133,76,132,156
output_0000854.png,182,175,169,68,53,40,133,108,89,149,139,123,145,117,57,100,84,76,88,86,79,140,124,117,130,120,116
output_0000855.png,42,39,31,132,152,173,163,182,190,114,128,134,171,154,127,96,92,85,94,101,111,120,102,86,91,70,48
output_0000856.png,158,166,166,33,28,24,124,140,155,107,84,65,76,58,43,108,112,132,79,79,79,65,63,79,140,100,77
output_0000857.png,181,156,134,27,25,24,113,91,73,70,58,48,128,136,139,127,117,133,76,83,90,81,84,72,140,68,76
output_0000858.png,214,215,202,53,44,42,184,157,132,142,139,129,131,107,88,159,165,154,88,88,91,148,164,172,107,109,104
output_0000859.png,222,225,214,28,24,26,113,93,75,142,153,135,68,58,51,82,85,74,156,115,92,79,76,76,140,140,140
output_0000860.png,222,222,208,54,42,36,167,175,162,144,112,92,114,109,95,108,72,60,138,147,148,109,90,93,188,140,41
output_0000861.png,218,215,198,171,175,164,48,43,42,151,138,118,116,117,110,104,67,60,149,153,157,196,64,89,94,95,104
output_0000862.png,220,220,207,55,43,37,135,108,86,161,171,163,108,107,93,206,178,74,105,69,58,160,157,134,105,90,92
output_0000863.png,88,62,48,191,195,196,189,162,118,149,140,128,34,30,22,158,135,98,167,166,147,147,97,73,100,133,164
output_0000864.png,222,224,214,31,29,30,145,162,152,118,101,85,77,64,56,122,139,140,90,93,84,86,84,84,164,116,108
output_0000865.png,165,148,128,31,27,23,117,98,78,79,61,46,89,87,81,137,142,141,131,129,134,72,76,84,160,56,82
output_0000866.png,210,209,203,32,26,21,148,154,155,117,100,82,85,98,106,150,148,132,79,64,48,173,152,72,90,93,75
output_0000867.png,173,153,128,24,20,23,104,88,78,61,49,41,72,80,75,121,133,117,146,73,68,116,124,124,64,68,76
output_0000868.png,208,208,202,33,28,22,136,145,150,114,94,73,80,62,43,82,91,98,140,145,130,159,119,90,87,84,71
output_0000869.png,171,153,126,26,21,23,104,91,79,67,52,42,71,80,75,107,118,116,122,132,115,62,67,68,150,65,62
output_0000870.png,210,207,204,39,41,38,157,171,170,138,121,104,96,80,60,107,117,114,162,165,142,79,93,106,186,149,38
output_0000871.png,207,219,213,57,42,40,135,158,163,125,126,119,176,165,172,130,101,90,105,76,70,92,99,106,140,180,180
output_0000872.png,178,161,133,109,92,80,26,22,24,125,134,121,68,53,42,72,80,75,60,67,68,116,124,124,144,69,65
output_0000873.png,223,225,216,31,28,30,145,161,152,120,102,86,78,63,55,125,140,140,89,94,82,164,124,108,87,84,84
output_0000874.png,177,160,131,27,23,24,109,92,80,128,133,114,67,52,42,71,79,73,156,76,64,132,124,124,60,68,76
output_0000875.png,221,223,213,32,29,31,143,161,155,119,102,85,77,63,55,90,95,88,164,124,99,84,84,84,134,140,148
output_0000876.png,177,160,131,26,22,24,109,92,80,125,134,120,67,51,40,72,80,75,61,67,68,122,124,124,140,76,60
output_0000877.png,222,224,213,31,28,30,145,161,153,116,97,81,78,65,57,119,138,140,91,92,85,86,84,84,164,116,116
output_0000878.png,177,161,131,27,22,24,109,92,79,125,134,122,66,52,42,72,80,75,120,124,124,140,76,60,60,68,76
output_0000879.png,201,199,193,34,29,22,148,155,154,127,105,81,90,100,106,88,68,48,133,137,143,67,79,89,164,116,88
output_0000880.png,185,163,137,32,26,18,118,91,72,78,57,41,148,148,141,144,135,135,84,79,82,91,93,93,156,46,73
output_0000881.png,200,200,194,32,28,20,141,149,155,116,93,68,79,62,44,85,98,104,158,128,88,71,79,87,148,148,124
output_0000882.png,216,220,211,138,159,155,27,26,28,112,99,86,70,61,56,120,140,149,84,92,85,81,82,84,156,104,100
output_0000883.png,165,148,119,26,22,23,104,90,78,122,133,119,66,52,43,72,78,74,61,68,68,134,65,68,117,124,124
output_0000884.png,216,225,218,63,46,44,147,168,167,132,140,129,179,167,174,132,105,96,104,93,75,92,104,109,148,188,192
output_0000885.png,176,153,120,32,27,18,106,86,67,76,58,43,125,121,125,81,85,87,130,132,125,74,74,77,142,46,66
output_0000886.png,192,193,184,31,31,30,124,105,82,143,153,145,83,70,54,91,100,96,122,136,144,167,73,101,77,83,92
output_0000887.png,175,151,120,34,27,18,107,86,67,76,58,44,79,85,88,75,73,78,130,134,130,117,117,126,144,68,52
output_0000888.png,214,212,194,46,41,40,146,134,114,166,172,162,108,119,114,101,62,57,143,152,157,188,56,81,95,95,103
output_0000889.png,169,151,125,25,21,23,105,90,79,121,137,127,67,51,41,74,79,74,133,61,63,124,124,124,60,68,76
output_0000890.png,199,199,192,132,142,149,34,28,21,115,100,86,75,89,101,77,60,46,142,142,129,157,122,90,87,84,72
output_0000891.png,193,178,153,126,106,91,28,23,24,148,146,132,145,131,124,78,58,46,86,90,81,75,75,76,168,92,76
output_0000892.png,52,71,76,204,208,204,130,144,150,110,136,149,98,114,123,29,39,42,135,159,173,153,172,177,80,110,126
output_0000893.png,62,75,78,190,198,197,40,42,40,110,131,142,130,134,136,164,147,133,105,104,103,91,114,132,144,164,164
output_0000894.png,190,195,198,48,56,61,135,142,146,147,160,174,100,103,105,111,126,138,75,91,108,155,172,179,96,113,136
output_0000895.png,214,220,221,48,45,42,100,118,139,168,156,151,136,153,164,121,100,88,79,86,95,93,100,101,108,140,180
output_0000896.png,58,56,57,204,210,202,163,184,181,121,139,140,148,156,149,105,120,127,107,108,102,139,170,180,180,132,132
output_0000897.png,215,221,222,51,47,43,141,154,166,117,126,131,166,147,125,86,97,110,117,99,89,87,87,82,194,181,156
output_0000898.png,57,52,53,203,210,203,163,186,184,149,154,148,123,140,140,102,116,122,108,104,95,142,168,182,184,116,132
output_0000899.png,216,221,221,50,46,42,154,166,173,131,117,110,128,139,152,100,115,129,92,81,72,86,94,107,182,108,130
output_0000900.png,60,55,56,199,212,205,142,159,155,117,133,137,183,166,152,103,116,116,151,177,181,132,125,115,132,188,152
output_0000901.png,216,221,221,49,46,42,144,154,162,129,117,110,99,112,123,92,79,70,158,149,130,79,89,102,173,144,103
output_0000902.png,204,211,204,51,48,50,142,149,143,163,186,182,114,133,135,143,168,173,91,110,120,100,93,83,180,108,100
output_0000903.png,215,220,220,48,45,41,124,112,107,146,157,163,95,111,125,119,132,150,78,86,96,90,76,66,164,116,84
output_0000904.png,199,214,209,120,133,132,45,39,40,184,176,161,59,51,54,158,181,175,86,74,63,83,88,91,58,74,80
output_0000905.png,227,230,229,49,45,42,131,116,106,154,164,167,129,142,153,92,78,70,103,114,121,90,96,103,172,140,120
output_0000906.png,198,199,188,53,47,47,151,171,168,132,150,153,136,135,127,103,118,122,100,84,71,77,96,109,180,108,132
output_0000907.png,228,231,230,50,47,43,142,154,161,132,114,104,93,80,72,104,115,121,175,144,108,95,98,103,164,157,130
output_0000908.png,61,56,54,202,205,196,150,149,139,161,186,187,122,140,141,103,117,123,143,167,176,116,104,91,184,132,136
output_0000909.png,214,219,219,49,45,43,144,156,167,93,105,118,131,124,123,150,150,142,89,80,73,178,130,116,104,100,87
output_0000910.png,196,201,191,155,171,166,53,47,48,133,149,152,137,136,126,104,119,122,98,84,68,76,94,105,172,108,124
output_0000911.png,209,215,216,46,45,42,155,169,174,130,128,129,138,151,160,95,118,125,86,96,106,93,81,75,172,132,100
output_0000912.png,44,50,49,124,138,139,188,199,196,177,166,135,115,120,109,82,98,102,115,92,82,81,87,77,156,172,163
output_0000913.png,63,60,60,98,113,124,214,221,222,141,138,131,136,155,166,128,112,105,176,178,173,166,163,160,157,130,92
output_0000914.png,49,42,33,92,67,45,70,53,42,65,74,76,60,75,123,20,24,21,52,54,62,62,68,63,75,84,92
output_0000915.png,69,59,56,195,193,180,150,153,149,164,178,184,172,174,164,117,139,146,94,104,108,120,127,117,17,64,83
output_0000916.png,171,182,193,36,45,47,109,144,97,126,138,153,151,181,130,118,100,106,164,142,116,86,100,112,83,87,85
output_0000917.png,189,198,199,64,49,48,166,161,145,138,136,127,151,156,148,101,117,125,23,31,42,85,90,92,109,109,102
output_0000918.png,92,109,91,179,187,190,149,163,175,21,29,27,134,170,123,29,41,49,140,127,133,36,57,66,112,127,142
output_0000919.png,38,40,31,175,186,186,108,120,119,115,95,73,134,148,149,127,126,127,74,84,92,76,92,96,134,142,130
output_0000920.png,163,175,187,95,113,95,22,29,26,29,45,53,156,142,121,136,173,124,117,128,144,64,54,60,24,138,164
output_0000921.png,25,18,14,149,129,86,86,70,43,57,45,28,116,108,72,108,94,77,44,40,36,68,68,36,44,44,21
output_0000922.png,211,225,226,65,86,98,116,141,156,108,111,115,143,161,173,157,180,195,118,126,120,193,191,170,92,132,140
output_0000923.png,44,50,42,189,197,200,119,134,138,94,110,123,141,159,175,82,97,96,67,81,88,168,142,95,116,97,78
output_0000924.png,50,52,56,196,208,214,124,138,142,145,159,176,86,99,102,185,90,87,99,109,128,134,52,58,164,172,156
output_0000925.png,200,213,214,34,38,38,120,133,135,125,152,173,159,150,161,85,99,115,75,90,84,106,92,78,59,187,198
output_0000926.png,160,169,177,26,27,27,94,109,113,123,149,127,58,64,71,134,125,127,90,82,76,66,90,76,81,108,148
output_0000927.png,186,190,194,151,171,117,34,38,37,147,128,128,112,113,116,108,120,71,65,68,74,101,82,77,68,100,156
output_0000928.png,161,168,176,27,27,27,97,106,112,133,149,128,58,65,73,143,112,115,81,87,77,90,69,66,89,108,148
output_0000929.png,183,191,182,38,40,41,149,148,158,115,125,103,161,125,109,92,94,106,75,81,71,112,88,80,155,168,75
output_0000930.png,190,191,190,142,155,154,32,33,30,122,109,95,119,129,143,92,97,89,83,74,61,71,78,92,164,108,49
output_0000931.png,168,169,172,28,29,30,126,141,158,110,106,107,123,151,126,64,67,71,71,86,105,71,89,77,148,28,52
output_0000932.png,183,191,195,37,42,42,156,176,127,114,120,124,157,130,120,109,127,75,74,83,79,110,90,83,84,116,164
output_0000933.png,180,185,195,146,154,164,136,119,124,19,26,29,85,106,128,87,93,95,35,59,85,87,51,52,92,140,180
output_0000934.png,186,195,198,156,160,141,38,37,34,107,116,125,151,127,114,111,106,88,100,85,76,71,78,83,94,124,172
output_0000935.png,170,177,174,49,47,38,117,126,123,160,162,136,86,112,87,72,90,63,131,158,121,114,91,62,78,149,177
output_0000936.png,51,49,37,139,129,89,95,84,57,53,65,72,102,111,99,18,18,21,88,96,94,33,20,23,70,85,66
output_0000937.png,51,46,36,179,186,182,149,174,25,144,69,114,151,136,103,83,85,85,149,154,144,155,120,141,121,128,134
output_0000938.png,70,75,84,25,22,17,85,110,133,133,109,80,58,61,66,78,92,102,81,61,44,116,150,165,48,48,55
output_0000939.png,55,47,39,176,182,178,149,182,16,146,68,118,149,136,103,154,157,144,92,100,98,164,117,142,132,140,144
output_0000940.png,15,18,17,78,80,79,62,68,52,60,59,56,48,50,48,42,49,32,36,36,34,28,33,36,28,36,26
output_0000941.png,76,94,114,22,21,16,79,78,82,61,67,73,129,110,87,56,46,36,42,45,45,56,60,50,84,92,90
output_0000942.png,79,72,68,159,161,162,144,122,93,153,144,125,116,114,117,120,93,74,127,109,87,43,39,36,140,124,148
output_0000943.png,83,107,127,24,23,17,60,68,80,124,103,72,83,67,51,57,43,29,78,92,94,55,60,56,161,144,109
output_0000944.png,168,173,167,26,24,19,130,160,15,84,64,50,137,109,86,102,93,71,58,54,46,122,122,120,64,68,68
output_0000945.png,81,104,124,24,22,15,133,116,89,59,64,74,85,68,51,57,43,27,58,76,100,106,93,71,66,60,40
output_0000946.png,44,47,47,88,91,93,226,234,235,124,130,138,124,124,112,154,155,160,176,187,193,165,172,165,68,140,180
output_0000947.png,23,24,22,148,157,155,77,91,51,94,89,88,113,134,87,192,192,205,203,208,213,97,112,114,56,79,88
output_0000948.png,202,205,210,34,36,33,106,110,119,158,117,120,69,75,78,180,170,111,111,115,70,101,86,81,105,106,158
output_0000949.png,55,61,58,190,205,196,103,119,88,14,14,17,156,129,130,108,84,83,148,147,158,106,96,109,134,158,98
output_0000950.png,232,236,240,29,34,33,77,88,96,89,101,107,59,73,71,76,68,67,130,137,156,116,124,136,148,157,172
output_0000951.png,130,133,115,212,223,217,31,36,37,64,55,53,77,97,45,75,80,77,168,193,158,191,208,169,52,68,84
output_0000952.png,228,231,237,16,21,19,108,99,83,56,56,47,141,127,114,65,76,69,71,83,87,124,124,116,108,124,140
output_0000953.png,50,54,40,132,135,112,212,222,217,113,120,94,98,91,78,167,164,145,104,104,111,150,174,138,140,157,164
output_0000954.png,230,234,235,31,33,32,89,101,106,60,74,74,75,83,92,121,132,151,123,152,108,84,62,41,124,134,116
output_0000955.png,132,139,111,35,34,33,215,221,219,53,63,63,82,73,71,175,193,149,191,171,168,76,72,43,140,52,92
output_0000956.png,105,90,75,7,11,10,72,77,66,65,61,47,39,39,29,48,55,47,59,68,68,27,36,27,40,43,44
output_0000957.png,47,52,40,204,209,208,141,161,107,126,124,93,158,155,123,90,85,65,93,111,75,95,95,102,124,144,148
output_0000958.png,229,236,235,17,21,18,98,102,91,56,61,53,151,130,116,71,86,79,113,142,100,116,136,140,60,76,84
output_0000959.png,194,194,183,12,23,18,96,88,75,102,164,167,42,64,58,36,77,97,71,125,138,52,94,109,144,108,90
output_0000960.png,39,42,38,224,233,231,108,95,83,156,159,152,124,131,100,172,187,186,163,174,161,134,146,135,84,124,76
output_0000961.png,203,201,195,12,18,14,98,84,70,120,155,160,48,56,50,60,84,81,62,118,136,47,68,78,140,100,108
output_0000962.png,172,180,174,208,210,205,32,36,31,147,139,125,158,162,157,114,130,110,104,88,73,100,106,100,188,132,124
output_0000963.png,157,170,174,28,29,24,88,74,58,130,125,110,220,228,227,88,102,102,77,81,85,113,124,132,60,72,84
output_0000964.png,188,194,198,8,8,7,129,101,93,90,82,82,37,38,33,115,116,124,69,49,42,148,124,100,54,60,68
output_0000965.png,34,35,31,220,228,225,129,130,122,116,102,85,81,98,75,165,174,177,156,157,146,138,150,143,152,76,84
output_0000966.png,34,39,39,172,183,183,104,87,81,238,243,242,210,220,219,130,115,112,106,109,107,137,144,131,116,92,100
output_0000967.png,185,184,177,13,19,17,98,97,83,125,144,112,108,121,142,53,60,55,54,94,88,148,53,67,57,74,88
output_0000968.png,191,198,199,26,27,24,88,72,64,98,106,109,129,121,116,109,97,76,135,147,153,142,148,127,60,100,28
output_0000969.png,158,155,150,91,85,69,8,9,7,98,120,130,47,43,30,116,124,108,51,75,71,124,104,76,50,57,78
output_0000970.png,199,204,207,27,29,26,88,70,64,102,112,117,108,100,78,142,152,158,132,126,122,143,143,133,60,100,36
output_0000971.png,40,37,24,184,187,178,129,119,99,92,95,96,120,148,163,98,112,112,92,79,55,169,148,111,188,164,108
output_0000972.png,64,44,24,187,178,137,154,131,97,131,110,83,123,93,66,100,92,87,124,119,118,105,86,48,140,148,143
output_0000973.png,81,74,58,145,140,126,184,193,190,22,19,18,202,181,141,111,127,127,106,112,113,179,155,111,51,34,27
output_0000974.png,26,27,18,93,91,64,178,172,132,66,62,43,26,139,151,37,113,118,49,89,84,51,60,45,40,72,77
output_0000975.png,178,178,153,41,43,39,131,125,101,145,163,128,92,84,66,149,162,159,88,103,108,69,79,67,96,114,83
output_0000976.png,53,52,32,187,181,137,151,160,140,147,181,151,193,200,189,142,120,86,97,143,99,101,102,81,156,188,180
output_0000977.png,131,149,140,23,29,22,148,171,161,177,187,172,99,120,110,121,130,113,81,95,84,85,74,46,164,164,92
output_0000978.png,35,31,26,160,159,142,110,107,88,82,58,55,88,93,72,148,124,97,63,75,55,69,74,86,124,132,132
output_0000979.png,217,228,221,18,32,34,99,124,118,61,83,80,142,166,153,68,96,102,128,154,156,156,164,136,92,100,89
output_0000980.png,136,163,145,175,188,160,35,36,33,112,136,123,85,109,98,73,80,69,109,148,148,164,108,76,82,92,92
output_0000981.png,218,226,218,18,32,35,115,132,123,148,168,160,64,86,86,85,112,113,72,99,108,134,156,164,164,156,116
output_0000982.png,89,91,90,220,225,219,159,182,188,158,143,125,31,38,38,123,146,152,171,180,169,58,48,40,56,51,56
output_0000983.png,69,69,69,209,215,207,167,179,171,145,146,136,116,128,126,25,25,32,126,156,181,93,111,129,194,156,144
output_0000984.png,85,86,86,157,180,198,203,207,209,154,152,151,116,138,158,33,40,40,168,180,175,121,134,128,52,41,33
output_0000985.png,202,207,202,49,48,51,161,181,176,143,144,139,114,131,132,107,104,101,85,97,98,135,158,174,98,114,128
output_0000986.png,197,195,131,40,48,36,131,129,81,144,171,136,97,115,88,91,84,52,171,82,24,100,136,167,78,96,101
output_0000987.png,192,207,208,32,39,37,94,113,116,73,76,71,95,112,67,121,134,133,132,158,164,146,165,120,60,108,112
output_0000988.png,216,222,215,125,198,216,47,53,46,74,148,188,141,142,129,59,101,131,109,128,119,208,45,45,98,102,86
output_0000989.png,200,203,196,32,34,32,117,118,106,146,157,150,76,69,65,76,85,96,87,101,101,132,140,159,189,70,71
output_0000990.png,37,52,41,155,74,55,115,83,72,87,55,46,111,106,122,83,82,92,146,134,149,35,84,65,125,108,108
output_0000991.png,41,53,56,193,195,197,145,114,61,154,147,142,191,184,139,79,82,69,81,48,36,199,150,79,52,70,149
output_0000992.png,142,142,130,61,49,35,66,54,80,210,203,204,123,99,71,74,86,99,191,158,137,94,95,109,188,180,172
output_0000993.png,187,180,180,35,26,23,125,107,98,149,144,151,74,92,95,184,126,21,141,141,134,84,59,50,75,96,71
output_0000994.png,39,29,25,175,166,158,150,115,86,104,105,98,123,122,137,103,67,49,71,65,59,65,71,91,124,140,136
output_0000995.png,173,174,182,45,36,30,167,135,107,93,91,103,140,105,82,105,73,53,62,59,66,72,80,133,78,76,74
output_0000996.png,172,147,139,45,37,30,121,100,91,127,130,136,89,92,91,90,68,55,40,97,72,166,105,47,130,132,120
output_0000997.png,46,61,56,191,195,177,121,141,137,145,172,177,130,128,100,147,166,155,79,99,97,96,119,106,178,155,73
output_0000998.png,6,11,10,78,66,55,41,41,35,27,37,33,23,24,22,60,44,39,43,49,52,50,62,53,23,28,36
output_0000999.png,58,73,68,214,218,200,144,179,177,131,141,128,93,152,179,17,19,17,95,131,131,73,109,120,173,74,73
output_0001000.png,142,143,128,202,200,174,35,34,29,187,189,168,224,227,216,48,61,69,76,89,95,76,78,68,61,59,57
output_0001001.png,210,222,212,38,34,32,144,168,152,119,125,110,91,108,99,128,147,140,82,71,61,80,90,85,164,116,108
output_0001002.png,207,206,190,49,51,46,141,139,124,162,171,170,163,167,149,87,109,121,99,93,78,107,116,95,186,78,68
output_0001003.png,161,173,169,32,40,36,119,124,117,159,142,127,131,150,141,91,112,112,81,77,71,88,104,96,59,80,79
output_0001004.png,161,172,160,18,28,36,95,110,105,119,150,147,60,69,69,66,94,93,111,135,160,64,82,93,140,108,92
output_0001005.png,15,17,15,151,128,112,83,65,53,48,37,30,42,68,62,29,47,39,91,98,102,104,108,109,38,59,60
output_0001006.png,33,45,42,170,167,157,128,128,119,98,115,110,140,161,150,82,83,76,82,95,102,134,145,149,164,108,96
output_0001007.png,214,221,198,25,29,24,112,103,54,133,161,134,68,64,47,77,97,91,116,132,156,68,80,95,148,116,4
output_0001008.png,193,213,204,144,176,167,41,45,41,117,138,129,94,115,107,83,93,82,123,156,156,84,99,100,164,172,160
output_0001009.png,89,113,99,226,236,222,91,100,80,55,54,47,118,137,113,140,167,136,155,189,164,68,84,84,175,184,161
output_0001010.png,40,47,43,210,221,210,148,174,167,128,136,123,100,123,118,91,93,82,80,103,111,112,149,183,172,132,100
output_0001011.png,40,46,45,201,196,178,134,139,127,159,168,152,101,110,97,90,94,87,84,105,118,161,162,174,230,123,41
output_0001012.png,41,39,35,181,198,180,117,135,117,82,98,85,117,102,84,162,143,118,89,112,101,127,156,148,124,164,146
output_0001013.png,198,199,179,34,34,32,118,127,107,124,140,150,77,84,66,157,155,131,101,97,82,85,98,101,204,198,92
output_0001014.png,48,46,43,188,180,152,140,126,108,157,169,166,106,122,126,136,152,159,101,86,70,93,104,109,172,124,118
output_0001015.png,82,102,106,202,206,199,23,22,26,174,165,161,137,141,139,144,165,175,67,57,48,110,151,158,140,188,184
output_0001016.png,50,51,55,216,217,207,170,160,146,137,140,131,121,102,91,92,96,99,172,180,172,99,111,116,156,163,164
output_0001017.png,102,118,125,222,219,208,19,23,29,79,61,52,160,158,147,174,190,193,159,178,196,69,59,73,188,156,140
output_0001018.png,50,50,55,217,217,208,170,160,145,137,139,131,122,102,89,98,106,110,155,159,156,92,94,96,172,180,170
output_0001019.png,33,41,46,217,222,209,161,181,171,138,145,134,107,125,122,95,98,90,68,97,127,130,156,172,196,140,116
output_0001020.png,158,150,138,26,28,30,127,129,124,105,96,87,73,85,94,67,57,53,114,114,116,63,66,76,140,76,68
output_0001021.png,221,224,224,47,50,45,162,172,177,141,137,125,101,115,113,128,146,170,97,94,80,63,88,119,204,97,158
output_0001022.png,152,152,143,52,53,34,65,82,80,213,218,225,193,162,15,108,106,84,216,204,186,200,205,198,92,82,73
output_0001023.png,198,205,198,37,43,39,136,156,169,127,132,126,95,116,127,84,85,76,83,96,105,152,165,142,164,156,116
output_0001024.png,214,211,196,45,48,49,158,175,162,143,108,91,98,124,105,95,76,70,183,101,83,96,126,169,68,88,123
output_0001025.png,219,213,184,37,41,35,173,176,159,148,146,122,112,125,116,157,162,156,90,104,102,94,84,63,188,124,28
output_0001026.png,55,64,66,208,221,217,100,94,73,137,130,108,110,119,113,96,97,97,175,173,153,141,164,164,132,144,142
output_0001027.png,219,213,186,39,43,36,173,176,159,148,145,121,113,125,115,158,162,156,90,105,102,100,83,60,188,124,8
output_0001028.png,82,81,72,216,225,215,199,182,133,136,149,143,151,125,93,122,133,120,165,181,167,52,38,26,148,180,182
output_0001029.png,219,212,184,41,44,38,173,176,159,149,143,114,113,125,116,160,162,156,88,104,102,101,82,58,188,116,12
output_0001030.png,72,75,69,209,215,198,184,156,118,137,146,136,152,168,165,103,117,119,240,216,40,139,105,81,33,31,31
output_0001031.png,220,228,215,105,101,85,206,201,166,151,162,154,43,45,49,172,157,66,180,191,165,65,50,47,140,172,188
output_0001032.png,4,4,4,8,4,4,8,4,4,8,4,4,8,4,4,8,4,4,8,4,4,8,4,4,8,4,4
