frame_path,color_1_r,color_1_g,color_1_b,color_2_r,color_2_g,color_2_b,color_3_r,color_3_g,color_3_b,color_4_r,color_4_g,color_4_b,color_5_r,color_5_g,color_5_b,color_6_r,color_6_g,color_6_b,color_7_r,color_7_g,color_7_b,color_8_r,color_8_g,color_8_b,color_9_r,color_9_g,color_9_b,color_10_r,color_10_g,color_10_b
output_0000001.png,4,14,25,176,209,202,5,78,116,4,44,77,29,145,168,28,144,148,138,88,128,86,53,74,28,92,92
output_0000002.png,115,109,96,11,8,8,88,25,14,173,169,142,107,52,35,118,62,48,66,60,52,153,156,136,142,143,140
output_0000003.png,194,185,156,23,26,24,111,116,98,148,127,98,232,223,193,95,82,67,164,151,100,138,124,57,84,116,100
output_0000004.png,165,159,133,33,28,19,204,194,163,140,114,84,104,106,83,99,62,36,147,137,127,68,81,72,180,140,111
output_0000005.png,194,184,156,29,28,23,109,116,96,105,70,41,150,126,95,135,109,58,232,222,191,166,151,100,84,116,100
output_0000006.png,162,151,117,103,85,57,9,9,9,54,38,23,130,134,114,65,70,58,140,76,42,122,120,124,62,51,73
output_0000007.png,204,197,163,167,164,134,32,27,18,143,119,83,99,67,39,104,110,82,149,142,128,72,85,72,180,124,89
output_0000008.png,203,194,161,18,15,12,94,62,34,104,113,92,130,101,57,144,121,97,158,149,101,147,149,122,68,100,77
output_0000009.png,166,163,131,205,198,163,143,121,87,34,29,19,104,110,82,99,69,41,156,146,124,71,86,70,180,132,106
output_0000010.png,91,59,33,201,192,159,17,13,9,101,112,87,130,101,57,145,125,94,160,148,100,152,152,123,60,84,69
output_0000011.png,169,165,134,37,31,20,146,123,88,209,202,166,111,113,84,107,72,40,156,146,124,77,86,73,188,148,114
output_0000012.png,195,188,151,72,97,81,14,11,8,140,129,102,61,52,29,156,172,149,116,140,124,164,116,76,144,160,156
output_0000013.png,233,229,200,10,7,5,159,151,132,115,84,50,67,35,11,83,77,55,124,124,124,180,132,105,62,57,68
output_0000014.png,37,28,19,200,192,160,166,159,131,146,118,83,154,144,122,107,72,44,118,105,77,83,78,68,180,132,101
output_0000015.png,234,230,201,13,9,5,117,89,53,156,150,131,71,38,13,85,81,59,127,129,125,66,67,70,180,140,108
output_0000016.png,170,160,131,31,23,16,203,195,164,146,123,88,115,102,75,106,66,37,144,135,129,82,78,69,188,140,124
output_0000017.png,195,187,151,71,96,80,13,11,7,140,129,101,61,52,29,156,172,149,115,140,124,164,108,68,156,164,156
output_0000018.png,159,151,119,135,103,72,28,21,15,194,186,155,90,56,32,100,91,67,139,128,116,172,124,96,68,68,68
output_0000019.png,154,135,103,15,13,12,199,189,159,122,108,82,177,167,137,99,76,45,168,155,133,59,68,73,188,156,118
output_0000020.png,36,29,20,193,186,157,166,161,136,141,124,95,116,108,84,102,76,53,155,145,125,180,140,110,81,85,76
output_0000021.png,36,30,21,195,188,159,143,125,95,166,161,134,116,108,84,102,74,51,154,144,126,78,81,78,180,132,100
output_0000022.png,170,151,127,134,101,73,27,19,15,94,93,74,88,61,43,147,141,122,135,127,118,60,70,75,156,84,80
output_0000023.png,131,99,78,35,34,38,71,34,16,154,144,134,176,139,115,70,80,87,92,54,26,155,148,120,52,84,92
output_0000024.png,25,16,13,173,159,137,131,96,69,92,90,73,145,136,116,90,54,35,128,122,117,57,65,71,156,84,80
output_0000025.png,190,184,159,144,126,102,36,26,20,166,161,138,118,112,91,103,80,59,108,96,85,77,74,56,157,147,140
output_0000026.png,165,147,123,119,97,74,20,14,13,136,126,106,81,87,69,71,51,37,119,114,109,66,64,63,148,92,60
output_0000027.png,189,183,158,41,30,23,143,125,100,167,161,138,108,85,64,119,112,91,157,146,133,85,78,58,89,85,76
output_0000028.png,175,159,136,124,101,77,17,11,9,55,29,19,58,58,45,155,149,131,145,137,127,89,49,24,90,56,42
output_0000029.png,172,138,110,27,22,22,119,73,42,73,52,41,71,82,91,54,58,78,137,127,120,109,107,116,148,76,42
output_0000030.png,132,92,62,88,50,30,18,8,6,92,98,70,59,68,61,58,29,18,51,56,49,37,39,42,116,60,36
output_0000031.png,125,115,83,32,22,18,213,200,168,80,49,29,100,78,40,177,172,152,180,159,124,189,191,162,60,84,41
output_0000032.png,147,128,107,24,15,13,105,70,49,119,117,97,67,42,30,57,50,62,76,68,60,113,100,108,132,58,52
output_0000033.png,190,176,148,29,26,19,74,122,105,134,106,78,88,64,44,150,158,138,145,146,133,86,88,78,164,100,60
output_0000034.png,207,205,174,19,11,9,100,60,37,133,93,58,105,117,93,149,119,89,149,149,111,151,153,131,68,92,73
output_0000035.png,156,129,95,34,25,19,220,209,173,177,167,136,126,105,79,111,80,45,168,155,145,76,67,77,188,140,108
output_0000036.png,150,130,97,24,18,14,221,214,180,74,54,33,90,79,58,206,190,152,194,189,150,104,76,32,54,84,78
output_0000037.png,101,78,61,188,167,133,33,21,12,147,117,90,58,33,19,156,135,111,164,156,132,130,116,93,161,145,142
output_0000038.png,126,103,74,215,205,162,25,19,17,76,38,16,96,62,20,169,156,118,75,63,49,179,180,134,178,169,148
output_0000039.png,131,184,176,66,115,118,5,15,20,77,140,152,33,83,99,123,122,108,21,67,75,76,73,65,164,156,76
output_0000040.png,21,28,35,134,184,173,100,87,63,73,107,114,98,129,120,82,148,159,144,138,109,18,67,83,39,87,92
output_0000041.png,90,167,177,152,186,175,11,32,36,58,120,134,97,151,148,73,107,91,151,118,52,99,66,52,29,78,93
output_0000042.png,80,145,160,51,32,29,59,72,75,59,97,105,49,49,67,61,81,94,117,148,160,72,106,125,22,91,109
output_0000043.png,11,36,46,125,187,185,65,135,147,35,107,130,76,157,174,39,94,104,88,87,87,138,144,136,124,172,148
output_0000044.png,114,184,180,12,23,30,55,76,77,51,96,103,207,229,208,28,147,124,86,127,121,166,228,204,60,60,108
output_0000045.png,9,34,45,122,187,186,63,138,145,76,159,174,33,106,131,84,84,72,35,96,103,134,157,154,112,172,148
output_0000046.png,136,200,191,88,162,170,10,19,27,42,138,128,28,86,103,145,166,115,70,80,81,46,72,77,172,180,79
output_0000047.png,11,33,41,119,186,187,102,167,170,55,130,147,56,115,116,82,75,59,23,84,106,134,139,141,28,140,180
output_0000048.png,63,127,147,85,151,173,20,22,27,45,86,100,101,167,181,89,81,73,82,109,107,64,72,65,146,116,82
output_0000049.png,106,162,168,26,30,35,75,95,113,77,74,80,32,63,83,77,140,139,76,92,90,99,116,148,116,126,138
output_0000050.png,93,181,174,13,22,29,73,105,107,189,224,205,78,132,137,52,77,88,49,64,66,69,75,73,116,140,140
output_0000051.png,9,30,39,156,206,196,103,175,178,62,145,161,58,126,135,27,97,120,77,75,63,30,84,85,124,164,140
output_0000052.png,110,188,181,13,22,28,75,111,110,65,135,144,47,65,68,71,77,75,42,77,94,28,148,108,116,132,132
output_0000053.png,110,178,181,10,35,41,52,124,141,82,75,61,102,165,162,56,110,110,25,83,103,136,144,142,12,124,172
output_0000054.png,135,204,192,81,168,171,12,27,34,32,143,132,141,162,147,21,91,112,47,78,82,68,84,84,49,189,179
output_0000055.png,115,185,180,8,29,32,35,121,109,20,80,103,60,137,152,18,72,75,218,227,192,72,73,68,140,138,76
output_0000056.png,128,186,187,5,19,23,109,166,176,71,139,145,187,221,205,37,110,120,19,89,98,80,106,101,148,172,180
output_0000057.png,42,104,116,9,17,19,4,39,63,20,57,70,88,102,102,64,142,155,55,131,148,4,57,85,11,77,90
output_0000058.png,100,173,174,168,215,199,26,108,116,43,135,143,5,9,11,9,67,85,10,49,59,136,164,125,60,60,60
output_0000059.png,51,116,129,7,22,32,214,229,208,56,96,103,13,67,90,74,79,86,82,149,157,67,139,156,32,63,71
output_0000060.png,34,92,109,6,15,21,103,119,126,204,224,208,55,133,148,17,48,61,34,44,43,100,151,164,127,177,180
output_0000061.png,86,162,171,6,6,6,36,82,96,21,41,49,67,124,123,92,114,122,44,100,136,44,68,60,52,52,60
output_0000062.png,13,29,37,112,134,134,123,161,157,55,109,118,23,73,90,113,147,156,21,88,109,67,62,58,117,45,54
output_0000063.png,96,167,173,59,113,127,6,8,8,48,83,95,17,50,69,21,38,45,92,108,108,94,132,124,54,48,48
output_0000064.png,73,151,165,7,19,27,54,135,152,53,108,119,201,215,196,26,75,95,37,68,76,71,76,80,71,93,84
output_0000065.png,86,155,166,5,7,8,65,107,123,55,82,98,180,222,205,21,50,70,19,38,47,72,51,60,124,116,132
output_0000066.png,102,175,179,44,112,127,6,7,7,46,83,94,187,225,205,12,51,71,16,39,46,108,124,140,44,45,48
output_0000067.png,17,47,62,4,5,7,10,35,46,28,117,144,49,70,77,35,52,52,13,28,27,36,38,39,20,92,100
output_0000068.png,108,183,185,42,129,143,173,218,202,29,94,108,7,8,9,21,64,83,140,196,194,21,46,55,76,74,94
output_0000069.png,5,12,16,28,57,72,17,45,56,190,200,174,87,151,151,79,86,79,38,80,92,63,113,131,38,31,29
output_0000070.png,113,184,182,30,116,113,7,19,25,65,149,160,139,110,24,13,83,106,20,69,78,86,76,55,140,164,108
output_0000071.png,209,211,193,5,10,12,54,93,99,108,150,150,19,60,81,18,50,56,8,31,46,89,125,142,78,57,50
output_0000072.png,112,168,173,7,30,40,38,98,121,136,121,105,37,117,89,83,141,138,19,66,83,84,67,57,207,220,186
output_0000073.png,8,30,35,50,123,140,113,174,178,56,106,107,99,160,161,28,80,95,123,121,115,73,61,43,44,116,172
output_0000074.png,107,177,177,58,142,152,46,118,101,7,14,18,120,117,91,43,73,82,55,65,62,33,58,56,156,164,108
output_0000075.png,74,144,159,6,28,37,119,177,179,67,127,136,43,101,119,39,85,85,113,125,122,69,53,34,136,164,124
output_0000076.png,82,62,50,37,37,36,201,210,178,102,118,106,157,175,117,105,116,80,141,142,115,152,174,135,68,100,108
output_0000077.png,209,209,181,47,33,22,168,166,142,132,112,89,89,66,45,104,94,74,150,138,125,84,79,77,184,148,128
output_0000078.png,222,219,192,38,26,19,127,112,103,162,151,131,102,100,96,88,60,46,90,81,79,154,138,133,172,124,124
output_0000079.png,46,37,33,202,210,178,77,92,97,111,106,76,116,121,104,129,149,109,163,177,118,153,162,133,148,52,18
output_0000080.png,45,46,42,157,168,162,134,125,108,182,188,168,139,150,152,92,80,64,101,112,109,80,97,103,66,85,84
output_0000081.png,209,208,182,46,33,23,169,165,142,134,113,91,90,70,51,103,94,76,85,80,77,144,136,132,180,148,92
output_0000082.png,187,205,180,19,34,36,96,132,129,130,169,161,112,153,156,55,102,111,53,89,92,100,101,87,160,124,124
output_0000083.png,107,133,126,170,192,170,7,13,15,160,166,144,41,57,41,16,69,79,54,100,103,54,69,71,139,169,172
output_0000084.png,78,104,105,15,17,16,23,58,69,134,166,165,157,190,177,116,151,149,131,121,108,81,68,35,165,163,94
output_0000085.png,145,182,168,14,13,14,93,107,102,37,95,105,88,76,65,201,228,205,93,135,133,105,125,114,116,60,84
output_0000086.png,16,34,40,154,187,177,119,151,150,67,105,108,106,105,94,77,120,135,158,158,130,136,171,180,32,77,95
output_0000087.png,156,193,175,15,17,17,78,77,67,97,107,100,51,97,99,98,135,128,131,143,133,131,126,112,4,60,92
output_0000088.png,121,161,151,7,15,16,20,102,119,90,81,61,73,96,93,190,219,198,170,212,193,38,68,92,154,201,204
output_0000089.png,7,10,11,183,213,188,96,149,146,158,192,167,51,64,55,26,91,103,148,171,147,64,86,91,127,176,180
output_0000090.png,124,165,155,7,15,15,19,101,119,75,97,95,95,79,58,113,121,102,204,228,204,173,212,191,100,60,52
output_0000091.png,110,156,147,9,13,13,179,206,178,28,94,101,77,75,59,70,90,92,159,207,188,148,188,189,108,60,48
output_0000092.png,139,111,90,75,106,106,136,172,168,96,136,139,7,11,11,96,68,51,32,75,84,23,56,60,92,158,158
output_0000093.png,84,135,137,9,10,12,185,207,184,152,192,176,43,60,50,145,169,154,33,71,79,121,176,181,28,103,114
output_0000094.png,81,116,115,103,142,142,11,14,14,143,116,96,130,167,162,47,84,90,87,63,47,31,66,68,124,156,124
output_0000095.png,122,161,148,66,118,123,117,103,87,60,88,82,6,7,7,15,55,65,64,48,36,24,41,40,164,140,84
output_0000096.png,114,140,135,75,106,109,5,7,8,118,90,71,55,85,87,64,44,26,22,56,66,26,40,39,116,116,68
output_0000097.png,118,158,147,69,119,122,119,102,87,7,9,9,59,92,87,25,59,67,67,51,39,27,46,45,152,136,84
output_0000098.png,121,154,150,91,126,128,67,99,100,136,107,88,7,9,9,23,63,73,68,46,29,24,49,52,156,140,108
output_0000099.png,96,141,138,16,19,17,155,167,151,70,66,51,65,83,79,107,104,88,33,103,109,139,180,165,108,51,46
output_0000100.png,179,156,137,17,12,10,121,87,66,81,57,42,79,73,70,93,88,84,144,146,143,125,123,126,156,68,36
output_0000101.png,80,70,62,178,164,154,10,6,5,123,104,92,104,97,93,44,23,13,108,108,99,145,137,140,148,148,141
output_0000102.png,176,167,131,152,131,105,114,86,64,12,8,7,125,121,117,71,40,25,75,81,79,61,62,64,132,148,156
output_0000103.png,163,156,144,199,191,163,141,115,93,20,15,14,142,133,130,98,91,86,84,53,40,80,73,72,180,116,108
output_0000104.png,78,73,64,124,117,103,175,157,139,7,4,4,106,108,91,42,21,9,101,98,100,143,148,134,148,156,148
output_0000105.png,206,197,165,23,15,12,146,117,95,167,163,155,108,96,86,151,142,139,88,65,53,94,82,77,180,124,92
output_0000106.png,176,177,148,143,121,103,25,18,16,104,102,90,95,66,48,109,122,121,69,73,74,66,64,56,124,148,150
output_0000107.png,192,183,157,30,25,19,125,110,89,144,150,123,94,98,80,83,70,53,141,136,134,82,79,80,171,64,60
output_0000108.png,176,179,146,241,235,209,122,120,90,68,67,40,141,138,106,147,148,107,102,100,67,100,92,64,219,224,196
output_0000109.png,129,103,74,13,11,9,188,174,152,161,150,125,63,57,42,106,63,23,51,33,21,155,138,124,98,58,40
output_0000110.png,171,127,88,10,8,7,99,70,49,120,119,92,50,38,29,61,62,53,133,50,23,56,51,52,116,100,100
output_0000111.png,175,158,120,10,9,7,125,128,100,110,97,67,116,115,108,51,37,25,141,70,43,66,69,58,60,60,60
output_0000112.png,14,13,10,138,119,109,111,70,30,189,182,171,84,46,17,183,154,144,83,76,66,172,164,164,104,76,55
output_0000113.png,150,125,116,204,192,180,49,43,35,101,84,73,184,169,165,196,164,158,89,70,51,86,59,49,117,84,64
output_0000114.png,126,109,86,20,19,14,153,154,144,63,63,51,64,38,17,100,65,30,164,132,98,145,156,123,44,60,36
output_0000115.png,211,205,187,53,46,33,133,122,108,101,90,72,111,101,81,166,158,147,158,149,129,92,92,69,156,139,126
output_0000116.png,199,191,151,8,8,5,101,79,53,128,134,97,148,72,48,52,40,26,66,68,47,108,124,124,61,58,60
output_0000117.png,188,174,126,112,98,61,12,10,6,144,135,99,81,79,52,64,54,29,69,64,71,124,120,132,156,92,60
output_0000118.png,147,140,114,37,29,15,75,51,23,105,83,43,200,194,166,185,185,160,89,89,71,60,76,59,175,172,156
output_0000119.png,190,161,95,143,140,115,120,87,52,17,15,9,76,51,27,86,83,65,164,108,42,121,116,108,70,67,60
output_0000120.png,143,126,95,31,25,11,108,78,27,87,77,49,101,83,55,72,50,21,236,220,184,205,149,65,192,170,158
output_0000121.png,178,172,148,108,84,47,77,50,23,42,31,16,130,105,74,145,120,83,98,95,77,127,124,106,60,76,52
output_0000122.png,174,151,95,101,75,47,124,127,108,10,10,7,51,43,27,65,62,45,112,107,100,140,68,42,44,52,52
output_0000123.png,186,164,121,108,85,51,9,10,8,131,138,124,56,43,27,69,74,65,121,123,125,54,57,69,148,92,20
output_0000124.png,164,148,114,121,126,107,9,8,6,100,66,43,63,63,46,148,60,52,51,38,24,96,99,92,44,52,52
output_0000125.png,30,28,17,186,173,133,132,119,84,93,80,47,104,103,79,143,142,126,154,157,132,91,90,77,164,92,4
output_0000126.png,178,158,101,130,130,106,107,79,46,10,9,6,52,42,24,69,66,46,109,107,92,154,74,45,52,52,52
output_0000127.png,77,64,40,170,157,135,153,133,104,131,118,95,123,93,60,150,137,124,43,37,23,107,97,84,177,148,100
output_0000128.png,180,157,97,130,130,105,108,80,46,9,9,6,50,42,24,71,64,43,111,107,92,148,68,36,36,52,52
output_0000129.png,45,34,17,134,122,85,189,175,129,111,104,74,97,80,45,162,156,115,78,71,44,80,83,76,156,148,132
output_0000130.png,158,155,134,93,59,18,9,7,5,128,149,149,58,34,11,107,120,128,140,74,17,64,72,70,54,59,69
output_0000131.png,173,177,152,44,38,18,118,103,54,90,68,24,177,157,92,112,119,100,215,203,152,134,115,81,76,100,52
output_0000132.png,16,12,8,90,59,24,180,187,176,123,100,66,133,122,109,101,103,101,160,144,112,136,144,144,84,84,100
output_0000133.png,78,58,32,189,165,125,148,119,83,21,14,7,120,109,84,158,164,145,148,142,135,106,97,86,177,68,19
output_0000134.png,82,71,50,175,142,105,132,109,80,42,31,18,129,121,108,142,133,112,106,101,88,116,108,74,44,44,24
output_0000135.png,184,167,141,71,59,38,130,106,73,5,5,4,145,135,110,105,93,67,137,122,117,99,83,78,156,92,21
output_0000136.png,177,145,86,32,27,18,133,103,55,153,142,116,91,74,45,144,129,110,104,94,67,65,67,62,164,92,4
output_0000137.png,123,121,115,32,25,17,209,196,174,173,148,119,86,76,67,92,69,43,52,60,56,187,182,180,188,188,172
output_0000138.png,79,49,18,177,163,129,102,75,39,22,16,9,98,88,68,123,103,75,133,123,110,143,118,80,52,68,88
output_0000139.png,70,68,59,127,114,93,191,174,149,36,23,15,16,13,8,98,98,92,105,108,95,144,132,141,148,148,124
output_0000140.png,28,22,12,203,199,171,104,90,58,71,46,18,183,164,127,161,145,115,158,124,64,171,164,128,136,132,91
output_0000141.png,42,40,35,121,114,94,175,154,129,90,82,67,73,78,71,99,101,87,140,140,116,92,91,92,137,127,134
output_0000142.png,166,145,99,34,27,16,128,94,58,94,74,44,106,92,57,146,133,88,72,62,36,143,123,100,76,76,52
output_0000143.png,130,30,4,197,79,4,171,51,4,5,5,4,83,21,5,138,55,22,15,19,20,161,77,38,52,28,4
output_0000144.png,23,36,36,123,174,168,87,129,129,43,100,113,70,149,159,54,88,90,87,99,88,23,70,85,141,153,138
output_0000145.png,137,184,171,125,167,160,99,136,132,11,12,13,129,146,136,69,98,103,83,70,56,46,67,71,68,132,156
output_0000146.png,119,154,148,83,107,105,89,126,129,15,16,17,90,76,63,65,84,84,64,48,37,66,71,63,125,121,112
output_0000147.png,141,185,174,128,167,162,91,125,124,122,143,133,7,10,13,77,62,49,59,84,92,43,60,63,68,132,156
output_0000148.png,119,153,147,91,111,108,10,11,12,88,71,58,88,127,135,74,87,87,45,58,58,127,123,106,159,144,56
output_0000149.png,49,66,65,224,228,204,149,174,164,117,133,132,7,12,14,95,120,119,84,104,109,127,153,156,164,148,100
output_0000150.png,25,28,21,111,102,80,204,202,163,186,159,113,171,166,142,154,127,93,116,72,30,160,152,122,72,40,21
output_0000151.png,213,225,200,20,29,29,74,99,97,134,166,157,118,133,125,118,107,79,92,67,56,164,163,119,44,68,92
output_0000152.png,154,133,98,35,27,19,212,208,169,81,45,24,142,87,31,215,193,138,91,86,67,202,188,138,113,78,49
output_0000153.png,193,217,195,11,21,22,107,95,80,140,159,146,62,51,43,65,88,88,111,129,134,53,75,84,156,124,108
output_0000154.png,165,143,105,41,29,20,233,222,177,150,95,36,90,54,31,106,95,77,212,187,133,128,89,59,184,180,157
output_0000155.png,195,217,195,11,20,19,143,129,111,101,107,96,91,68,52,118,139,136,55,78,79,43,64,59,100,156,164
output_0000156.png,178,158,118,40,29,20,150,98,41,92,58,34,231,222,178,109,98,81,222,200,145,140,105,71,209,204,155
output_0000157.png,157,189,173,13,18,18,79,101,93,38,60,58,55,75,76,116,129,112,105,131,132,68,75,65,116,140,108
output_0000158.png,12,20,21,172,203,183,97,117,113,50,92,92,92,86,79,128,160,150,101,149,141,122,140,131,100,75,67
output_0000159.png,92,4,4,4,5,5,37,40,45,26,39,43,53,65,70,71,82,88,38,51,60,19,27,36,21,18,19
output_0000160.png,140,163,154,157,186,170,129,157,147,16,14,14,101,104,97,85,68,57,51,72,80,56,54,49,124,172,156
output_0000161.png,4,4,4,4,4,12,8,4,4,8,4,4,8,4,4,8,4,4,8,4,4,8,4,4,8,4,4
output_0000162.png,118,124,126,29,90,109,4,6,7,89,95,97,45,55,60,21,36,44,28,44,44,36,108,132,100,124,116
output_0000163.png,158,150,134,73,30,25,12,10,12,117,98,87,122,113,110,93,79,70,78,65,69,148,114,106,100,124,132
output_0000164.png,59,125,129,33,33,32,47,101,109,96,69,58,175,192,178,78,143,148,49,86,88,31,71,79,140,146,126
output_0000165.png,24,121,127,98,182,178,176,221,200,4,24,32,65,158,163,14,95,106,8,76,86,68,87,89,100,172,140
output_0000166.png,139,160,153,76,38,33,112,135,136,96,106,102,8,13,17,129,119,105,156,138,120,108,148,146,74,80,86
output_0000167.png,19,23,25,127,158,158,94,105,106,100,79,73,68,87,95,55,72,76,109,136,142,40,56,63,133,112,101
output_0000168.png,150,149,137,68,30,28,92,83,78,115,103,95,9,10,12,111,114,116,74,64,71,141,111,108,84,124,132
output_0000169.png,116,128,121,8,17,21,26,61,68,165,187,177,145,166,159,62,70,64,56,59,50,70,88,83,142,155,156
output_0000170.png,156,154,141,99,107,98,9,13,16,139,122,109,84,69,59,82,122,128,45,71,77,41,55,56,42,99,107
output_0000171.png,126,135,126,12,27,33,101,117,109,143,157,149,76,84,78,52,71,69,162,164,152,65,95,108,105,144,157
output_0000172.png,105,134,125,66,105,105,12,13,15,47,81,83,60,116,115,33,45,45,104,101,99,38,56,62,63,51,54
output_0000173.png,115,143,134,49,47,39,75,89,85,158,194,175,49,78,80,80,76,58,73,111,110,139,178,172,164,180,162
output_0000174.png,28,35,38,137,173,161,94,123,118,113,146,140,57,81,82,116,140,129,77,90,83,71,97,101,132,156,132
output_0000175.png,105,133,127,39,27,18,70,78,73,79,64,42,86,93,81,147,187,180,42,64,67,133,171,172,156,148,152
output_0000176.png,12,13,12,101,129,122,149,185,170,67,80,77,137,171,164,75,92,83,66,64,48,42,61,63,148,167,152
output_0000177.png,40,25,15,108,136,130,80,69,51,78,84,79,157,197,182,137,175,173,67,100,100,42,68,71,158,175,172
output_0000178.png,106,140,136,10,9,9,65,84,86,136,174,165,75,69,58,66,102,107,43,72,79,78,100,91,44,60,84
output_0000179.png,32,21,14,102,129,125,72,58,42,79,77,70,143,176,166,97,95,80,40,59,65,150,172,152,140,172,155
output_0000180.png,98,128,124,14,12,11,63,79,79,137,173,166,70,63,47,42,65,67,140,168,155,79,92,82,131,172,156
output_0000181.png,31,21,14,101,129,125,72,58,42,79,77,70,142,176,166,96,95,80,145,169,150,39,60,66,132,172,156
output_0000182.png,41,29,28,112,160,131,82,115,80,182,220,198,77,54,44,108,136,73,52,76,67,30,87,96,69,140,148
output_0000183.png,98,164,161,7,17,25,46,91,97,71,119,128,97,57,51,66,26,29,126,143,47,14,50,59,28,64,78
output_0000184.png,152,197,188,119,175,173,25,18,20,80,138,145,69,115,116,47,82,93,95,75,59,44,65,66,91,156,132
output_0000185.png,159,200,185,14,16,17,57,99,102,75,126,136,37,71,79,82,36,33,25,56,59,124,103,100,76,140,116
output_0000186.png,12,19,21,89,112,117,61,53,50,55,82,91,98,110,75,87,83,80,24,58,66,53,78,72,21,84,108
output_0000187.png,71,94,98,16,13,12,99,121,116,58,79,79,104,99,94,41,61,67,74,59,51,43,46,44,60,116,108
output_0000188.png,114,144,133,25,22,22,142,176,164,128,162,157,84,103,100,102,110,105,68,82,79,124,172,156,156,161,158
output_0000189.png,108,163,155,15,21,20,62,120,136,60,105,96,35,74,90,38,67,56,105,108,110,61,63,62,78,140,66
output_0000190.png,118,157,163,78,117,130,6,7,9,58,88,100,32,56,71,31,44,49,131,140,132,108,104,105,60,50,51
output_0000191.png,82,140,126,138,183,170,14,21,20,49,105,107,113,157,161,29,84,78,143,158,157,100,172,172,83,77,66
output_0000192.png,16,22,22,70,105,110,120,154,155,85,128,142,45,79,91,36,66,67,120,108,98,79,69,66,84,140,100
output_0000193.png,77,134,123,153,190,180,14,19,19,107,154,151,44,99,95,27,78,69,140,163,172,76,65,71,100,172,164
output_0000194.png,82,128,138,136,179,177,14,12,12,62,96,107,39,67,80,38,47,49,60,57,56,108,116,116,84,148,132
output_0000195.png,9,19,19,113,147,157,35,75,88,52,100,107,22,64,70,78,120,136,19,49,57,104,105,110,65,55,54
output_0000196.png,90,136,145,135,178,175,16,16,17,71,102,112,55,76,85,62,59,59,41,53,57,102,156,148,108,116,116
output_0000197.png,11,25,24,57,104,106,131,172,169,82,125,134,34,77,89,24,67,65,62,60,60,100,124,124,68,140,116
output_0000198.png,153,180,177,6,12,14,91,124,132,58,92,97,22,48,48,29,60,72,125,130,132,84,140,140,68,68,76
output_0000199.png,125,175,172,66,122,141,10,16,21,44,94,112,30,65,84,27,53,65,104,122,120,86,140,132,60,58,60
output_0000200.png,105,144,151,152,190,183,79,111,119,10,13,13,51,73,86,127,115,114,38,56,59,122,164,156,73,59,61
output_0000201.png,62,111,135,113,156,167,7,11,13,47,86,103,18,56,76,16,45,56,65,54,54,109,97,99,89,132,124
output_0000202.png,14,24,26,148,183,178,57,91,105,80,119,127,99,142,150,45,71,78,88,72,70,140,125,120,148,156,124
output_0000203.png,137,179,177,72,113,124,12,20,21,92,137,149,50,78,92,35,64,68,135,119,114,77,69,68,124,148,132
output_0000204.png,18,31,38,157,201,192,87,135,150,74,111,123,36,65,81,127,128,131,46,82,102,85,62,53,116,148,132
output_0000205.png,28,63,79,83,135,148,63,115,125,11,19,18,84,116,124,51,91,108,80,132,132,73,116,140,13,28,44
output_0000206.png,4,94,142,12,67,101,13,12,9,108,105,108,132,137,151,70,65,58,11,42,54,65,45,32,87,108,121
output_0000207.png,113,161,167,58,100,110,73,120,136,12,16,16,41,71,79,34,57,59,129,59,47,66,50,45,76,132,108
output_0000208.png,103,142,151,136,177,173,72,105,111,11,12,13,45,68,82,36,55,61,121,134,125,69,60,53,116,156,124
output_0000209.png,99,146,144,6,7,8,55,86,93,69,113,125,24,42,49,25,56,70,117,110,113,47,124,100,60,55,58
output_0000210.png,50,89,107,11,17,21,173,216,208,107,140,149,148,177,175,22,35,52,85,133,142,163,154,162,85,146,160
output_0000211.png,168,203,197,5,15,18,57,132,149,18,72,91,37,102,114,10,58,66,110,137,129,92,156,132,62,76,76
output_0000212.png,127,190,185,61,116,136,10,17,14,65,95,95,23,60,52,46,70,83,63,60,60,108,112,113,84,140,116
output_0000213.png,175,211,199,6,17,20,76,142,150,25,80,93,46,109,118,14,63,70,117,137,126,61,68,70,117,164,140
output_0000214.png,93,154,164,62,121,140,12,17,15,49,99,111,39,77,94,29,66,65,23,48,57,107,102,104,66,64,61
output_0000215.png,55,109,133,5,7,8,26,58,74,14,43,61,102,157,173,30,67,93,83,139,164,93,129,148,48,60,48
output_0000216.png,145,194,191,8,13,10,49,94,87,74,126,136,26,52,42,36,64,78,60,65,62,78,142,116,116,128,124
output_0000217.png,8,13,16,60,111,135,26,57,76,11,42,62,113,167,179,38,73,98,17,67,94,110,120,133,93,148,172
output_0000218.png,49,115,115,9,8,9,122,134,128,95,95,86,136,173,166,65,60,46,124,154,157,62,67,66,84,44,76
output_0000219.png,113,173,164,122,124,106,87,101,83,88,136,132,9,8,7,77,64,46,33,59,68,44,46,41,178,221,188
output_0000220.png,51,122,123,181,225,201,16,29,30,38,71,64,128,208,191,107,187,174,84,178,174,103,193,197,4,60,92
output_0000221.png,96,165,168,55,55,39,5,26,37,76,101,99,120,126,110,107,109,97,52,80,86,28,19,13,52,100,124
output_0000222.png,73,131,129,200,228,206,21,15,10,58,57,40,23,67,76,67,91,81,94,177,180,120,163,155,162,172,157
output_0000223.png,37,46,43,94,149,149,97,159,164,142,178,165,105,110,89,78,99,92,86,118,120,140,162,146,59,82,85
output_0000224.png,14,11,8,194,225,204,79,135,130,56,59,43,120,166,153,95,177,180,40,73,83,13,111,129,159,173,160
output_0000225.png,70,75,62,101,170,171,90,150,154,6,7,9,81,129,134,71,109,116,111,164,156,18,53,66,108,141,139
output_0000226.png,15,12,9,180,217,197,83,138,131,55,59,44,94,173,173,19,92,108,69,81,78,125,173,156,160,164,150
output_0000227.png,110,175,174,7,7,8,84,129,134,83,93,88,120,118,105,71,56,42,28,59,74,37,46,41,121,150,132
output_0000228.png,195,178,114,23,21,13,111,102,66,68,63,40,83,84,57,139,140,101,148,116,73,79,75,68,132,128,116
output_0000229.png,72,59,37,196,173,115,144,122,80,169,159,111,122,110,75,11,9,8,157,144,116,93,93,80,38,19,11
output_0000230.png,228,217,170,49,40,25,109,93,58,175,168,118,152,137,94,124,121,82,162,155,124,88,103,76,188,148,88
output_0000231.png,216,201,143,35,30,22,133,119,79,86,74,48,161,158,113,95,101,75,56,77,87,127,140,143,172,116,4
output_0000232.png,103,85,50,216,202,147,27,23,14,163,145,94,178,172,128,64,30,11,141,131,103,161,157,144,196,108,68
output_0000233.png,33,39,31,190,168,97,128,123,77,109,100,61,81,90,65,88,99,84,146,164,130,140,149,125,158,68,30
output_0000234.png,204,196,140,6,6,5,92,83,52,45,40,24,160,83,45,124,132,97,59,68,48,117,114,108,58,58,60
output_0000235.png,123,119,73,221,202,133,12,13,10,56,62,41,53,38,21,83,71,36,138,105,14,165,163,134,169,180,110
output_0000236.png,181,183,137,18,15,11,103,54,29,149,105,50,171,110,75,172,144,79,95,103,80,236,205,146,60,92,80
output_0000237.png,154,140,70,8,7,6,78,70,41,40,34,22,106,116,79,99,104,77,52,60,41,50,50,44,28,36,23
output_0000238.png,133,123,83,33,34,24,106,101,65,91,83,50,176,168,120,70,72,50,85,90,76,155,156,113,143,143,132
output_0000239.png,179,160,93,27,30,22,121,112,68,145,149,106,76,70,39,88,94,63,132,135,117,74,80,71,156,76,12
output_0000240.png,87,85,57,203,168,109,160,128,78,14,16,13,123,127,85,168,174,120,54,30,20,118,157,134,188,84,66
output_0000241.png,201,176,118,48,45,29,145,115,71,159,160,110,110,116,74,110,67,37,83,96,77,180,82,60,132,132,124
output_0000242.png,196,172,114,115,106,69,19,21,16,64,63,43,153,146,92,150,179,143,76,36,22,133,155,130,105,65,23
output_0000243.png,209,201,157,12,19,17,92,96,90,100,116,122,60,80,87,119,135,135,42,62,72,50,51,33,29,52,58
output_0000244.png,109,137,126,15,17,16,38,72,68,57,88,84,147,176,172,30,62,51,162,182,171,148,180,164,36,52,84
output_0000245.png,103,86,68,56,41,24,6,7,6,19,54,40,49,88,76,31,21,11,84,52,31,47,75,77,15,35,44
output_0000246.png,146,103,57,30,33,16,187,179,162,177,151,117,89,61,28,178,161,142,77,41,9,60,84,42,188,144,99
output_0000247.png,173,147,116,18,25,19,103,86,65,58,56,42,71,86,77,129,141,120,140,76,40,66,76,76,122,132,124
output_0000248.png,185,155,121,142,98,51,31,36,19,166,153,127,66,35,11,68,61,35,160,131,98,153,139,124,44,68,30
output_0000249.png,20,25,17,170,138,103,112,94,69,69,64,45,48,62,48,80,93,77,68,81,77,140,149,126,138,133,124
output_0000250.png,164,134,90,33,27,21,85,52,17,120,80,30,97,86,60,167,159,138,125,112,84,133,89,48,66,76,92
output_0000251.png,160,119,80,87,71,53,6,9,7,45,44,37,50,74,72,21,38,34,43,58,60,79,105,108,124,132,116
output_0000252.png,181,159,126,34,34,18,134,109,73,149,154,135,95,105,52,85,72,42,101,76,78,139,135,125,164,92,36
output_0000253.png,171,151,117,24,22,11,103,88,41,69,80,31,125,142,129,66,53,25,156,56,61,117,122,118,58,62,70
output_0000254.png,187,176,145,38,35,16,142,119,77,104,115,56,160,168,145,96,77,35,153,154,135,94,93,79,172,108,44
output_0000255.png,180,159,121,29,29,18,127,101,64,54,58,71,77,58,23,148,148,119,148,139,124,90,92,64,156,76,40
output_0000256.png,208,164,135,71,37,19,150,108,81,169,143,97,12,9,8,113,70,44,122,92,57,122,116,100,188,116,120
output_0000257.png,23,22,19,171,131,81,107,79,45,70,51,33,49,52,40,75,70,61,124,116,104,82,85,65,140,142,100
output_0000258.png,114,105,68,31,29,18,68,62,37,149,138,87,85,63,23,60,44,22,132,125,92,95,76,28,140,140,89
output_0000259.png,213,206,143,17,15,14,116,106,68,87,88,61,71,58,34,147,148,93,73,74,60,136,134,110,100,52,28
output_0000260.png,223,208,148,17,15,11,95,71,49,60,42,30,37,47,32,74,76,48,59,66,52,128,120,100,132,132,76
output_0000261.png,218,213,152,19,18,15,124,117,75,99,106,75,86,76,49,59,67,51,151,157,103,63,78,69,138,143,118
output_0000262.png,199,203,144,25,28,21,112,111,74,87,96,68,76,71,46,143,153,103,56,63,45,135,137,117,77,82,76
output_0000263.png,146,169,120,133,108,73,91,121,96,22,16,14,85,94,69,89,60,37,47,70,56,41,56,40,92,140,116
output_0000264.png,155,144,104,105,75,41,128,131,95,9,8,8,124,77,88,61,37,23,68,65,45,140,76,93,35,52,52
output_0000265.png,125,95,67,149,150,105,13,10,9,85,54,32,101,81,49,37,55,56,44,45,35,97,110,93,100,124,96
output_0000266.png,196,201,148,25,24,18,109,92,57,132,139,98,68,52,31,76,89,69,100,119,111,59,72,70,148,116,76
output_0000267.png,143,164,126,104,72,38,13,10,9,151,124,76,118,123,91,110,135,117,51,23,9,83,97,84,53,51,37
output_0000268.png,150,154,110,141,107,83,113,86,48,12,9,7,88,53,34,116,131,108,52,46,28,116,140,108,57,64,60
output_0000269.png,113,84,54,12,9,8,159,178,145,55,28,15,109,131,113,156,133,93,61,58,45,112,143,143,148,158,100
output_0000270.png,167,185,150,109,81,53,11,13,13,115,138,119,52,28,15,143,126,90,58,68,61,124,149,151,164,142,100
output_0000271.png,147,131,88,94,61,32,7,7,7,112,116,83,46,28,16,53,54,34,124,60,75,116,85,92,52,44,52
output_0000272.png,199,199,144,22,20,14,110,91,53,133,139,97,68,50,27,76,80,55,45,64,61,101,118,110,148,108,92
output_0000273.png,177,196,152,102,79,46,13,15,15,120,144,119,145,115,72,173,151,91,62,30,14,151,136,86,130,157,152
output_0000274.png,168,166,109,132,96,58,13,13,11,88,52,28,97,86,49,40,47,35,43,56,53,98,111,96,44,132,92
output_0000275.png,95,72,37,179,199,156,10,21,25,125,141,106,126,154,146,166,158,96,74,103,101,133,108,55,172,172,92
output_0000276.png,166,166,110,137,103,62,13,12,11,88,51,31,104,87,47,43,48,35,106,118,102,55,63,61,108,132,100
output_0000277.png,101,78,42,179,199,158,13,23,24,137,147,108,128,156,153,85,113,108,172,160,100,54,27,22,180,180,92
output_0000278.png,156,140,99,19,22,20,100,77,55,120,136,100,62,46,34,70,87,68,109,118,110,55,73,69,133,53,23
output_0000279.png,197,186,121,24,31,18,129,121,71,149,160,106,81,75,42,90,107,66,86,89,77,142,145,125,164,108,52
output_0000280.png,141,142,87,22,24,14,222,218,155,182,192,117,58,52,29,76,77,44,95,89,53,107,87,32,180,180,140
output_0000281.png,210,203,141,31,34,20,166,170,108,142,133,84,109,112,72,95,92,58,94,99,84,148,148,136,180,148,60
output_0000282.png,36,34,23,167,176,122,200,200,147,145,144,98,116,121,82,102,97,62,68,88,83,152,155,134,180,132,60
output_0000283.png,16,36,25,108,72,36,221,219,169,130,111,67,107,121,95,184,176,107,151,139,96,159,170,136,60,124,80
output_0000284.png,11,20,22,126,168,166,65,102,106,30,61,67,55,86,81,28,53,50,93,129,148,68,75,76,124,132,124
output_0000285.png,130,179,167,63,97,94,8,11,14,61,124,128,118,123,110,50,143,145,26,58,73,72,55,38,32,50,50
output_0000286.png,16,47,53,112,162,154,115,131,119,73,71,64,73,125,129,79,139,148,15,84,92,49,98,109,121,148,124
output_0000287.png,124,192,174,21,40,43,84,145,136,45,99,100,92,98,89,52,109,117,92,163,164,137,153,136,124,172,132
output_0000288.png,128,188,174,18,31,33,72,116,105,39,76,70,36,84,95,82,75,67,71,137,142,131,131,123,108,156,108
output_0000289.png,118,186,171,19,28,31,79,155,148,78,130,123,59,101,104,79,79,72,120,142,126,42,83,85,120,164,140
output_0000290.png,200,209,192,6,12,12,71,97,95,118,144,137,27,53,54,106,131,132,36,68,76,68,68,52,132,124,124
output_0000291.png,85,117,110,18,22,20,52,69,64,33,64,57,105,148,140,117,149,141,40,60,44,103,140,140,60,84,67
output_0000292.png,20,24,22,39,84,88,69,132,140,36,55,56,26,113,128,9,63,79,12,42,55,60,67,67,108,116,116
output_0000293.png,10,10,10,73,144,139,62,50,33,33,66,69,43,32,19,33,89,96,32,49,55,23,36,40,44,100,92
output_0000294.png,31,76,87,50,48,41,4,5,5,20,38,41,7,27,37,13,21,21,28,27,24,68,68,52,6,44,68
output_0000295.png,18,24,23,93,144,143,68,108,108,71,74,65,45,62,59,38,80,88,75,124,132,109,120,109,112,133,116
output_0000296.png,217,201,176,23,37,17,160,164,113,126,129,80,93,105,61,77,84,42,142,141,138,180,156,142,72,84,81
output_0000297.png,126,117,88,32,34,25,204,199,171,174,174,150,73,74,52,95,63,21,164,163,148,70,40,13,111,73,38
output_0000298.png,51,49,29,206,197,162,154,142,96,120,138,101,173,187,145,102,116,100,118,103,63,166,166,151,188,124,92
output_0000299.png,106,85,49,9,11,8,157,158,132,190,181,144,147,144,126,58,55,38,138,130,101,49,33,19,136,128,81
output_0000300.png,27,22,15,188,158,115,134,106,73,87,63,39,98,88,69,153,141,112,139,129,117,67,71,68,164,100,88
output_0000301.png,98,83,57,190,172,127,20,31,30,152,147,121,157,126,77,170,172,138,165,159,149,58,33,18,136,135,90
output_0000302.png,42,53,42,204,183,141,133,109,73,92,83,58,154,165,115,100,117,96,96,107,100,155,155,140,172,100,68
output_0000303.png,110,87,46,159,157,134,13,13,9,62,42,18,133,128,102,165,127,81,63,59,43,151,148,111,44,52,45
output_0000304.png,205,184,142,33,36,27,132,108,73,64,91,78,92,84,59,99,117,96,154,165,115,96,107,100,156,156,140
output_0000305.png,16,16,11,124,104,69,153,151,130,63,42,19,69,64,44,176,162,134,101,68,11,98,63,35,158,148,103
output_0000306.png,42,53,43,205,183,141,132,108,72,92,83,58,99,117,96,154,165,116,95,106,100,155,156,140,164,108,68
output_0000307.png,93,80,56,194,176,135,17,30,30,153,147,120,151,122,79,164,159,149,169,173,137,51,33,20,130,134,91
output_0000308.png,105,81,44,164,161,137,19,18,13,146,144,123,137,129,96,166,122,75,121,112,88,69,34,17,52,68,68
output_0000309.png,86,64,45,26,30,22,221,200,146,113,107,88,119,101,53,153,127,93,163,152,124,175,155,96,60,108,132
output_0000310.png,219,219,182,177,197,175,37,32,15,106,124,98,100,104,59,121,141,105,161,175,153,153,160,122,188,172,156
output_0000311.png,206,183,140,58,77,51,137,126,92,11,16,14,103,126,73,99,108,94,159,160,140,159,173,115,180,100,84
output_0000312.png,47,72,38,203,172,123,124,119,76,7,11,11,95,119,60,152,164,116,153,154,132,92,103,85,164,92,76
output_0000313.png,36,42,31,182,156,123,127,103,74,95,78,54,131,128,118,100,110,87,72,81,77,140,148,128,156,100,56
output_0000314.png,199,175,131,27,49,27,132,116,79,89,87,51,98,122,65,160,165,127,162,155,132,97,104,85,172,108,84
output_0000315.png,60,78,50,192,166,120,135,126,91,13,18,14,103,126,73,98,107,94,150,166,115,151,151,134,164,100,60
output_0000316.png,31,51,28,197,175,132,139,121,88,99,93,56,105,128,67,161,165,127,107,112,94,172,116,82,164,156,140
output_0000317.png,199,185,140,35,51,31,139,129,93,99,121,71,91,94,60,98,103,93,158,175,115,156,158,140,178,116,75
output_0000318.png,136,150,128,113,87,53,153,150,119,11,15,18,76,80,68,69,37,19,111,121,109,64,64,60,137,132,76
output_0000319.png,19,19,16,169,163,131,146,141,118,118,107,85,68,59,43,87,87,71,72,71,70,128,128,125,158,92,17
output_0000320.png,173,177,151,8,23,33,88,95,79,87,68,46,35,57,63,122,141,133,132,108,75,51,71,86,118,131,132
output_0000321.png,25,35,35,180,172,131,128,164,159,116,151,151,72,104,108,123,136,120,99,130,122,79,98,76,80,75,49
output_0000322.png,165,164,136,10,11,13,71,98,82,114,117,98,133,152,125,72,49,28,43,71,60,56,82,76,129,138,132
output_0000323.png,175,190,172,24,39,36,111,125,110,51,98,106,106,95,67,71,90,78,127,146,143,145,166,153,156,108,60
output_0000324.png,15,24,27,100,131,132,208,226,205,159,189,178,172,205,189,133,176,171,48,83,90,59,77,67,170,195,204
output_0000325.png,151,181,176,19,25,27,96,118,121,111,143,150,68,88,95,59,74,75,141,144,139,86,84,78,92,156,160
output_0000326.png,126,158,163,86,107,114,10,12,11,65,83,89,97,78,72,52,63,59,24,46,47,65,41,32,60,100,132
output_0000327.png,141,173,167,211,228,207,12,15,19,73,94,101,56,72,70,98,118,111,66,117,125,180,220,202,28,52,100
output_0000328.png,155,184,175,4,5,6,63,94,99,79,113,125,92,124,116,17,54,77,22,43,50,108,116,113,60,60,60
output_0000329.png,31,29,31,184,198,186,155,172,169,99,116,126,128,149,158,122,133,138,83,95,105,81,75,75,172,156,148
output_0000330.png,103,121,124,172,188,183,12,13,16,32,66,77,66,70,75,164,171,171,53,54,50,153,171,180,74,84,83
output_0000331.png,140,172,171,21,17,17,194,216,201,49,88,102,79,99,107,87,129,140,78,114,127,76,75,86,92,73,67
output_0000332.png,103,130,133,186,194,173,28,25,24,88,71,47,35,71,83,101,90,71,168,188,173,155,154,136,56,83,96
output_0000333.png,154,180,175,35,26,26,120,145,150,210,220,203,91,109,110,113,127,123,74,85,89,80,68,65,180,172,164
output_0000334.png,182,203,192,127,148,153,6,7,9,86,83,88,57,34,30,106,121,135,59,76,87,36,53,73,148,132,108
output_0000335.png,167,193,183,146,172,170,38,31,31,210,222,204,132,154,149,107,131,133,84,100,105,88,81,79,188,172,164
output_0000336.png,37,43,40,227,215,186,145,146,127,102,121,112,95,91,74,70,102,109,158,173,150,154,160,164,176,124,64
output_0000337.png,214,209,179,18,14,14,169,175,155,141,139,123,114,126,121,92,97,91,153,160,149,90,80,65,180,100,33
output_0000338.png,149,122,82,238,218,168,24,13,9,72,46,23,95,68,31,91,72,53,207,175,119,210,174,155,60,60,49
output_0000339.png,97,83,55,198,177,131,26,23,13,177,165,124,169,146,104,58,41,23,138,130,106,162,155,140,204,100,60
output_0000340.png,123,96,67,16,19,14,142,143,120,82,83,66,75,58,39,48,56,42,92,105,113,51,63,64,100,124,124
output_0000341.png,145,125,89,207,186,141,33,30,16,65,60,34,184,174,134,58,40,22,96,72,31,93,72,51,169,162,140
output_0000342.png,152,145,118,128,99,72,16,14,11,91,89,73,84,57,36,50,51,36,107,113,108,57,66,60,108,124,108
output_0000343.png,191,166,123,125,97,66,156,139,100,9,8,9,78,73,44,65,47,29,132,120,108,73,57,61,172,92,76
output_0000344.png,135,111,85,95,95,81,155,148,120,14,11,9,90,52,26,114,116,108,51,52,40,124,132,105,56,65,61
output_0000345.png,197,171,127,170,155,117,144,117,81,20,18,16,105,93,64,89,64,39,148,138,116,196,124,84,67,65,68
output_0000346.png,122,105,86,148,140,115,89,89,76,12,11,9,105,109,100,90,46,20,51,44,32,58,59,60,108,124,116
output_0000347.png,204,104,5,155,53,6,244,228,158,26,4,4,82,11,5,180,108,100,172,92,84,60,28,28,44,4,28
output_0000348.png,195,203,170,27,37,34,142,178,120,113,140,100,109,98,87,75,96,97,64,93,68,141,159,152,164,84,60
output_0000349.png,207,209,180,157,176,157,36,30,26,138,115,88,104,113,99,99,72,53,127,145,143,85,88,86,180,132,105
output_0000350.png,170,166,139,114,96,71,139,113,84,14,15,13,95,65,45,52,55,45,120,132,140,53,71,78,156,140,92
output_0000351.png,205,207,178,158,173,153,35,28,25,139,117,91,104,111,99,100,72,53,127,144,142,89,88,87,180,140,96
output_0000352.png,11,10,10,170,168,149,83,74,59,50,46,40,52,74,59,111,108,111,124,100,57,100,124,104,55,57,60
output_0000353.png,197,199,171,33,41,27,159,169,145,133,131,103,94,115,92,85,84,61,147,152,151,89,97,95,172,100,40
output_0000354.png,160,174,153,15,29,27,225,220,183,95,117,108,103,138,132,201,212,183,83,78,56,108,104,54,133,141,103
output_0000355.png,160,173,151,192,198,170,20,26,24,138,119,81,91,112,79,83,64,43,135,146,126,83,89,76,180,124,80
output_0000356.png,211,203,167,116,92,67,147,149,122,12,11,10,66,48,34,71,84,67,169,81,60,138,124,133,77,61,78
output_0000357.png,152,148,120,188,198,172,20,23,20,164,180,156,98,74,47,105,121,81,123,137,118,63,84,52,66,76,68
output_0000358.png,211,203,168,116,92,67,147,149,123,12,11,10,65,48,34,71,84,66,171,78,58,137,126,134,76,61,77
output_0000359.png,181,185,154,141,148,118,114,101,70,15,23,21,70,92,58,64,49,34,121,130,116,66,73,68,156,84,63
output_0000360.png,211,203,168,116,92,66,146,149,123,12,11,11,65,47,33,71,85,67,171,81,61,142,128,134,79,63,77
output_0000361.png,143,122,85,168,153,111,22,27,22,111,105,77,90,73,50,55,65,51,64,82,76,116,140,108,120,130,130
output_0000362.png,223,211,179,23,25,20,115,102,79,69,59,47,141,153,129,141,132,142,79,95,77,76,71,89,156,108,68
output_0000363.png,36,33,23,240,234,208,102,94,75,138,148,129,114,125,92,184,191,170,166,162,149,175,183,141,83,124,93
output_0000364.png,228,216,180,39,31,24,166,181,147,136,107,77,104,70,42,100,110,84,191,103,71,96,85,97,156,141,153
output_0000365.png,38,35,25,239,233,207,144,153,133,106,99,82,118,127,92,189,194,166,180,185,142,172,163,148,92,148,108
output_0000366.png,132,132,100,22,21,14,200,198,148,172,184,147,58,46,28,92,78,55,69,69,53,158,170,148,79,64,33
output_0000367.png,106,95,63,147,148,107,12,11,9,134,118,81,76,79,62,69,50,25,85,103,112,48,62,64,108,132,116
output_0000368.png,117,122,97,35,32,26,46,67,51,175,194,171,76,72,54,95,88,56,151,172,147,93,63,33,164,148,105
output_0000369.png,37,52,39,153,180,160,187,202,173,134,157,140,131,130,99,90,122,95,95,80,54,88,104,94,172,140,100
output_0000370.png,36,43,31,201,209,175,121,142,105,111,118,97,160,166,131,123,159,147,78,104,70,91,112,96,132,180,164
output_0000371.png,142,185,151,7,11,12,93,91,66,98,140,113,53,97,84,134,149,119,111,153,134,45,76,62,76,164,148
output_0000372.png,156,172,128,21,13,7,86,52,19,116,93,44,92,97,73,117,110,74,218,219,159,143,132,78,60,76,60
output_0000373.png,192,192,124,27,20,12,159,162,100,130,124,72,106,103,64,86,76,47,148,142,116,172,148,67,65,64,62
output_0000374.png,35,22,11,157,176,135,121,97,49,96,105,82,128,119,81,143,136,84,134,72,39,198,203,151,67,86,77
output_0000375.png,189,189,122,120,117,74,28,21,12,150,154,94,97,97,66,80,68,41,87,82,69,142,139,119,164,140,68
output_0000376.png,148,166,126,80,82,58,171,180,134,137,125,80,11,10,9,109,124,94,50,22,8,125,145,116,76,43,15
output_0000377.png,145,160,118,187,197,151,43,30,17,125,119,77,96,106,77,89,61,32,120,139,116,78,81,70,156,148,76
output_0000378.png,89,84,56,160,175,131,30,17,9,155,136,84,118,132,100,33,48,43,129,124,76,128,146,124,124,156,124
output_0000379.png,184,193,147,152,167,124,40,31,20,126,117,77,100,103,76,91,67,36,126,137,117,75,78,68,148,148,52
output_0000380.png,41,48,37,144,180,161,119,156,145,156,150,113,113,142,120,117,106,78,79,114,106,81,104,86,100,172,100
output_0000381.png,160,168,137,20,34,20,119,130,107,135,157,130,90,94,77,133,146,133,55,81,54,60,88,81,156,108,84
output_0000382.png,24,32,23,169,184,154,110,118,94,134,152,124,61,77,56,75,105,69,78,88,85,120,134,136,148,108,68
output_0000383.png,138,106,85,95,65,43,13,10,9,53,34,20,114,90,84,116,100,81,67,61,52,64,50,52,124,44,20
output_0000384.png,142,114,92,93,64,43,12,9,7,114,109,105,56,31,18,109,99,100,67,60,46,61,52,52,124,52,12
output_0000385.png,156,147,136,13,10,9,95,72,53,54,38,27,56,75,81,51,58,69,58,96,116,116,116,106,124,68,49
output_0000386.png,26,99,112,188,215,190,13,28,31,61,152,161,41,135,150,102,123,101,56,67,45,114,189,182,82,166,180
output_0000387.png,97,172,171,11,18,21,54,134,143,37,113,123,13,60,74,38,78,83,19,88,103,94,130,119,100,148,124
output_0000388.png,23,17,14,141,121,102,92,70,52,67,51,39,114,118,121,74,69,60,107,106,109,62,57,61,135,52,7
output_0000389.png,29,60,68,65,125,138,92,154,160,96,102,99,56,107,116,15,13,11,36,88,102,33,31,23,99,140,124
output_0000390.png,196,212,193,17,18,15,102,87,70,128,147,136,61,51,40,70,80,71,118,122,124,150,98,68,60,67,69
output_0000391.png,214,203,174,23,24,22,131,89,45,98,63,29,103,102,92,154,116,81,176,139,98,153,180,167,68,84,79
output_0000392.png,113,74,38,22,20,16,140,104,57,210,216,190,195,165,118,163,131,94,108,114,107,157,189,177,75,100,94
output_0000393.png,28,31,22,117,88,52,232,226,198,159,124,82,135,153,135,177,150,115,174,194,172,200,176,135,84,116,100
output_0000394.png,172,165,134,207,215,191,66,42,22,144,135,107,129,99,65,153,154,136,97,89,68,172,188,162,106,103,86
output_0000395.png,151,146,115,8,8,7,93,53,23,223,219,195,125,88,45,201,206,180,191,195,172,119,97,68,92,95,75
output_0000396.png,37,59,60,218,219,191,140,146,127,150,119,72,125,91,54,169,149,115,172,180,159,186,170,122,98,156,162
output_0000397.png,90,72,54,207,207,180,13,23,23,111,96,72,113,104,92,140,129,108,161,155,116,150,155,146,60,92,92
output_0000398.png,56,58,43,203,202,170,126,124,100,105,85,54,129,112,70,234,229,207,159,161,133,166,155,107,155,137,98
output_0000399.png,21,23,21,185,181,141,111,74,39,130,95,52,204,209,184,140,115,81,153,130,102,121,126,110,84,108,93
output_0000400.png,228,223,199,54,54,45,159,132,85,129,97,60,176,154,111,183,191,164,146,141,114,166,157,150,100,116,99
output_0000401.png,34,33,29,188,188,152,127,94,52,113,105,89,212,216,191,79,88,78,155,143,107,127,136,121,134,73,39
output_0000402.png,179,177,138,25,32,22,232,228,204,92,75,44,129,113,53,112,115,86,226,216,176,136,121,83,76,124,97
output_0000403.png,134,120,99,19,15,10,86,52,22,58,29,10,102,101,86,58,66,58,38,50,52,87,91,92,116,60,12
output_0000404.png,102,94,78,204,190,156,158,142,113,178,163,140,179,172,141,139,132,104,188,164,140,136,123,108,48,48,28
output_0000405.png,163,148,119,87,74,60,54,59,56,93,89,76,219,210,168,204,186,148,127,95,66,120,105,86,188,182,157
output_0000406.png,132,131,111,84,56,43,103,71,50,40,42,38,118,87,64,138,104,73,169,159,126,88,84,71,148,156,127
output_0000407.png,80,66,51,180,169,136,226,215,182,156,144,115,11,20,19,127,119,97,169,155,142,116,107,100,196,156,120
output_0000408.png,63,61,51,158,140,104,112,89,66,6,22,24,74,86,76,90,100,83,130,133,103,140,84,63,123,123,108
output_0000409.png,155,143,116,32,37,33,79,53,38,237,226,193,83,80,69,93,70,50,203,196,160,59,76,68,200,186,164
output_0000410.png,103,92,76,58,40,26,133,128,105,132,93,69,63,43,36,120,115,100,79,56,41,57,57,48,73,72,61
output_0000411.png,155,139,113,31,33,29,237,225,191,77,55,41,87,77,65,208,193,159,97,69,43,60,76,69,196,196,160
output_0000412.png,70,68,58,167,133,93,130,96,69,8,19,20,147,140,109,42,29,18,105,108,90,30,27,28,124,128,116
output_0000413.png,45,42,36,217,203,171,154,138,112,177,166,137,125,115,95,110,88,68,174,156,148,110,100,100,188,148,140
output_0000414.png,73,42,23,141,124,98,123,110,89,113,97,78,19,13,11,112,82,59,40,21,13,110,66,49,132,84,64
output_0000415.png,225,212,179,140,125,100,21,25,23,185,173,142,60,39,27,64,59,51,179,163,140,95,71,51,88,56,35
output_0000416.png,39,44,38,162,133,93,121,90,63,91,60,38,93,93,75,137,134,102,64,79,76,148,76,60,132,124,110
output_0000417.png,131,112,90,216,201,168,23,27,25,62,59,53,56,33,21,179,172,140,88,62,46,72,46,27,177,161,148
output_0000418.png,209,188,137,41,41,21,136,120,75,93,81,41,104,110,83,161,165,136,91,97,85,148,150,144,172,100,4
output_0000419.png,99,95,72,179,131,79,22,23,15,148,129,90,162,156,118,91,59,23,61,42,23,130,132,104,150,147,132
output_0000420.png,221,210,168,26,26,19,124,117,85,149,152,125,92,97,73,76,73,49,74,81,77,120,137,135,164,100,36
output_0000421.png,165,157,129,93,84,48,32,30,21,79,58,29,247,233,192,96,98,78,234,217,163,118,106,77,59,76,62
output_0000422.png,222,211,168,25,26,18,126,120,89,153,158,134,78,76,51,94,103,82,81,88,78,136,145,136,164,108,60
output_0000423.png,212,196,156,51,42,26,146,121,80,168,159,124,101,73,41,109,110,84,99,98,84,151,143,132,180,92,28
output_0000424.png,173,147,109,16,19,16,99,84,57,59,58,43,72,77,61,129,126,106,106,114,117,145,41,8,16,46,72
output_0000425.png,225,214,170,40,37,24,168,173,135,140,134,100,110,111,82,98,88,55,153,153,141,97,96,86,192,140,76
output_0000426.png,41,44,36,221,209,170,97,82,51,122,132,115,125,110,70,151,137,104,175,158,109,161,168,153,84,148,156
output_0000427.png,158,147,118,68,72,58,17,23,22,119,103,77,131,132,111,79,42,16,55,25,10,106,115,117,99,108,87
output_0000428.png,217,206,166,88,64,35,24,21,15,105,95,61,140,126,91,115,111,86,160,153,124,158,146,102,60,76,72
output_0000429.png,66,70,56,171,137,99,131,99,65,21,14,9,28,36,32,70,92,100,147,148,125,140,137,125,104,108,83
output_0000430.png,89,52,20,220,212,172,38,27,15,152,146,101,116,118,86,135,130,93,150,152,122,107,95,58,68,92,80
output_0000431.png,66,70,57,164,131,93,21,14,9,119,92,61,27,36,32,48,83,102,99,108,84,99,119,131,130,143,143
output_0000432.png,209,199,161,24,21,15,84,53,26,99,89,57,139,126,91,113,110,85,154,148,120,158,146,103,60,84,76
output_0000433.png,94,98,59,203,202,179,22,33,25,111,121,102,142,132,83,45,43,26,171,177,162,130,140,73,164,161,145
output_0000434.png,224,214,180,78,83,48,136,124,77,20,28,18,40,32,26,155,149,138,115,124,66,163,164,132,111,105,97
output_0000435.png,82,87,49,135,147,147,206,154,97,21,16,14,145,165,162,100,111,108,144,114,81,33,48,40,122,132,80
output_0000436.png,101,98,46,205,204,175,26,29,14,153,143,72,136,141,63,168,173,94,53,42,16,129,126,96,161,157,137
output_0000437.png,195,197,170,177,192,175,90,85,50,29,35,24,156,128,91,151,156,145,56,32,20,128,135,117,119,117,108
output_0000438.png,83,88,50,136,148,148,205,152,96,19,18,17,144,112,78,99,109,107,58,31,18,147,172,168,123,132,118
output_0000439.png,36,51,41,191,200,200,89,83,62,143,182,194,112,104,79,146,132,114,168,153,133,118,114,103,76,92,71
output_0000440.png,75,84,49,124,142,142,203,155,104,18,15,15,138,108,73,138,164,164,85,102,103,25,48,36,114,124,86
output_0000441.png,186,194,171,94,95,60,171,194,178,27,30,27,69,33,13,149,144,121,151,164,153,152,119,82,132,140,96
output_0000442.png,75,84,49,204,154,101,19,17,17,127,144,145,137,164,164,138,113,81,91,108,107,25,48,35,114,124,74
output_0000443.png,186,195,172,94,96,62,170,193,177,26,33,30,67,33,12,146,142,121,150,119,83,143,156,149,132,140,100
output_0000444.png,154,124,85,100,74,47,10,8,5,223,219,188,50,29,13,130,132,115,66,69,61,61,60,60,124,124,116
output_0000445.png,164,151,121,17,12,7,125,105,75,147,136,108,104,87,63,92,67,39,65,45,24,137,122,108,75,70,60
output_0000446.png,159,175,156,120,134,120,98,100,87,16,9,7,140,128,103,83,65,43,60,67,63,58,54,43,108,148,124
output_0000447.png,19,16,12,105,111,92,127,133,113,86,87,74,67,69,58,58,58,52,52,44,29,99,99,92,116,108,103
output_0000448.png,158,170,141,33,22,12,118,118,89,153,140,109,90,78,47,113,93,51,130,144,126,90,94,79,74,71,51
output_0000449.png,204,216,197,25,30,26,138,166,156,111,123,110,85,109,103,120,144,143,73,72,58,75,89,85,156,124,104
output_0000450.png,18,22,21,131,103,82,127,143,135,98,71,51,100,99,87,52,64,61,66,79,78,63,38,24,117,123,124
output_0000451.png,139,151,138,20,14,11,195,201,185,122,106,83,81,52,32,122,131,124,90,94,84,57,70,71,164,140,124
output_0000452.png,22,22,20,135,157,154,69,87,85,91,113,117,56,45,33,40,64,70,79,59,42,120,108,87,110,124,108
output_0000453.png,150,183,176,29,37,32,198,216,197,128,160,159,118,141,135,91,124,123,77,104,104,71,90,84,172,172,164
output_0000454.png,31,35,29,192,209,192,138,166,158,110,121,109,63,84,71,77,115,108,115,146,148,47,96,103,156,132,128
output_0000455.png,37,46,40,157,191,180,203,219,199,135,166,160,114,141,133,96,119,114,137,151,137,105,100,74,180,172,156
output_0000456.png,33,43,36,196,214,196,144,175,164,117,128,114,81,120,110,81,66,46,121,153,150,58,95,96,164,140,132
output_0000457.png,30,43,44,213,223,200,112,137,135,98,81,65,158,184,173,114,109,90,143,143,133,76,124,134,146,164,139
output_0000458.png,171,193,179,59,63,54,137,163,151,122,116,106,13,30,30,90,118,110,32,18,12,136,139,140,76,98,100
output_0000459.png,30,42,42,214,223,201,115,141,137,99,82,66,161,187,173,117,109,90,76,124,134,151,152,136,152,155,151
output_0000460.png,151,178,168,65,67,56,119,145,142,110,133,124,9,11,10,23,43,45,115,96,83,76,101,104,150,137,121
output_0000461.png,153,180,163,215,223,200,19,29,28,113,142,144,115,126,116,87,114,113,56,86,89,81,65,49,188,188,177
output_0000462.png,65,68,58,168,191,179,148,176,166,129,126,116,101,125,117,40,25,17,15,31,30,92,107,108,143,156,156
output_0000463.png,197,219,197,29,28,24,108,115,101,132,150,134,65,61,52,80,90,82,121,131,132,67,74,76,149,140,117
output_0000464.png,203,212,189,26,32,31,152,172,155,121,127,111,76,80,70,93,114,105,75,96,93,140,154,148,164,124,92
output_0000465.png,182,193,176,130,159,151,12,16,18,100,88,74,46,57,57,58,72,78,67,84,85,117,131,132,140,100,80
output_0000466.png,181,210,195,20,18,19,145,167,159,106,102,98,81,85,85,71,51,42,61,67,76,118,123,133,172,156,156
output_0000467.png,201,200,179,14,20,24,107,98,87,123,148,144,70,87,92,59,58,56,58,75,84,141,105,88,115,132,140
output_0000468.png,24,21,21,177,205,190,91,72,62,105,115,114,136,129,125,112,100,81,76,100,105,140,148,132,232,228,220
output_0000469.png,206,206,185,114,99,85,11,15,17,134,145,133,60,82,86,54,49,47,42,66,76,121,130,132,148,100,95
output_0000470.png,29,26,25,178,206,191,109,115,113,110,100,83,83,100,98,142,162,154,95,92,108,123,149,143,132,148,132
output_0000471.png,187,182,152,144,155,129,20,20,19,114,89,68,86,104,96,77,51,39,136,139,133,62,74,77,158,72,38
output_0000472.png,232,233,210,156,177,174,207,221,204,198,205,195,183,205,191,183,192,182,176,195,196,224,196,188,207,212,212
output_0000473.png,26,24,22,184,203,179,115,120,112,105,100,83,144,157,144,83,100,94,131,148,135,116,92,84,140,148,124
output_0000474.png,148,144,130,11,13,15,97,80,74,120,136,128,50,42,43,54,64,70,63,79,80,113,122,124,132,76,60
output_0000475.png,154,153,128,25,28,28,115,93,73,75,92,90,129,134,114,81,59,45,59,73,77,122,123,116,140,100,76
output_0000476.png,163,183,163,130,156,144,13,19,20,110,96,84,74,93,88,111,128,125,64,48,39,54,74,77,148,116,100
output_0000477.png,197,198,176,98,89,87,144,135,129,144,162,152,106,118,118,229,233,212,233,236,203,164,116,92,195,156,132
output_0000478.png,135,159,148,18,13,10,86,92,88,79,77,65,205,219,206,59,76,76,60,66,76,179,196,184,180,204,196
output_0000479.png,135,165,147,109,119,106,20,27,26,186,204,181,85,108,100,79,67,55,51,75,69,124,147,140,67,91,92
output_0000480.png,186,196,177,106,103,98,140,141,135,113,128,125,230,217,190,143,161,153,233,236,209,186,156,139,133,125,108
output_0000481.png,97,92,52,123,147,166,194,191,181,41,41,31,127,115,84,92,87,78,43,60,54,51,111,134,171,188,185
output_0000482.png,125,126,133,163,153,153,37,80,105,84,100,117,62,94,116,140,148,149,148,132,140,90,116,130,92,116,140
output_0000483.png,43,40,30,140,160,164,116,94,51,163,139,85,78,60,39,124,101,76,88,91,84,193,179,129,180,196,164
output_0000484.png,132,187,185,17,14,7,67,86,78,42,53,45,15,52,71,62,55,39,66,121,124,100,119,112,108,132,100
output_0000485.png,66,73,77,126,133,130,162,165,160,141,157,151,103,121,120,42,15,15,14,9,10,97,107,116,142,148,156
output_0000486.png,133,151,149,127,108,100,24,18,17,94,88,83,83,63,53,95,112,114,58,55,49,61,69,73,100,132,134
output_0000487.png,73,84,90,23,14,13,145,158,152,161,169,165,126,138,138,32,50,64,113,124,123,148,146,146,33,35,48
output_0000488.png,67,51,45,145,163,160,96,115,119,110,135,142,146,125,117,68,93,102,115,89,80,11,22,27,108,148,100
output_0000489.png,59,73,81,149,161,156,123,136,136,20,13,11,107,120,120,141,146,145,166,174,173,105,96,94,30,27,37
output_0000490.png,178,191,181,21,20,19,111,123,123,156,155,145,110,79,80,60,77,79,98,103,96,135,158,152,116,151,164
output_0000491.png,197,176,147,24,20,10,105,79,53,129,106,85,124,100,59,150,121,97,171,141,92,229,204,171,92,100,52
output_0000492.png,210,190,153,31,21,9,111,77,50,81,53,29,148,133,103,138,120,108,91,84,52,87,74,60,161,76,45
output_0000493.png,200,178,153,26,18,10,90,75,52,74,54,32,112,99,82,140,125,110,137,119,96,132,107,85,60,60,30
output_0000494.png,114,94,75,46,32,14,65,48,26,73,56,38,84,59,43,60,35,21,156,132,110,172,153,142,148,132,109
output_0000495.png,10,12,12,117,147,145,38,31,24,41,46,40,71,76,69,62,53,39,51,57,61,60,98,108,100,108,100
output_0000496.png,137,122,110,22,16,11,64,38,22,89,67,37,75,71,67,195,174,139,169,157,128,164,145,141,44,60,64
output_0000497.png,28,20,13,134,114,94,100,87,74,188,156,122,81,78,70,76,70,57,159,140,124,115,108,96,164,157,132
output_0000498.png,188,151,106,113,80,51,14,11,6,65,39,18,128,113,93,79,72,51,137,124,100,148,100,53,44,52,52
output_0000499.png,22,15,9,124,103,83,171,146,125,89,77,65,142,129,115,102,93,81,73,71,63,64,58,45,155,148,132
output_0000500.png,63,66,61,13,10,7,70,76,69,60,49,36,102,78,56,128,102,80,108,106,104,114,116,111,41,48,42
output_0000501.png,162,188,183,9,19,22,74,107,113,101,132,143,32,76,90,137,130,113,27,66,68,80,61,49,57,148,158
output_0000502.png,135,173,178,22,24,24,94,117,125,177,197,196,116,143,157,48,85,97,101,83,73,40,73,78,36,108,148
output_0000503.png,12,18,20,104,128,135,146,189,191,31,68,79,37,55,56,119,159,174,63,78,84,72,92,91,152,110,123
output_0000504.png,9,29,35,168,191,188,81,120,124,39,83,90,125,160,166,51,96,110,107,144,158,80,95,91,140,140,141
output_0000505.png,26,27,25,119,145,154,153,181,188,37,84,94,96,87,82,149,180,179,32,57,65,66,99,110,158,170,170
output_0000506.png,154,186,185,21,41,43,91,124,131,63,102,113,133,130,125,103,144,158,88,83,75,50,89,92,156,156,82
output_0000507.png,139,165,169,94,121,130,54,92,97,126,104,86,6,9,10,19,58,78,76,40,39,21,48,52,153,147,65
output_0000508.png,20,41,42,153,190,187,87,124,130,108,149,159,59,103,113,132,132,125,47,89,92,88,85,76,119,164,140
output_0000509.png,177,203,188,19,33,35,128,161,161,104,117,113,68,101,105,106,136,150,65,72,67,42,80,94,148,108,52
output_0000510.png,154,190,186,20,42,42,89,125,129,110,150,160,61,103,112,132,132,124,88,86,76,48,90,92,164,164,92
output_0000511.png,136,158,160,85,115,123,53,89,92,6,9,10,122,100,76,16,56,71,155,147,64,22,46,46,75,44,33
output_0000512.png,151,186,183,19,41,41,89,125,130,59,102,113,134,132,125,100,144,158,87,85,75,48,89,92,156,156,81
output_0000513.png,143,164,167,14,46,58,162,184,178,129,156,164,114,143,152,52,94,107,81,115,131,94,75,83,124,180,180
output_0000514.png,176,203,188,16,28,30,131,167,163,91,117,117,51,79,80,114,144,158,51,89,102,94,75,57,172,108,72
output_0000515.png,114,132,136,54,58,53,21,24,22,38,78,83,86,78,75,168,173,172,143,175,173,101,94,88,11,44,60
output_0000516.png,178,205,188,16,26,26,94,114,116,133,170,164,114,142,151,50,76,75,56,88,95,90,79,69,148,76,44
output_0000517.png,100,111,105,221,219,180,29,52,61,142,141,123,71,47,27,87,72,32,167,181,166,160,172,164,130,148,137
output_0000518.png,210,210,169,138,135,118,99,104,96,10,13,17,165,169,144,68,82,85,80,71,62,146,153,157,184,100,32
output_0000519.png,121,126,115,10,14,16,193,194,162,151,167,157,163,180,163,35,64,64,69,89,85,70,72,65,83,59,40
output_0000520.png,39,38,38,208,207,168,146,141,122,168,175,148,118,120,109,107,94,82,88,97,110,150,161,165,180,124,124
output_0000521.png,222,222,183,141,145,137,44,31,26,164,164,141,138,139,121,98,109,107,44,74,93,95,62,47,162,164,132
output_0000522.png,187,186,156,144,141,125,15,16,17,116,123,115,159,175,159,95,85,72,96,105,102,149,163,156,66,82,77
output_0000523.png,125,132,118,17,17,15,231,231,197,64,42,28,86,62,48,66,75,72,101,76,65,177,190,166,165,177,172
output_0000524.png,146,148,124,202,201,169,10,14,16,165,174,149,104,114,100,157,163,148,72,87,88,86,67,50,180,124,100
output_0000525.png,126,141,120,12,16,17,220,222,191,171,191,165,64,41,28,69,92,86,98,64,40,160,178,174,116,83,62
output_0000526.png,31,39,38,151,159,137,223,224,194,85,54,38,77,93,90,195,204,174,104,105,93,102,83,48,186,196,190
output_0000527.png,127,143,123,29,22,17,210,216,188,163,190,168,79,100,93,39,81,95,103,68,44,155,177,174,76,80,73
output_0000528.png,150,122,102,172,160,136,16,22,24,108,104,94,95,67,54,123,131,128,47,74,80,51,64,62,124,148,134
output_0000529.png,161,178,163,36,24,18,113,81,57,105,104,98,151,123,97,58,89,99,95,124,129,145,136,121,20,60,84
output_0000530.png,208,217,191,155,162,143,175,193,174,18,26,28,120,133,120,104,100,81,87,107,113,152,175,175,65,83,83
output_0000531.png,21,28,28,68,87,85,194,211,190,131,166,172,109,119,122,108,74,83,153,166,159,106,84,84,148,156,132
output_0000532.png,45,32,26,214,217,189,112,80,57,135,130,119,141,114,71,162,146,124,166,179,162,181,166,127,92,124,108
output_0000533.png,59,54,46,200,215,191,128,135,128,81,120,137,145,111,80,123,161,170,151,94,81,159,172,165,162,158,129
output_0000534.png,52,37,30,113,80,58,218,219,191,135,136,127,139,114,83,164,146,126,170,183,166,181,167,136,92,124,128
output_0000535.png,56,51,44,203,215,192,130,134,128,144,110,80,81,115,133,125,161,173,150,95,80,156,166,161,158,156,130
output_0000536.png,148,154,131,14,31,36,196,211,186,221,226,196,87,62,43,87,105,100,109,87,54,59,116,121,174,192,189
output_0000537.png,6,9,9,134,148,135,162,188,182,89,97,87,100,108,91,175,177,152,65,70,59,52,82,91,162,188,167
output_0000538.png,170,188,165,36,35,28,66,83,75,113,84,58,114,105,90,112,127,116,134,142,126,151,127,102,124,60,60
output_0000539.png,147,162,142,15,28,30,93,64,44,127,93,54,217,223,191,90,114,111,133,109,78,190,215,189,157,192,189
output_0000540.png,11,11,11,124,131,114,208,217,188,35,72,82,169,161,140,89,59,32,76,106,111,79,78,69,155,169,165
output_0000541.png,125,135,119,212,222,193,11,24,28,179,200,180,63,88,88,64,48,36,99,78,49,95,88,70,147,176,181
output_0000542.png,20,18,17,137,150,137,210,221,194,49,85,95,86,116,123,98,75,53,89,94,87,198,184,160,168,190,189
output_0000543.png,168,186,166,23,24,22,123,97,67,137,118,91,51,105,113,152,135,103,108,142,131,129,146,131,117,74,54
output_0000544.png,127,138,120,211,220,190,12,26,28,181,202,181,162,183,174,64,91,88,102,78,43,66,51,35,98,88,68
output_0000545.png,153,137,110,168,181,163,11,22,27,111,119,104,100,86,65,123,142,135,45,81,91,46,74,68,132,164,164
output_0000546.png,9,19,22,130,136,117,211,220,191,180,198,176,67,86,81,64,50,36,161,177,166,82,73,49,105,89,67
output_0000547.png,139,151,137,19,17,16,210,221,191,44,89,101,85,111,113,104,80,55,184,204,182,166,190,190,124,67,11
output_0000548.png,134,147,131,15,24,23,49,76,69,212,221,193,99,79,54,82,92,85,188,194,167,176,193,182,116,60,4
output_0000549.png,35,26,21,131,145,132,201,214,186,41,78,89,89,65,47,172,179,159,90,92,83,148,173,175,148,188,188
output_0000550.png,22,39,37,137,143,127,209,213,185,71,88,82,91,74,50,74,54,40,114,87,65,170,184,173,179,196,171
output_0000551.png,126,143,135,16,16,16,210,221,195,43,88,103,92,75,54,89,92,85,191,185,163,7,60,84,160,188,198
output_0000552.png,136,142,126,209,215,186,18,33,30,68,86,80,178,189,162,63,53,42,87,76,49,116,88,65,174,180,180
output_0000553.png,138,148,129,11,24,29,204,219,190,49,80,85,83,106,106,75,88,81,81,79,56,199,189,165,165,191,190
output_0000554.png,204,171,159,152,120,50,201,171,95,153,107,132,87,62,36,222,212,165,111,72,40,137,141,119,236,202,130
output_0000555.png,102,64,64,219,197,128,44,28,33,125,93,82,209,186,187,157,113,87,173,145,106,133,101,42,76,76,75
output_0000556.png,191,161,148,153,113,48,71,37,27,121,62,36,238,215,146,189,156,90,128,122,116,230,200,130,157,111,125
output_0000557.png,213,189,130,102,64,64,44,28,32,126,93,84,210,187,189,133,100,41,157,116,90,171,144,77,76,76,76
output_0000558.png,215,190,128,106,66,66,49,31,35,125,93,82,208,185,186,158,113,91,133,100,42,171,143,77,82,84,40
output_0000559.png,192,172,160,57,33,34,118,58,43,114,102,107,159,102,44,158,114,117,232,207,140,188,158,98,213,215,171
output_0000560.png,219,197,152,88,64,64,164,127,99,180,167,140,16,12,16,98,96,112,131,121,119,168,154,159,197,108,76
output_0000561.png,189,172,159,139,96,48,30,14,11,114,46,18,130,103,97,186,146,92,232,197,132,233,223,159,126,126,121
output_0000562.png,136,112,92,230,217,194,28,25,22,94,39,23,209,174,134,81,75,66,130,70,30,185,185,158,60,76,54
output_0000563.png,166,145,107,45,28,13,201,181,102,104,89,50,101,45,14,147,98,32,164,128,61,204,170,95,129,87,60
output_0000564.png,210,181,110,172,174,153,43,29,19,146,101,66,108,63,37,132,133,122,113,107,83,66,71,71,196,116,68
output_0000565.png,178,152,137,39,31,18,101,95,69,103,86,34,93,37,23,162,125,69,129,95,78,224,186,118,212,204,125
output_0000566.png,20,14,10,170,168,149,151,103,59,217,199,153,110,60,23,127,88,54,143,136,126,71,68,72,188,132,49
output_0000567.png,213,185,143,21,14,10,144,95,51,106,57,26,164,153,132,111,93,80,126,123,129,65,69,74,180,116,49
output_0000568.png,202,192,169,20,14,11,101,58,32,146,97,47,147,117,88,168,141,102,114,100,88,153,144,123,68,84,108
output_0000569.png,173,146,126,159,116,39,61,49,25,195,157,74,100,61,26,145,98,111,115,102,74,220,185,99,210,188,105
output_0000570.png,30,30,18,213,196,151,139,126,91,107,104,78,92,81,51,89,90,76,164,164,125,155,151,135,180,108,52
output_0000571.png,38,27,8,157,145,110,189,177,140,131,109,73,94,66,31,103,96,67,143,130,116,70,73,63,172,132,84
output_0000572.png,143,118,83,11,19,11,90,76,48,99,130,97,47,89,56,52,37,18,77,103,112,129,42,17,31,56,69
output_0000573.png,172,141,90,5,6,5,91,75,46,47,40,24,124,135,96,58,68,53,57,59,60,132,60,36,124,124,124
output_0000574.png,99,87,51,205,165,115,29,34,21,164,123,70,166,149,126,174,168,136,70,29,7,131,134,104,188,100,12
output_0000575.png,17,17,14,135,111,86,230,207,167,178,174,156,113,65,24,167,162,141,84,70,54,85,38,11,212,168,124
output_0000576.png,215,179,134,101,54,24,24,18,15,118,95,71,154,97,43,153,131,106,151,112,80,188,133,74,74,92,93
output_0000577.png,170,166,145,227,204,165,28,21,15,151,123,96,110,69,39,128,109,89,149,147,132,76,79,80,196,116,12
output_0000578.png,128,89,51,17,24,19,229,193,143,170,143,122,195,167,151,209,160,103,83,39,12,181,130,75,58,100,76
output_0000579.png,212,172,125,37,24,18,111,86,64,98,49,22,149,93,43,146,120,97,173,118,70,195,141,78,141,97,65
output_0000580.png,206,166,126,130,78,28,11,13,11,79,40,9,74,70,72,142,122,133,87,87,81,165,74,64,154,141,141
output_0000581.png,213,180,116,105,90,57,23,34,21,166,133,73,62,39,18,135,119,103,139,135,72,168,145,136,177,174,93
output_0000582.png,109,22,11,170,129,81,21,18,10,137,62,32,95,84,48,169,108,9,198,167,115,124,113,71,60,84,47
output_0000583.png,30,34,18,149,126,84,216,188,109,81,80,43,88,46,13,209,165,115,124,93,19,193,165,143,113,79,47
output_0000584.png,146,108,71,173,148,117,28,29,22,218,176,125,103,68,38,116,99,75,66,71,63,121,113,102,196,140,84
output_0000585.png,29,27,21,166,150,120,80,46,22,110,70,34,95,81,66,125,95,69,217,183,147,150,112,68,189,188,134
output_0000586.png,112,99,69,7,14,13,197,169,140,162,142,126,69,36,17,153,126,102,59,75,41,103,63,24,170,156,132
output_0000587.png,147,109,65,40,33,21,201,153,84,155,135,110,93,79,55,84,35,9,121,74,17,117,63,34,187,148,83
output_0000588.png,230,189,121,47,39,26,158,121,81,124,83,46,181,160,128,165,145,124,131,114,88,93,88,77,196,124,36
output_0000589.png,122,104,77,193,168,136,166,163,122,11,18,16,161,142,127,58,31,13,94,53,21,58,57,45,85,56,41
output_0000590.png,102,73,42,230,189,120,21,24,18,161,142,117,181,160,129,157,125,86,158,105,51,62,26,5,196,124,37
output_0000591.png,202,157,80,31,35,19,138,112,63,89,77,41,159,150,89,100,104,53,156,133,120,64,78,68,172,84,28
output_0000592.png,204,163,123,87,81,44,24,35,21,153,120,85,163,143,127,67,27,14,118,105,92,127,125,81,169,164,142
output_0000593.png,60,65,41,207,168,121,152,108,67,112,120,72,111,87,51,18,14,10,169,157,114,118,112,108,180,92,76
output_0000594.png,80,97,97,5,5,5,37,50,50,72,57,46,38,67,76,40,34,30,24,30,30,21,35,44,88,76,52
output_0000595.png,189,174,142,14,11,9,104,90,75,139,132,111,132,122,109,60,45,30,67,64,62,75,76,71,148,84,52
output_0000596.png,6,5,4,173,171,150,78,60,46,43,27,18,114,116,103,108,104,100,59,60,53,52,51,54,28,36,28
output_0000597.png,152,138,119,17,8,5,215,202,165,77,40,25,96,85,75,196,188,155,95,71,49,111,90,78,194,180,164
output_0000598.png,166,162,136,7,5,4,79,49,28,46,25,13,116,116,97,28,28,20,60,60,49,116,108,108,60,52,52
output_0000599.png,195,159,128,41,38,35,131,112,96,102,104,102,92,70,58,90,90,93,143,141,141,154,156,143,164,100,66
output_0000600.png,198,182,152,19,22,16,111,100,82,140,144,128,78,87,75,68,60,44,125,127,126,63,73,70,164,43,16
output_0000601.png,192,186,168,160,147,128,27,24,20,134,104,78,89,66,46,100,90,70,126,117,121,64,64,74,180,100,68
output_0000602.png,195,181,152,124,95,71,11,12,11,152,146,128,74,81,71,69,53,39,100,126,134,59,66,69,164,100,36
output_0000603.png,205,182,165,8,7,5,87,70,61,44,37,31,118,119,112,56,63,67,103,105,117,48,51,60,140,100,52
output_0000604.png,98,128,123,53,42,36,72,62,49,69,78,76,39,70,75,192,199,156,134,158,143,148,172,132,124,156,164
output_0000605.png,30,32,26,87,117,114,155,185,167,110,139,130,70,95,91,133,162,156,46,71,73,98,99,82,141,158,140
output_0000606.png,72,117,117,14,11,10,38,86,96,80,81,68,28,66,71,10,45,56,47,42,29,18,37,38,101,100,76
output_0000607.png,103,133,129,61,48,42,80,71,55,84,94,86,132,164,150,132,155,147,40,74,75,69,91,100,188,194,159
output_0000608.png,76,109,106,14,11,10,83,72,46,50,60,52,40,79,88,47,39,28,15,42,53,28,38,33,106,92,44
output_0000609.png,83,116,116,17,14,12,62,56,46,133,149,137,64,70,67,25,55,61,116,156,147,16,44,60,116,148,156
output_0000610.png,75,115,115,14,11,10,54,71,66,88,77,49,46,91,100,26,39,38,89,100,84,60,49,30,14,50,61
output_0000611.png,83,115,116,18,15,11,62,56,45,133,146,134,65,70,66,115,147,148,116,156,147,26,57,62,24,44,60
output_0000612.png,73,113,111,13,10,10,35,61,62,79,79,66,35,81,93,11,42,53,17,37,39,46,41,30,96,92,68
output_0000613.png,84,116,115,18,14,11,64,56,45,139,155,142,67,70,66,120,152,148,29,43,52,27,57,62,124,164,148
output_0000614.png,108,135,127,23,21,20,165,187,168,75,80,74,153,178,164,62,74,49,42,71,72,66,100,92,155,188,168
output_0000615.png,85,117,116,18,15,12,65,56,45,139,161,150,71,71,67,123,156,147,30,59,65,118,147,148,92,44,42
output_0000616.png,84,118,115,89,75,43,13,12,11,52,68,61,42,86,96,12,45,55,23,38,37,63,48,25,116,100,52
output_0000617.png,96,139,133,7,8,8,64,78,73,95,93,86,70,107,108,60,42,33,29,40,36,20,51,60,96,116,92
output_0000618.png,16,33,36,49,98,106,148,95,81,27,72,84,74,73,68,102,136,133,73,93,88,51,69,63,84,122,140
output_0000619.png,73,168,169,44,129,137,46,102,106,5,8,11,25,66,75,22,48,54,16,33,45,63,60,52,4,84,124
output_0000620.png,17,22,23,85,182,177,34,146,147,61,85,80,44,145,146,63,100,103,38,76,92,83,133,122,138,182,176
output_0000621.png,15,23,26,114,181,171,51,91,98,50,108,121,66,135,140,119,136,138,69,153,165,74,63,60,116,164,124
output_0000622.png,17,17,17,68,148,151,63,65,60,51,83,88,101,173,168,47,111,123,47,102,107,27,112,121,12,52,76
output_0000623.png,13,16,18,96,166,166,65,130,132,59,77,72,59,90,94,143,198,181,31,85,93,77,120,110,24,66,84
output_0000624.png,17,17,16,66,145,148,62,65,59,50,91,96,102,174,168,91,172,164,51,108,107,27,114,121,42,52,68
output_0000625.png,177,149,141,142,110,47,177,146,80,74,45,27,138,95,121,98,61,31,115,98,90,193,188,152,212,182,149
output_0000626.png,78,156,157,16,17,17,58,86,89,62,66,61,109,179,172,47,116,129,78,108,107,28,108,121,10,52,68
output_0000627.png,19,20,21,81,154,157,70,77,73,68,91,95,120,189,179,58,116,115,148,190,174,44,117,120,28,68,92
output_0000628.png,16,18,25,83,71,64,56,50,46,138,149,121,41,54,53,62,76,75,92,112,113,58,67,76,124,116,84
output_0000629.png,148,184,168,15,25,28,83,114,114,105,141,144,55,86,96,47,74,77,88,81,73,142,140,123,92,156,140
output_0000630.png,83,125,132,20,29,33,15,68,75,72,70,70,53,53,50,46,91,97,71,84,82,76,89,96,74,100,99
output_0000631.png,152,189,172,19,32,35,93,126,123,50,82,87,55,96,110,117,153,157,91,83,69,153,147,125,76,164,148
output_0000632.png,22,29,31,149,179,168,90,118,117,106,141,143,55,81,82,136,134,125,57,95,102,90,84,75,26,61,72
output_0000633.png,84,112,112,21,24,20,19,49,56,25,73,80,54,72,71,128,151,145,185,206,177,132,159,164,156,164,140
output_0000634.png,123,171,163,21,31,34,90,136,130,164,199,188,107,154,156,62,104,110,55,90,93,33,71,81,95,98,89
output_0000635.png,25,36,39,153,179,174,80,111,119,104,132,133,59,97,104,129,154,156,89,95,96,38,79,90,136,149,142
output_0000636.png,22,31,35,91,134,129,130,175,168,111,154,156,164,201,191,49,82,85,58,94,103,97,94,88,112,164,132
output_0000637.png,21,81,99,8,12,15,98,111,105,84,146,148,6,33,49,77,93,93,32,52,55,57,127,140,55,118,126
output_0000638.png,10,22,23,98,146,142,153,166,155,169,192,176,76,114,115,86,98,90,39,85,88,124,169,164,116,181,173
output_0000639.png,157,187,175,58,110,110,10,14,13,123,165,158,32,89,96,102,147,148,42,69,65,77,84,73,113,139,127
output_0000640.png,130,116,79,133,188,178,113,164,161,20,72,84,7,29,39,68,116,118,90,70,32,75,71,56,164,141,95
output_0000641.png,140,168,163,95,138,140,162,111,28,20,19,18,73,109,109,91,62,26,28,70,85,54,64,50,156,147,136
output_0000642.png,13,46,57,108,94,62,109,164,162,97,143,145,81,118,119,60,40,29,148,126,91,93,65,19,135,124,87
output_0000643.png,103,143,145,153,179,172,82,122,122,20,20,19,162,112,28,104,67,26,57,66,54,30,77,92,166,156,145
output_0000644.png,124,144,138,23,22,17,84,95,86,71,64,51,43,66,78,27,47,57,102,114,116,53,61,59,109,106,101
output_0000645.png,90,123,119,136,167,165,15,16,15,159,187,173,83,71,35,27,55,57,169,156,100,141,138,103,57,70,68
output_0000646.png,124,143,136,23,22,17,85,95,86,71,61,46,25,46,57,50,67,77,104,113,116,54,61,58,109,107,102
output_0000647.png,91,123,120,136,167,165,15,16,14,83,70,35,160,188,173,27,55,57,169,156,101,56,70,68,142,137,102
output_0000648.png,71,101,105,9,15,19,91,72,32,133,170,168,97,134,140,111,101,68,124,112,80,49,57,56,26,55,57
output_0000649.png,104,139,138,18,20,18,82,73,39,159,187,174,141,171,172,161,145,91,105,106,80,36,67,72,62,78,76
output_0000650.png,73,105,111,9,16,20,91,73,33,133,171,168,96,87,56,124,114,85,50,57,56,25,54,57,103,139,148
output_0000651.png,141,165,151,15,27,31,73,120,133,116,109,70,70,99,96,74,64,33,31,75,91,33,64,68,141,140,92
output_0000652.png,31,43,35,190,212,189,100,135,135,159,188,173,120,154,153,79,115,120,133,103,47,68,97,80,180,156,148
output_0000653.png,72,102,106,9,15,19,91,72,32,136,173,170,114,103,68,109,146,148,50,57,56,25,55,56,140,142,140
output_0000654.png,34,34,27,165,193,174,133,95,34,63,102,105,94,120,113,109,146,142,128,153,144,127,146,109,36,76,108
output_0000655.png,82,116,119,11,19,23,69,63,44,144,177,172,63,70,66,16,66,77,123,164,160,12,44,68,121,156,164
output_0000656.png,108,148,146,24,27,23,80,76,42,38,76,82,166,194,179,59,87,91,78,104,95,21,52,68,140,188,172
output_0000657.png,74,118,119,18,23,22,121,162,159,119,123,115,78,76,67,50,88,95,76,131,140,40,73,77,26,57,64
output_0000658.png,138,195,178,19,15,14,63,100,104,30,63,83,78,125,134,36,56,59,23,40,48,71,53,43,124,125,112
output_0000659.png,184,167,134,14,17,13,109,94,70,139,127,109,63,52,36,66,70,63,82,85,70,140,146,130,148,116,88
output_0000660.png,43,37,27,202,172,133,148,120,87,110,84,55,171,156,129,121,109,86,60,85,85,164,146,132,180,108,24
output_0000661.png,207,183,130,19,17,12,108,75,46,138,134,113,68,48,27,71,77,67,148,100,53,68,67,68,126,116,116
output_0000662.png,163,144,115,115,97,71,12,11,8,63,47,25,139,132,107,138,123,108,81,77,58,70,65,61,152,60,45
output_0000663.png,196,170,121,17,13,9,109,77,50,139,133,114,62,40,20,132,124,116,73,77,71,148,92,37,58,65,68
output_0000664.png,168,150,121,120,102,74,14,14,10,143,128,108,72,57,36,147,140,112,90,84,65,82,73,60,160,60,70
output_0000665.png,196,170,120,17,13,9,109,77,48,139,134,114,62,40,19,133,123,116,73,77,73,148,92,37,56,64,68
output_0000666.png,83,111,116,6,23,30,166,181,174,148,159,155,151,163,164,132,148,148,24,59,66,46,74,79,23,52,51
output_0000667.png,151,195,184,23,31,31,103,144,158,90,119,124,59,92,104,54,81,84,92,83,69,143,149,148,92,164,151
output_0000668.png,147,154,150,50,106,121,5,10,11,106,145,156,96,87,76,21,78,92,7,52,69,44,39,33,132,100,84
output_0000669.png,138,182,179,21,31,31,97,138,156,87,117,124,57,93,105,49,80,84,92,82,66,143,141,139,76,156,182
output_0000670.png,135,151,151,39,80,89,125,107,95,5,7,8,48,104,119,7,52,69,18,40,43,68,53,41,49,129,149
output_0000671.png,148,192,184,21,31,30,102,144,159,59,97,107,92,124,128,50,81,84,93,85,68,143,147,142,84,164,160
output_0000672.png,142,165,166,52,91,98,6,10,10,133,119,108,88,124,137,8,59,76,19,47,52,75,61,48,148,148,108
output_0000673.png,113,170,174,81,137,155,166,210,190,19,25,22,69,109,116,39,83,95,94,80,65,50,73,68,148,116,128
output_0000674.png,166,193,181,8,22,25,105,152,161,65,105,110,28,76,90,68,126,145,23,63,69,76,72,61,136,108,96
output_0000675.png,82,148,167,18,29,29,112,172,183,62,117,132,47,93,107,126,120,117,85,79,69,33,79,87,164,164,156
output_0000676.png,148,186,182,6,28,35,91,139,154,63,114,124,128,125,119,21,85,104,17,73,84,75,74,68,108,156,124
output_0000677.png,19,27,28,84,142,160,122,113,110,104,162,176,70,122,139,49,98,115,58,83,87,75,61,56,145,156,148
output_0000678.png,131,164,173,53,98,113,7,17,19,118,110,99,121,134,135,11,53,68,55,78,77,63,56,45,12,108,148
output_0000679.png,105,161,174,82,138,156,19,25,26,65,115,130,120,110,107,44,91,107,82,78,71,39,74,82,148,143,148
output_0000680.png,133,167,175,58,102,117,7,17,20,118,109,99,113,135,141,47,80,84,12,54,69,63,56,45,52,124,156
output_0000681.png,20,28,29,87,142,160,72,123,139,106,161,174,50,99,115,125,115,114,90,83,76,45,82,91,124,156,148
output_0000682.png,10,15,21,159,159,152,94,98,95,87,63,56,120,142,136,113,126,136,47,58,58,49,67,80,132,100,88
output_0000683.png,105,162,171,81,143,159,17,23,23,63,123,139,126,119,118,46,100,116,86,82,77,35,82,93,16,62,75
output_0000684.png,133,165,173,87,122,139,7,18,21,53,95,108,118,109,98,22,70,89,15,56,67,66,60,50,140,140,116
output_0000685.png,101,155,166,73,134,151,18,24,24,58,116,130,121,114,111,38,91,106,83,77,71,37,79,86,16,61,74
output_0000686.png,180,181,165,15,25,30,103,105,98,123,145,136,65,90,97,47,72,86,60,58,55,110,129,141,140,84,76
output_0000687.png,76,136,154,118,169,177,14,23,24,55,115,130,37,91,107,116,108,106,79,75,70,11,61,75,26,77,88
output_0000688.png,78,136,154,18,25,26,121,170,177,124,118,118,57,115,130,42,92,107,86,77,71,14,61,75,30,78,88
output_0000689.png,178,178,156,98,87,72,14,16,17,117,143,132,56,87,82,51,47,41,41,63,70,107,122,125,136,82,50
output_0000690.png,171,181,159,9,14,17,118,138,104,97,97,83,59,82,87,41,62,72,101,120,125,52,49,43,132,84,73
output_0000691.png,17,20,21,86,99,82,133,149,128,119,115,99,51,71,79,43,58,56,76,64,50,96,117,127,92,132,133
output_0000692.png,125,124,102,173,172,131,31,19,13,135,137,116,150,152,118,102,104,86,82,68,49,61,62,50,61,68,71
output_0000693.png,152,133,91,7,7,8,85,70,50,46,33,24,113,118,98,57,61,52,106,106,102,54,52,60,124,60,36
output_0000694.png,126,132,103,106,79,48,69,44,24,8,7,6,85,65,40,39,40,28,88,97,84,40,49,45,100,100,100
output_0000695.png,134,127,97,94,66,39,10,10,10,57,35,21,103,105,86,45,63,60,92,89,84,36,50,55,116,68,43
output_0000696.png,19,12,9,103,79,50,124,104,71,129,132,107,72,47,26,81,71,52,97,106,100,100,116,105,54,58,60
output_0000697.png,141,145,117,106,96,72,10,8,9,55,31,17,132,135,107,62,52,36,83,51,25,154,164,128,185,186,138
output_0000698.png,95,90,61,7,7,7,51,38,22,60,69,53,25,39,34,23,56,61,31,18,11,76,44,20,11,28,36
output_0000699.png,114,109,83,10,8,8,139,143,116,55,31,16,147,156,122,61,53,37,84,53,28,99,69,35,183,171,134
output_0000700.png,162,161,119,18,22,19,117,109,77,70,94,83,54,78,73,139,148,111,70,57,33,130,134,117,148,92,49
output_0000701.png,121,119,94,9,8,8,60,35,19,145,150,124,88,57,30,93,72,50,60,64,52,152,164,126,197,198,151
output_0000702.png,98,85,56,59,39,19,6,7,7,72,76,56,27,45,41,32,19,12,22,35,36,30,65,71,84,44,17
output_0000703.png,123,121,96,61,35,19,10,8,8,88,60,35,69,73,59,98,75,54,148,150,120,149,157,132,36,52,42
output_0000704.png,101,91,61,6,6,7,58,39,20,72,76,54,27,45,40,31,18,12,31,61,65,22,35,36,84,44,20
output_0000705.png,126,136,110,20,14,11,92,94,72,119,99,68,88,62,37,105,112,93,57,66,57,61,53,36,100,124,100
output_0000706.png,105,117,100,11,10,9,58,71,62,95,79,47,35,41,34,77,90,84,56,44,25,39,50,52,37,25,15
output_0000707.png,124,136,113,11,10,9,74,70,52,40,35,25,111,91,61,89,95,93,48,62,58,41,50,52,25,37,33
output_0000708.png,175,196,177,126,172,164,10,25,27,94,132,126,55,99,105,105,153,157,42,83,84,90,87,61,148,124,12
output_0000709.png,126,186,175,11,22,26,68,100,89,40,134,153,78,70,55,36,72,69,57,156,170,128,135,114,18,76,100
output_0000710.png,157,186,171,9,7,6,82,79,64,94,127,119,102,101,90,60,96,95,109,137,127,118,128,107,39,52,60
output_0000711.png,122,180,172,9,20,25,33,127,150,68,99,88,70,71,57,115,120,107,19,63,72,19,77,100,140,148,116
output_0000712.png,19,16,13,169,195,178,75,80,66,62,106,103,102,108,97,101,137,121,107,151,139,126,153,141,14,58,76
output_0000713.png,124,180,172,82,102,87,8,21,25,72,74,55,29,124,148,122,121,103,19,64,68,120,148,124,14,76,97
output_0000714.png,14,11,7,198,172,110,104,73,32,61,39,15,67,81,63,39,46,34,132,164,148,116,132,124,64,68,68
output_0000715.png,190,175,146,28,29,27,123,116,100,144,151,131,82,96,92,77,72,65,176,61,16,65,83,92,128,137,149
output_0000716.png,213,203,176,11,9,8,94,83,70,53,38,27,130,133,113,64,70,62,128,119,125,148,108,116,68,60,68
output_0000717.png,187,150,114,17,20,21,107,83,68,59,56,55,75,84,82,138,140,130,71,75,84,148,66,19,124,120,140
output_0000718.png,91,92,96,203,189,154,186,163,128,153,120,91,164,146,120,93,50,29,130,124,124,59,52,54,172,172,172
output_0000719.png,27,24,21,196,197,173,161,170,151,102,109,105,132,127,114,78,87,90,87,67,49,138,150,150,172,84,12
output_0000720.png,25,19,16,156,146,123,111,95,77,78,57,40,87,89,77,130,133,119,70,71,69,123,123,116,140,108,88
output_0000721.png,177,181,157,29,34,33,126,117,95,148,162,146,91,71,52,99,114,107,79,94,94,66,77,75,132,146,140
output_0000722.png,180,176,155,115,99,78,156,127,95,14,13,10,118,132,125,78,48,23,83,91,82,64,73,71,116,148,146
output_0000723.png,179,176,154,31,22,12,140,148,132,122,102,76,88,93,86,86,56,27,122,129,124,62,70,71,156,108,76
output_0000724.png,186,163,129,18,16,11,112,126,118,128,103,78,87,98,90,146,148,123,80,49,21,55,73,72,165,100,78
output_0000725.png,94,74,43,8,9,7,156,149,122,142,110,67,54,43,25,63,70,59,86,121,124,52,60,68,76,28,4
output_0000726.png,137,142,115,122,113,90,189,150,112,17,28,24,78,91,77,73,59,42,142,127,126,68,73,77,164,84,76
output_0000727.png,32,34,26,185,153,113,143,118,87,108,105,88,95,74,50,143,138,135,88,89,86,160,158,140,174,100,50
output_0000728.png,184,157,122,13,21,27,130,142,128,112,93,81,119,120,111,35,55,70,70,80,81,58,43,42,148,76,68
output_0000729.png,105,97,82,214,205,178,14,22,21,175,176,151,166,143,113,69,38,24,96,56,33,165,162,157,188,140,96
output_0000730.png,186,160,126,14,27,35,127,141,128,102,87,80,32,59,77,114,122,116,58,62,63,142,71,59,66,84,87
output_0000731.png,188,169,130,26,45,53,147,156,95,132,110,82,81,76,72,97,101,95,86,91,100,167,84,48,148,137,132
output_0000732.png,202,167,116,22,34,38,116,108,100,112,65,42,160,130,96,147,90,48,158,109,73,229,205,161,84,100,102
output_0000733.png,188,172,133,14,12,9,110,93,67,133,135,109,59,46,30,69,81,66,149,72,31,59,63,62,116,118,119
output_0000734.png,108,104,59,199,181,155,23,31,26,177,165,159,164,140,92,126,121,105,59,40,24,145,148,82,179,180,161
output_0000735.png,204,187,152,105,82,54,15,22,24,128,122,110,174,166,141,165,136,100,158,149,143,78,31,16,191,72,36
output_0000736.png,17,28,32,128,102,77,210,197,166,179,166,153,73,68,57,73,38,27,191,156,123,161,150,117,104,56,27
output_0000737.png,207,184,141,36,37,32,154,123,87,112,80,53,120,122,94,176,166,139,158,149,142,63,87,92,192,92,60
output_0000738.png,127,104,77,206,192,161,16,26,30,177,167,152,163,150,140,66,61,52,64,32,23,102,52,26,188,140,95
output_0000739.png,164,125,82,46,38,32,198,183,157,108,99,80,98,45,19,131,78,46,131,74,20,212,165,102,216,192,140
output_0000740.png,106,83,53,207,183,140,16,23,26,176,166,138,165,133,93,127,123,111,160,150,142,74,31,17,196,80,56
output_0000741.png,203,190,163,123,103,79,17,21,22,168,158,137,56,57,49,158,145,134,54,31,22,91,57,40,95,51,26
output_0000742.png,167,123,85,55,50,40,205,186,155,189,167,141,102,85,65,95,34,23,129,70,41,111,59,26,213,165,126
output_0000743.png,45,40,33,206,194,166,149,127,95,177,169,152,119,86,60,163,150,138,126,122,94,93,92,86,188,148,110
output_0000744.png,212,190,154,111,102,62,18,22,27,150,133,121,172,161,151,163,131,75,64,39,33,147,148,70,178,180,162
output_0000745.png,210,199,169,37,34,29,148,126,98,121,85,58,177,168,150,126,121,97,164,153,141,86,84,69,95,97,94
output_0000746.png,165,163,143,98,95,80,10,14,17,124,138,109,61,79,72,51,54,51,56,67,76,121,123,124,144,62,35
output_0000747.png,18,18,19,116,115,96,155,131,103,169,172,150,100,79,65,58,70,58,136,143,143,66,77,88,132,156,139
output_0000748.png,89,52,31,152,152,137,194,197,179,139,136,127,19,20,24,127,119,105,95,90,85,132,100,80,172,156,136
output_0000749.png,113,98,73,200,210,190,18,13,13,177,187,169,152,148,128,72,38,24,166,170,157,161,136,101,143,140,107
output_0000750.png,82,74,57,188,203,175,119,114,96,148,137,118,236,230,201,114,108,76,140,100,85,92,108,84,148,156,116
output_0000751.png,110,107,98,10,8,9,202,180,132,85,47,29,170,139,96,55,51,58,179,164,116,188,124,91,148,144,148
output_0000752.png,70,107,122,96,140,150,44,87,90,5,12,16,16,57,73,90,94,98,10,53,50,54,51,52,88,124,116
output_0000753.png,23,22,25,177,185,153,226,228,199,93,76,64,109,108,92,144,123,95,122,99,64,162,161,102,76,92,87
output_0000754.png,137,176,161,16,20,22,226,232,209,31,83,97,77,103,106,89,134,126,86,127,115,72,78,71,76,60,52
output_0000755.png,26,28,29,151,138,112,86,86,77,91,48,32,206,209,187,205,190,153,126,77,40,130,88,63,194,197,154
output_0000756.png,18,25,29,99,120,126,124,145,150,152,175,171,67,93,104,138,136,130,45,76,85,90,79,76,141,156,140
output_0000757.png,179,181,156,23,21,25,111,107,86,77,91,65,137,149,116,65,58,55,134,139,140,72,73,86,148,84,68
output_0000758.png,153,190,174,117,156,149,16,18,19,91,131,122,45,82,93,142,160,155,37,65,69,77,88,90,116,172,159
output_0000759.png,12,17,19,91,105,106,10,77,99,14,40,56,82,72,61,108,141,151,111,140,139,55,66,80,124,121,87
output_0000760.png,146,174,169,177,201,189,112,129,136,9,13,14,96,102,105,55,46,43,66,90,97,47,67,75,164,148,164
output_0000761.png,175,192,183,13,21,26,90,116,121,58,86,98,116,143,150,143,140,138,41,66,75,91,68,63,84,156,161
output_0000762.png,188,210,194,116,145,143,147,175,169,13,15,15,99,114,111,38,71,82,73,100,104,52,47,44,129,164,132
output_0000763.png,196,208,180,136,131,101,169,158,127,27,19,18,117,86,66,152,162,141,82,89,81,79,80,61,156,180,140
output_0000764.png,36,52,59,133,172,172,85,122,128,62,105,118,94,90,92,59,90,99,97,151,159,124,153,156,8,12,14
output_0000765.png,144,172,170,21,25,26,106,137,143,88,110,114,140,137,134,35,79,94,89,78,78,41,69,74,100,156,164
output_0000766.png,171,183,156,11,12,16,127,139,115,97,94,81,53,51,48,57,81,75,59,66,69,140,108,77,115,121,124
output_0000767.png,143,172,171,113,141,146,21,25,27,87,113,119,44,80,93,130,124,121,84,70,68,41,69,74,140,156,132
output_0000768.png,165,175,166,8,15,19,99,91,87,120,149,150,44,88,98,16,59,81,88,126,141,53,46,42,143,72,58
output_0000769.png,147,177,176,22,27,30,115,148,154,95,121,126,48,87,101,146,144,142,37,71,80,92,77,75,108,164,180
output_0000770.png,179,198,188,14,25,29,97,130,135,50,90,99,29,69,83,67,106,117,92,91,90,117,153,165,152,147,141
output_0000771.png,137,178,165,182,211,194,9,13,14,86,132,131,55,97,102,90,113,109,49,43,39,20,65,77,164,172,164
output_0000772.png,187,199,187,13,23,27,95,128,134,48,90,100,25,68,83,65,105,117,94,90,88,131,166,169,111,154,164
output_0000773.png,137,178,165,183,211,194,9,13,14,88,132,129,52,95,101,90,113,109,49,44,39,20,66,77,172,164,172
output_0000774.png,179,205,192,6,19,24,74,120,124,118,163,162,34,83,98,98,145,157,23,66,75,85,67,64,140,88,100
output_0000775.png,215,223,203,68,106,114,8,14,17,123,158,159,27,74,89,21,58,67,97,133,143,89,57,36,142,100,97
output_0000776.png,127,161,158,107,142,145,120,116,110,71,113,119,13,15,18,67,61,59,39,78,88,19,57,66,60,124,140
output_0000777.png,190,207,194,109,149,155,57,101,112,6,10,12,87,128,141,14,63,81,24,49,56,69,63,65,124,140,108
output_0000778.png,106,138,143,9,14,17,27,80,92,45,63,57,71,85,89,167,185,175,147,180,175,121,166,183,4,52,92
output_0000779.png,163,178,169,15,19,23,127,159,161,109,100,94,99,129,138,62,100,110,40,76,91,45,64,67,152,72,80
output_0000780.png,7,17,21,102,135,140,22,82,95,144,180,175,32,63,55,59,78,83,54,101,110,173,194,181,126,168,182
output_0000781.png,31,35,28,184,190,164,137,132,112,161,177,157,112,119,101,95,91,72,103,104,103,153,158,157,176,66,48
output_0000782.png,101,136,150,16,17,18,81,119,131,128,164,173,46,83,98,102,127,137,66,61,63,28,66,81,117,148,148
output_0000783.png,176,195,185,120,156,159,80,110,116,7,13,17,107,138,148,41,77,89,29,60,65,92,60,56,141,83,73
output_0000784.png,34,72,84,160,202,191,102,138,150,5,9,12,82,115,132,121,160,172,84,114,121,140,162,168,108,172,180
output_0000785.png,189,206,194,15,27,32,93,134,144,129,172,179,74,112,118,43,91,104,95,77,74,128,164,162,33,72,79
output_0000786.png,61,100,109,173,213,195,10,19,24,121,157,162,135,177,180,102,137,149,106,149,155,49,53,50,158,176,170
output_0000787.png,183,197,187,15,28,34,88,133,144,71,111,119,127,169,173,40,90,104,93,83,79,30,71,80,101,154,173
output_0000788.png,72,110,117,15,13,13,135,175,175,69,61,61,16,40,58,117,154,164,90,78,73,19,59,76,134,151,154
output_0000789.png,182,191,180,77,121,129,20,24,26,46,93,105,124,164,168,28,75,86,102,146,156,93,77,70,12,56,72
output_0000790.png,79,121,131,18,26,31,143,167,166,44,93,107,145,137,130,105,145,156,26,73,87,88,76,75,76,156,160
output_0000791.png,14,20,18,153,126,104,90,68,51,109,123,123,47,39,30,51,70,62,44,55,68,124,76,44,92,108,116
output_0000792.png,212,206,170,129,122,96,154,162,119,15,14,14,87,98,78,77,58,42,133,144,142,70,71,79,173,90,71
output_0000793.png,183,176,151,19,17,17,118,104,85,140,143,122,71,59,48,81,88,75,130,129,125,73,75,76,157,116,88
output_0000794.png,194,171,139,22,20,19,125,95,70,86,101,81,142,150,130,82,55,38,79,79,80,124,127,136,164,92,60
output_0000795.png,184,175,144,102,93,71,9,9,10,123,140,109,65,70,60,52,47,43,109,120,128,61,60,68,155,56,42
output_0000796.png,187,180,157,20,22,21,122,112,93,139,152,123,70,63,52,84,98,74,142,137,133,83,80,77,160,72,64
output_0000797.png,171,159,133,23,28,27,121,96,70,77,66,54,145,151,138,88,94,88,65,78,89,137,139,132,156,100,69
output_0000798.png,12,9,7,169,184,159,106,76,54,127,103,81,67,70,64,150,126,94,92,52,34,111,121,109,127,136,121
output_0000799.png,161,130,94,25,28,23,119,88,58,87,103,86,89,58,34,62,78,70,122,133,111,115,122,109,52,72,57
output_0000800.png,186,186,165,9,11,13,98,94,85,129,135,116,122,121,116,51,50,49,57,63,71,67,76,76,140,92,70
output_0000801.png,122,88,58,157,144,124,14,16,17,130,144,140,84,56,36,109,119,119,80,95,92,61,72,73,148,92,84
output_0000802.png,213,214,195,133,147,150,14,15,11,181,199,185,67,68,60,84,85,81,172,188,188,36,44,60,60,60,76
output_0000803.png,27,31,28,125,101,66,193,189,167,95,115,81,147,159,127,96,65,40,56,87,68,139,145,141,79,96,94
output_0000804.png,167,159,132,101,96,61,15,20,20,117,138,127,82,115,120,65,84,63,60,51,37,30,57,69,140,76,64
output_0000805.png,86,80,59,136,116,88,110,123,101,147,163,142,14,19,20,135,144,145,182,196,171,48,29,24,98,105,101
output_0000806.png,168,164,136,103,95,63,15,21,21,116,138,128,64,84,62,91,121,125,59,53,41,141,84,72,37,64,76
output_0000807.png,96,85,61,21,29,27,125,134,118,141,149,143,153,169,145,141,112,81,63,32,23,177,174,145,121,134,93
output_0000808.png,180,167,126,136,161,146,23,29,27,124,105,70,85,101,62,78,134,138,78,59,35,37,72,88,165,75,18
output_0000809.png,172,172,143,198,200,162,27,33,29,152,142,116,86,81,59,154,153,141,107,113,96,80,94,95,188,156,128
output_0000810.png,168,180,161,30,33,32,104,110,62,151,118,80,29,131,147,103,80,53,68,78,56,34,150,160,25,80,99
output_0000811.png,8,11,10,76,84,74,187,176,119,57,77,71,42,53,48,49,67,68,114,135,124,39,33,26,71,117,126
output_0000812.png,18,28,26,126,132,107,114,127,102,104,104,90,79,93,83,67,82,76,63,75,66,124,108,90,90,113,117
output_0000813.png,131,99,63,18,16,12,103,77,47,149,155,118,71,48,24,114,115,92,79,79,59,50,60,53,100,124,92
output_0000814.png,32,35,29,207,200,157,127,120,89,83,77,55,96,102,79,155,156,117,83,89,85,144,140,135,167,108,37
output_0000815.png,132,125,95,10,16,15,79,50,27,180,173,127,73,72,57,163,164,122,60,50,45,150,149,135,42,72,76
output_0000816.png,169,157,109,113,97,69,8,8,9,134,133,103,58,40,29,69,73,64,53,58,60,132,120,116,152,92,52
output_0000817.png,236,230,191,24,17,13,112,87,48,138,147,112,78,53,30,86,89,69,104,126,126,67,72,70,156,124,60
output_0000818.png,130,125,95,209,205,156,13,10,12,179,180,137,64,38,26,83,57,32,109,69,50,66,64,59,158,158,164
output_0000819.png,57,30,19,157,162,130,107,92,67,101,70,45,106,111,89,57,71,61,122,121,97,125,110,80,108,52,36
output_0000820.png,24,13,10,114,85,55,159,136,96,70,41,21,140,132,92,136,124,108,84,76,60,79,66,60,49,45,37
output_0000821.png,213,210,166,141,135,92,165,169,126,112,116,88,10,11,10,88,66,36,144,152,134,38,75,74,180,140,96
output_0000822.png,117,125,100,119,92,45,11,9,8,79,83,55,69,44,21,90,106,92,34,43,30,41,57,53,84,116,92
output_0000823.png,160,164,123,211,208,165,137,126,82,10,10,8,101,102,77,86,59,28,141,146,116,41,67,64,180,132,108
output_0000824.png,161,166,117,48,45,30,93,58,36,94,95,79,205,205,154,127,108,82,113,92,49,187,196,139,196,193,139
output_0000825.png,117,122,96,113,84,38,10,9,7,72,74,53,61,37,17,29,39,27,84,98,92,39,51,52,60,108,100
output_0000826.png,162,166,124,208,205,160,18,16,12,136,130,90,90,66,35,105,110,84,47,78,72,139,147,125,180,140,50
output_0000827.png,125,132,101,116,92,54,10,9,7,83,84,59,71,46,22,34,42,27,40,59,60,76,116,92,92,108,108
output_0000828.png,96,81,50,205,202,156,11,14,12,169,173,130,55,31,12,154,143,90,133,139,104,158,163,132,188,132,108
output_0000829.png,137,148,112,116,99,69,8,8,7,85,81,56,72,46,23,95,111,94,34,41,27,40,57,53,92,124,100
output_0000830.png,207,207,162,46,34,19,162,170,126,142,136,86,111,119,90,107,82,41,80,87,66,87,98,84,136,156,141
output_0000831.png,169,170,122,99,94,63,8,10,10,122,137,108,56,77,64,54,41,26,140,84,17,110,122,116,34,60,68
output_0000832.png,134,139,104,42,40,34,81,79,65,174,177,130,93,88,73,111,104,66,83,79,42,48,70,59,164,180,140
output_0000833.png,115,107,72,169,163,116,10,11,9,141,156,119,68,53,29,84,92,72,126,139,116,56,74,68,156,84,12
output_0000834.png,115,135,111,8,7,6,68,77,62,108,88,54,62,44,21,76,98,93,34,40,29,29,50,52,60,108,94
output_0000835.png,115,106,71,169,163,116,10,11,9,141,156,120,68,53,30,84,93,73,123,138,116,53,74,69,156,84,12
output_0000836.png,122,140,113,8,6,6,77,72,51,122,101,69,43,35,18,47,65,60,92,107,100,38,51,52,60,116,97
output_0000837.png,154,165,124,100,101,79,12,10,7,140,121,87,78,65,45,48,52,39,38,68,71,103,128,125,92,140,132
output_0000838.png,150,168,134,6,5,4,122,104,70,85,80,55,67,51,24,43,43,23,96,113,109,44,58,60,84,124,108
output_0000839.png,157,163,120,114,106,72,10,10,8,152,133,90,84,92,72,67,50,26,123,138,116,58,71,62,108,148,124
output_0000840.png,6,5,4,150,167,133,121,104,70,87,82,56,67,49,21,44,42,20,90,114,109,45,59,60,84,124,116
output_0000841.png,180,191,148,102,108,88,13,19,20,136,151,118,71,86,74,60,63,52,44,68,79,53,126,135,148,116,8
output_0000842.png,105,116,95,215,219,183,24,16,11,86,63,26,36,53,46,65,62,50,147,150,113,176,153,99,152,168,149
output_0000843.png,131,131,93,48,34,21,160,166,123,77,81,63,45,66,49,75,64,34,95,77,52,92,51,32,147,155,132
output_0000844.png,22,15,9,160,170,135,100,81,49,104,113,96,125,87,36,108,124,105,64,46,23,62,61,59,73,79,66
output_0000845.png,129,144,112,30,18,10,98,109,95,92,97,70,68,81,66,56,65,54,130,114,59,63,44,23,76,124,84
output_0000846.png,108,113,92,186,183,139,28,21,12,87,99,86,77,59,35,146,150,112,68,75,72,158,81,5,127,138,124
output_0000847.png,111,116,91,12,10,8,59,31,12,216,212,175,100,67,19,61,68,56,84,73,56,162,173,138,156,164,148
output_0000848.png,165,166,128,19,16,10,110,105,79,135,146,117,70,56,35,80,88,72,68,73,69,122,128,124,148,100,5
output_0000849.png,130,155,127,179,194,164,12,12,9,114,105,73,80,102,78,111,129,109,65,46,25,66,73,61,156,124,82
output_0000850.png,59,50,32,179,173,135,153,152,121,134,126,94,12,9,6,141,138,116,104,104,83,92,89,76,164,140,100
output_0000851.png,149,123,88,13,10,5,92,66,42,51,35,22,107,110,100,90,96,97,41,47,53,57,62,64,116,52,44
output_0000852.png,145,165,139,190,202,173,16,15,11,121,113,80,85,100,80,119,136,118,74,48,23,64,73,61,172,148,109
output_0000853.png,185,190,159,34,29,21,116,117,95,95,110,97,90,73,50,152,132,91,70,71,58,77,90,85,126,139,132
output_0000854.png,150,156,126,14,10,7,95,92,71,127,104,66,60,73,63,51,46,31,108,124,104,109,115,108,50,59,60
output_0000855.png,22,18,10,110,102,75,169,172,135,136,142,115,69,53,28,128,131,116,80,88,70,69,74,69,148,100,12
output_0000856.png,197,194,152,20,24,17,77,68,40,99,106,86,98,95,48,129,120,89,141,144,119,143,142,93,60,92,55
output_0000857.png,182,190,158,105,84,53,14,12,9,61,42,21,64,79,69,140,118,84,50,66,63,39,46,35,128,132,116
output_0000858.png,182,182,143,14,23,22,105,98,70,127,144,105,64,52,34,70,86,78,50,74,76,140,100,38,113,124,132
output_0000859.png,27,27,20,137,121,92,174,166,135,98,84,58,124,139,127,103,113,95,153,160,142,47,88,78,170,116,106
output_0000860.png,177,187,155,14,15,11,109,96,67,89,64,35,134,112,76,51,33,16,58,55,37,56,72,66,120,127,108
output_0000861.png,167,157,121,107,85,56,15,14,10,134,141,111,73,80,66,59,48,32,54,64,60,120,122,116,148,76,52
output_0000862.png,178,188,153,126,111,78,102,87,58,10,11,9,80,55,28,44,27,12,43,47,33,53,67,63,108,128,124
output_0000863.png,157,137,99,98,81,56,14,15,12,120,125,104,63,72,61,52,41,29,102,114,108,40,59,60,137,60,41
output_0000864.png,13,13,10,175,184,153,110,99,70,88,62,33,135,115,82,52,33,15,58,55,37,55,72,66,115,128,116
output_0000865.png,163,158,116,101,103,85,15,15,10,80,88,76,127,142,120,63,54,28,63,72,63,117,130,116,101,32,6
output_0000866.png,151,127,88,169,157,117,19,21,17,100,105,87,101,68,41,48,66,59,65,82,76,132,148,121,129,136,124
output_0000867.png,21,16,8,101,102,82,173,173,136,82,86,71,67,57,38,136,144,114,51,53,44,74,74,68,132,132,124
output_0000868.png,138,143,114,19,13,7,91,90,68,108,104,80,74,50,21,51,37,15,108,116,92,99,105,92,58,59,52
output_0000869.png,116,119,97,177,184,147,142,152,126,15,16,12,84,92,77,135,139,124,72,60,32,65,74,69,140,148,92
output_0000870.png,21,20,15,117,116,94,176,181,145,144,152,125,94,99,85,76,81,72,82,64,32,135,139,124,156,100,36
output_0000871.png,180,183,151,14,14,11,92,95,75,134,112,76,50,42,27,86,58,29,80,121,118,52,66,61,84,132,124
output_0000872.png,164,171,139,133,141,111,100,102,81,13,14,10,112,121,108,72,80,69,60,53,34,56,65,60,150,92,56
output_0000873.png,168,168,131,16,13,9,131,110,76,98,96,71,84,52,25,59,45,26,111,119,108,60,66,60,116,132,119
output_0000874.png,191,192,158,113,109,88,19,17,10,142,145,116,87,89,71,70,58,32,70,75,68,132,130,124,156,116,100
output_0000875.png,181,182,149,106,96,71,133,139,114,17,14,9,74,83,71,71,50,23,101,122,117,38,65,70,148,92,72
output_0000876.png,211,209,171,35,29,18,107,87,47,89,57,25,107,105,81,143,122,89,156,152,129,158,146,101,64,100,60
output_0000877.png,212,215,184,39,36,25,147,128,99,160,173,148,105,83,50,145,153,134,111,126,103,78,98,80,180,140,108
output_0000878.png,159,159,121,134,137,119,17,17,13,189,181,127,132,125,89,100,102,79,81,64,36,172,156,108,58,72,61
output_0000879.png,26,25,16,120,116,89,185,181,144,145,155,120,93,99,76,79,70,46,78,83,76,124,138,133,164,108,78
output_0000880.png,212,213,181,131,142,120,101,87,60,9,18,15,57,49,33,69,85,63,123,123,116,148,124,107,59,68,68
output_0000881.png,33,38,25,184,172,137,123,113,83,93,104,74,83,79,58,143,156,100,91,91,84,139,145,133,156,92,60
output_0000882.png,197,196,161,142,140,121,108,88,61,13,12,11,75,77,60,65,40,23,108,112,110,59,59,60,164,116,76
output_0000883.png,185,171,138,29,33,22,118,107,79,85,96,67,140,150,104,75,71,51,82,83,76,132,139,132,156,84,36
output_0000884.png,92,99,86,198,190,141,21,17,12,112,76,35,167,168,151,158,148,120,81,42,18,177,181,158,137,141,125
output_0000885.png,155,122,87,28,19,13,79,46,25,91,67,41,204,172,122,117,72,31,204,163,119,203,174,143,60,60,46
output_0000886.png,94,60,34,192,191,152,16,17,14,146,120,87,131,95,55,103,107,94,142,149,132,163,142,98,52,68,64
output_0000887.png,37,39,26,193,178,143,129,111,78,99,105,78,147,158,110,92,76,51,89,89,77,144,145,125,164,100,76
output_0000888.png,175,168,125,33,25,17,95,58,25,103,110,94,117,88,47,195,205,172,136,109,72,142,126,82,76,108,108
output_0000889.png,169,177,150,23,21,14,88,63,34,112,91,51,217,219,181,127,118,91,98,103,85,144,136,96,59,84,42
output_0000890.png,137,146,116,177,173,125,110,90,54,15,17,13,100,117,103,72,86,69,67,43,22,49,65,61,156,124,88
output_0000891.png,55,41,24,168,177,150,112,92,54,120,112,87,204,207,167,72,86,61,141,138,102,114,132,113,124,76,48
output_0000892.png,196,183,144,81,76,54,145,119,82,108,110,94,14,17,11,122,125,104,156,166,140,45,24,11,147,155,140
output_0000893.png,165,174,147,91,62,29,15,11,8,114,91,49,99,103,90,228,226,185,125,113,86,137,128,92,60,76,54
output_0000894.png,39,35,20,150,161,138,87,61,28,103,83,45,203,209,168,111,105,80,187,204,165,99,111,100,109,108,100
output_0000895.png,161,132,98,30,25,20,115,86,54,81,77,56,131,124,96,75,47,25,60,67,68,124,116,116,140,84,60
output_0000896.png,48,45,32,200,190,148,155,145,116,175,175,144,112,102,74,127,128,109,110,111,103,161,160,149,188,164,117
output_0000897.png,193,181,141,29,32,20,128,118,91,85,74,48,154,157,133,95,103,83,144,145,133,87,89,77,164,116,64
output_0000898.png,133,130,102,203,198,153,18,23,21,180,183,150,67,70,55,162,169,149,61,47,29,88,82,59,103,76,36
output_0000899.png,19,15,11,151,147,122,88,48,24,109,78,41,205,200,165,96,99,78,135,116,77,196,186,145,127,96,64
output_0000900.png,187,183,148,19,20,16,98,102,80,122,119,95,86,94,55,75,71,49,135,138,117,140,135,97,60,92,44
output_0000901.png,35,34,23,188,182,144,130,118,87,157,153,118,100,105,87,92,77,47,84,89,78,134,137,124,172,108,76
output_0000902.png,175,150,114,28,21,12,130,102,65,89,65,32,100,89,62,145,143,108,139,129,108,61,68,61,156,108,76
output_0000903.png,161,157,120,97,97,73,8,8,6,126,137,113,62,75,61,52,46,24,103,122,118,51,59,60,140,76,8
output_0000904.png,156,159,135,94,95,79,13,11,7,137,105,49,111,115,108,50,36,19,64,71,61,108,124,108,50,59,60
output_0000905.png,23,19,11,150,151,117,115,127,107,96,94,65,103,114,100,67,82,64,49,63,55,65,50,20,133,84,12
output_0000906.png,147,153,126,126,110,76,168,162,121,18,18,13,83,94,79,132,138,125,84,43,14,48,72,71,156,156,76
output_0000907.png,149,146,116,11,10,8,82,66,42,100,116,101,46,67,61,51,37,17,81,98,92,32,51,52,118,59,33
output_0000908.png,154,149,119,97,82,57,12,12,9,118,129,110,53,76,70,54,40,22,39,59,60,100,113,110,132,76,40
output_0000909.png,134,146,125,162,163,128,24,18,11,120,111,73,117,128,118,91,96,74,79,57,24,65,70,65,144,140,60
output_0000910.png,26,21,13,123,96,57,137,130,101,89,75,39,55,76,63,57,43,18,82,107,100,84,116,104,43,59,60
output_0000911.png,152,158,130,138,142,120,169,163,127,127,104,65,16,17,12,56,74,68,87,98,83,80,44,16,164,100,6
output_0000912.png,142,114,79,9,8,6,75,56,35,42,29,16,91,96,84,100,108,91,47,49,47,50,61,56,108,60,28
output_0000913.png,157,164,140,30,22,12,124,120,91,92,94,82,136,143,127,104,110,96,92,76,43,159,137,67,71,73,57
output_0000914.png,78,96,89,9,8,6,109,137,125,206,213,185,126,140,123,97,122,116,25,43,38,156,177,152,154,164,160
output_0000915.png,26,30,25,192,185,143,104,105,87,58,69,58,72,75,61,139,140,114,80,83,76,83,92,76,134,130,124
output_0000916.png,194,205,190,21,30,35,130,166,171,103,115,114,111,143,153,80,105,111,61,84,96,65,74,75,156,124,100
output_0000917.png,103,133,129,9,8,5,81,95,90,76,114,116,52,90,92,39,29,16,178,192,180,124,114,104,25,55,63
output_0000918.png,186,194,176,56,94,100,16,14,11,125,145,135,105,112,103,40,73,80,60,58,50,110,131,132,140,108,108
output_0000919.png,115,141,135,11,9,6,80,119,119,73,98,96,124,123,112,192,207,194,32,59,65,74,60,49,39,48,41
output_0000920.png,134,138,113,51,34,10,203,214,189,86,68,34,96,86,59,57,69,51,87,106,92,163,179,164,180,180,156
output_0000921.png,125,135,114,12,11,9,83,89,76,118,111,88,123,124,92,74,51,30,50,39,21,88,115,116,32,54,64
output_0000922.png,180,189,167,22,20,13,105,110,94,142,131,106,92,68,41,44,75,82,59,67,54,121,138,132,116,148,136
output_0000923.png,116,122,102,10,9,7,73,58,36,103,85,65,51,80,90,44,33,17,26,44,50,45,63,59,60,100,97
output_0000924.png,154,180,160,30,26,19,108,120,99,113,143,137,150,142,104,78,63,39,68,84,82,105,81,47,76,172,156
output_0000925.png,16,12,11,97,122,113,59,69,62,94,86,56,37,38,30,63,89,94,26,47,58,54,42,29,124,100,52
output_0000926.png,155,176,152,26,17,11,101,132,126,82,107,98,111,111,82,76,60,34,37,65,76,148,134,100,84,148,132
output_0000927.png,15,10,8,131,133,113,99,81,62,58,34,17,64,66,55,13,40,53,49,75,85,37,37,29,60,100,100
output_0000928.png,26,21,13,160,172,146,129,153,138,110,135,128,113,112,88,80,101,94,65,79,72,77,60,33,149,124,108
output_0000929.png,138,162,148,22,18,12,111,135,131,93,108,98,52,74,75,93,69,29,52,63,50,140,137,112,100,154,153
output_0000930.png,130,156,154,13,23,24,81,106,107,127,123,123,88,127,134,34,77,87,76,69,62,37,65,65,68,140,140
output_0000931.png,9,11,12,112,154,140,189,209,197,155,190,174,48,117,129,87,91,94,169,199,196,80,76,66,164,212,186
output_0000932.png,159,190,186,6,19,20,97,133,140,123,137,135,61,105,109,19,73,84,16,64,61,73,65,54,92,157,162
output_0000933.png,171,207,191,115,172,165,6,20,21,60,112,115,90,144,152,17,80,94,15,67,73,86,73,62,156,108,110
output_0000934.png,129,172,158,8,13,17,40,118,129,87,105,112,194,218,197,178,215,204,180,220,194,81,78,65,84,68,71
output_0000935.png,158,190,189,93,131,140,7,17,17,56,102,109,21,72,85,120,115,107,15,56,59,69,66,57,132,148,116
output_0000936.png,135,176,164,12,16,20,192,216,198,96,98,102,52,104,109,88,134,115,180,220,202,85,84,76,108,76,84
output_0000937.png,169,199,194,93,130,139,53,98,106,7,16,16,17,68,82,17,55,60,127,119,110,71,66,58,153,150,124
output_0000938.png,140,180,171,13,14,15,48,117,128,97,100,104,86,130,138,84,76,74,198,221,203,92,68,70,130,125,115
output_0000939.png,171,198,192,12,21,20,103,135,143,69,104,109,138,139,134,28,74,86,76,73,67,34,62,62,92,156,161
output_0000940.png,142,182,172,8,14,15,50,116,125,86,126,133,108,134,143,45,74,68,94,99,101,121,116,113,5,59,84
output_0000941.png,11,16,16,157,148,90,204,180,114,181,190,107,84,89,69,69,54,42,175,173,158,118,94,67,110,82,33
output_0000942.png,156,143,92,19,18,16,87,52,29,207,198,180,89,95,82,122,84,51,111,72,34,204,183,115,190,196,156
output_0000943.png,170,138,96,185,199,179,28,25,23,69,99,115,123,121,110,130,147,148,125,90,55,79,73,62,148,172,163
output_0000944.png,17,15,13,155,141,88,85,53,30,193,182,170,121,85,52,94,94,66,108,71,35,204,182,115,196,196,145
output_0000945.png,182,181,155,25,26,26,132,110,82,70,99,115,151,172,163,132,150,150,92,68,45,103,118,124,164,92,68
output_0000946.png,154,141,88,18,15,13,86,53,30,194,182,170,121,84,52,94,93,66,107,70,35,204,182,114,196,196,140
output_0000947.png,187,184,156,24,24,24,141,118,88,161,183,171,74,99,113,109,119,122,137,155,153,95,68,43,172,108,81
output_0000948.png,21,29,27,199,173,104,161,147,93,121,130,81,100,101,69,177,181,142,107,108,104,169,167,157,188,116,108
output_0000949.png,191,182,149,136,153,155,118,86,53,12,12,12,102,118,128,65,90,103,62,42,27,51,63,73,156,92,68
output_0000950.png,168,178,152,24,20,6,78,99,87,60,66,35,130,137,110,90,117,112,90,69,20,44,74,69,108,148,144
output_0000951.png,103,123,113,230,228,194,25,19,14,102,87,19,68,43,20,72,76,67,145,143,107,160,185,176,144,170,172
output_0000952.png,216,204,177,16,17,17,104,99,82,129,140,121,71,87,83,58,72,72,61,49,36,117,129,125,140,106,85
output_0000953.png,98,113,103,21,17,13,58,44,26,86,75,28,194,164,34,120,148,139,148,139,87,137,157,156,172,180,164
output_0000954.png,204,195,167,14,15,14,101,91,71,126,137,121,50,41,31,61,78,75,51,67,68,140,85,69,124,124,124
output_0000955.png,113,129,114,10,7,5,105,88,56,70,74,58,80,97,95,58,43,26,36,41,32,30,49,54,52,108,100
output_0000956.png,147,147,117,97,86,56,6,5,4,121,136,109,47,33,16,100,119,119,58,71,64,44,57,63,132,84,32
output_0000957.png,7,36,46,101,143,155,162,194,189,72,115,130,140,171,175,124,165,173,38,90,102,80,97,98,116,180,188
output_0000958.png,13,10,8,92,75,48,157,164,142,52,39,24,135,118,97,62,80,75,102,118,127,56,65,69,108,132,124
output_0000959.png,169,195,188,112,153,165,51,104,116,4,12,16,100,142,145,19,78,90,8,54,73,134,144,116,68,68,84
output_0000960.png,162,170,146,15,12,9,101,87,62,141,127,107,64,45,22,68,81,70,52,66,70,114,124,135,108,140,124
output_0000961.png,69,117,133,47,88,103,5,6,5,31,64,78,43,47,45,39,34,31,68,74,77,17,33,39,44,84,116
output_0000962.png,210,215,187,110,120,102,20,15,11,166,184,158,52,35,21,82,65,34,152,162,135,70,69,58,153,169,157
output_0000963.png,195,210,201,14,20,18,95,124,130,46,81,90,30,63,72,116,146,156,64,97,108,134,145,138,98,92,74
output_0000964.png,85,62,37,149,154,125,18,10,7,124,127,109,113,114,92,93,94,82,140,128,93,48,18,8,124,140,116
output_0000965.png,138,138,116,22,19,14,79,50,29,107,85,39,86,91,87,110,88,68,220,212,189,191,198,163,180,188,188
output_0000966.png,148,162,134,127,139,116,115,111,79,13,9,6,165,165,133,67,49,29,80,89,70,66,69,64,156,156,55
output_0000967.png,169,179,157,151,164,144,92,109,101,129,124,100,8,10,9,135,146,133,61,78,77,82,59,38,164,116,116
output_0000968.png,4,4,4,54,61,70,34,37,42,46,52,51,28,25,26,18,18,20,19,28,27,20,13,12,52,44,48
output_0000969.png,80,120,138,83,78,46,147,165,155,15,13,10,167,155,118,117,119,109,138,108,68,51,31,19,112,124,81
output_0000970.png,151,174,162,26,21,15,89,76,55,114,136,90,90,99,89,50,81,80,206,224,200,91,129,131,92,60,43
output_0000971.png,60,76,80,108,120,124,126,124,109,106,120,112,96,101,103,127,150,118,27,51,57,20,28,29,36,44,36
output_0000972.png,152,163,142,20,13,8,87,94,86,104,118,110,116,132,117,117,120,108,84,55,32,54,47,33,54,61,62
output_0000973.png,113,171,154,9,24,29,148,127,49,83,150,149,43,102,107,92,85,39,78,136,130,37,87,84,175,164,76
output_0000974.png,89,128,130,14,18,20,26,55,65,51,85,91,33,71,78,68,64,52,140,154,159,174,196,196,130,158,164
output_0000975.png,134,186,174,10,19,22,42,93,103,64,125,126,97,151,151,141,132,124,29,72,79,77,75,72,84,164,140
output_0000976.png,135,152,129,40,58,61,79,110,106,133,123,73,7,9,8,56,88,93,96,130,133,89,82,41,40,35,13
output_0000977.png,49,102,111,149,198,184,10,16,19,81,145,140,114,163,164,144,144,138,33,79,86,93,172,148,80,79,77
output_0000978.png,100,167,157,6,20,29,42,118,132,53,131,149,115,113,105,26,80,82,26,92,109,58,54,49,124,156,116
output_0000979.png,135,189,176,11,19,22,48,104,114,71,136,133,35,88,96,138,133,127,100,153,157,86,84,80,85,164,140
output_0000980.png,151,184,178,8,25,28,81,117,124,109,146,157,38,76,81,50,90,101,126,143,142,72,86,85,140,156,132
output_0000981.png,26,24,16,72,84,91,58,72,67,110,114,93,92,103,94,81,78,56,51,57,55,111,171,179,56,116,148
output_0000982.png,138,141,123,10,7,5,99,80,50,68,45,20,106,109,95,78,74,52,127,107,81,12,50,63,108,124,108
output_0000983.png,216,214,189,28,27,19,156,162,138,126,124,104,98,108,95,84,78,62,85,91,84,137,146,140,172,108,68
output_0000984.png,107,105,88,203,196,166,81,52,18,17,10,5,61,30,6,162,164,146,154,155,140,144,137,113,74,61,44
output_0000985.png,24,20,17,148,150,135,87,55,28,89,94,86,119,87,47,121,104,83,148,119,82,172,173,164,185,180,156
output_0000986.png,26,20,11,200,197,170,115,110,91,142,143,122,85,90,75,75,55,26,59,72,71,127,130,124,156,116,72
output_0000987.png,83,53,33,177,179,153,34,18,11,102,90,61,106,102,87,231,229,204,129,118,93,143,136,105,60,84,84
output_0000988.png,49,96,86,155,130,102,24,18,12,109,84,58,119,137,124,69,50,30,104,123,116,40,75,68,38,58,47
output_0000989.png,211,204,172,137,133,102,161,168,131,16,19,13,96,103,80,148,150,137,81,69,44,71,82,76,180,116,108
output_0000990.png,178,175,155,27,23,17,58,104,95,95,123,110,67,86,73,124,87,55,138,153,142,75,57,38,147,164,151
output_0000991.png,188,188,163,26,26,20,132,132,108,99,110,92,148,153,140,84,70,46,154,164,141,87,90,77,164,124,100
output_0000992.png,144,140,108,218,211,179,170,176,137,16,19,13,105,110,85,155,156,144,85,74,47,80,88,78,188,124,116
output_0000993.png,54,91,83,162,152,131,25,17,12,118,94,72,81,53,31,131,156,144,91,124,112,140,84,44,132,148,148
output_0000994.png,152,135,111,103,89,74,5,6,5,46,29,17,110,126,113,50,74,62,116,116,116,58,60,60,124,60,44
output_0000995.png,34,33,27,198,197,170,146,140,113,160,167,142,116,115,93,99,90,69,81,93,92,156,155,148,172,124,84
output_0000996.png,166,146,122,24,17,12,65,108,98,123,98,73,68,51,33,135,152,142,60,63,55,36,76,68,140,164,148
output_0000997.png,160,162,134,117,130,98,92,99,75,9,9,9,60,78,57,47,36,25,116,115,108,58,58,60,132,92,60
output_0000998.png,129,124,104,8,7,6,145,143,125,158,159,140,186,176,149,80,57,24,104,87,48,73,73,70,116,51,11
output_0000999.png,143,154,129,184,192,163,23,17,11,85,105,90,114,117,97,122,129,117,78,47,25,59,74,68,164,124,90
output_0001000.png,140,131,113,28,41,47,195,189,161,82,73,61,64,50,37,83,65,41,179,181,159,103,83,61,168,168,166
output_0001001.png,169,162,135,21,29,23,115,117,95,91,85,62,59,75,60,137,157,144,131,143,142,64,89,86,152,76,45
output_0001002.png,16,27,23,194,210,189,72,117,109,113,160,146,104,128,126,148,173,163,94,101,82,144,156,128,84,84,79
output_0001003.png,202,208,189,24,35,27,162,169,157,129,106,88,141,144,143,81,68,55,96,103,93,85,87,87,184,90,85
output_0001004.png,19,28,22,195,211,189,71,114,106,115,160,145,104,127,123,147,173,163,110,96,70,116,84,56,145,156,128
output_0001005.png,197,201,175,7,7,6,125,139,127,98,94,81,150,82,67,61,73,61,112,122,125,51,48,39,48,55,69
output_0001006.png,182,207,189,14,20,15,89,101,94,96,128,141,85,63,41,135,125,105,46,59,51,38,68,86,84,154,140
output_0001007.png,213,217,198,29,32,27,133,103,73,163,170,160,102,73,51,140,143,143,107,113,107,98,97,96,180,148,116
output_0001008.png,186,209,189,11,17,14,87,98,90,130,123,103,95,127,142,82,60,39,39,67,87,41,59,52,86,152,142
output_0001009.png,97,70,48,128,103,69,26,37,29,210,216,195,117,120,110,148,132,106,156,165,154,57,84,67,156,161,122
output_0001010.png,192,212,192,123,162,158,8,15,13,95,83,66,90,119,133,56,84,88,53,40,30,34,60,80,148,116,92
output_0001011.png,183,205,187,18,29,26,130,164,151,92,121,107,45,77,68,88,86,77,119,146,149,61,89,94,148,100,92
output_0001012.png,180,175,141,4,4,4,76,65,46,42,33,22,108,108,97,52,52,39,108,100,100,28,28,20,52,44,44
output_0001013.png,137,148,135,126,107,81,167,161,136,17,9,6,93,86,74,124,131,124,69,44,31,72,65,69,156,100,60
output_0001014.png,201,199,169,145,139,109,27,21,15,113,124,94,163,177,149,103,90,62,71,83,57,155,162,149,107,105,93
output_0001015.png,144,131,110,11,10,10,86,67,54,50,38,31,115,126,118,111,115,116,22,55,70,46,70,74,124,84,64
output_0001016.png,145,150,140,10,8,7,86,58,38,96,90,47,90,95,89,125,116,84,114,96,74,183,167,141,60,76,68
output_0001017.png,21,17,15,192,211,194,106,83,56,123,153,148,73,44,25,98,125,127,70,93,94,48,67,74,148,124,92
output_0001018.png,66,50,36,169,171,149,106,85,65,117,103,89,80,89,82,151,131,115,115,131,131,141,124,99,70,76,108
output_0001019.png,117,100,75,7,5,4,153,164,149,59,30,13,77,49,25,127,138,134,88,59,36,71,60,42,156,130,106
output_0001020.png,193,209,191,22,18,15,107,82,54,125,156,152,73,42,22,98,126,128,69,93,95,47,68,73,148,116,92
output_0001021.png,145,167,136,213,219,192,17,12,10,109,119,95,81,93,70,64,56,44,120,129,125,56,63,70,180,164,148
output_0001022.png,161,171,148,46,61,29,99,105,44,98,102,88,80,72,43,209,208,173,144,132,88,108,124,110,196,212,180
output_0001023.png,194,198,175,110,95,62,163,122,87,111,113,97,44,32,25,107,58,35,148,150,140,160,142,109,173,154,134
output_0001024.png,49,55,22,201,203,168,123,127,79,71,87,40,92,111,59,145,159,129,85,94,46,125,140,131,80,93,82
output_0001025.png,172,175,155,27,28,19,114,120,91,146,157,128,87,105,68,140,143,135,75,81,82,74,78,46,156,108,62
output_0001026.png,103,108,102,186,193,171,43,41,33,149,144,129,163,175,160,60,51,44,62,60,43,156,163,156,131,140,127
output_0001027.png,94,82,51,35,35,21,121,108,73,233,218,184,125,118,101,158,143,120,190,168,116,171,161,145,68,92,76
output_0001028.png,198,190,148,38,43,23,141,131,69,168,167,128,95,93,40,156,152,127,109,119,54,73,88,78,180,92,4
output_0001029.png,196,196,154,125,118,69,14,14,9,148,160,118,91,99,56,77,68,32,116,138,130,61,74,75,164,108,68
output_0001030.png,201,194,158,149,155,136,119,109,78,124,134,130,10,12,10,66,59,34,80,87,67,62,73,71,174,89,20
output_0001031.png,213,208,166,29,32,16,150,144,85,174,176,117,116,123,72,96,92,45,153,157,152,93,100,89,188,124,60
output_0001032.png,166,155,121,19,21,13,115,106,77,60,61,37,70,86,39,134,135,125,138,148,118,73,73,69,148,100,52
output_0001033.png,205,199,162,163,160,124,31,26,20,130,124,87,97,102,68,82,74,50,145,139,127,180,156,120,86,83,76
output_0001034.png,67,81,43,13,12,10,170,154,126,118,135,131,103,118,86,118,87,47,78,94,91,25,41,36,137,158,151
output_0001035.png,41,44,30,134,138,120,106,119,108,181,180,150,159,165,144,149,154,140,87,105,101,74,88,50,98,94,59
output_0001036.png,206,206,180,8,4,4,90,87,69,112,137,124,43,31,22,108,110,128,145,94,22,56,72,42,46,41,74
output_0001037.png,185,158,123,118,148,159,18,20,14,113,100,66,79,87,43,117,127,133,67,66,34,66,72,70,138,140,76
output_0001038.png,120,150,144,170,172,155,23,23,20,108,110,86,75,96,79,65,52,35,95,130,141,55,75,84,148,92,60
output_0001039.png,194,155,111,8,10,8,103,93,74,66,79,82,55,65,75,133,143,122,53,50,38,126,127,126,148,76,22
output_0001040.png,197,176,142,10,16,18,160,123,78,92,102,94,107,132,142,38,58,58,51,71,77,88,63,36,99,148,106
output_0001041.png,195,190,167,14,14,7,96,96,81,52,54,43,130,141,129,126,130,124,65,79,70,140,100,46,60,68,68
output_0001042.png,118,126,111,21,13,8,134,170,157,51,39,29,124,155,148,170,188,170,82,77,67,67,64,55,78,61,38
output_0001043.png,164,174,167,34,29,23,96,67,43,101,120,134,206,200,186,114,91,64,135,112,91,158,138,107,195,204,188
output_0001044.png,197,195,184,162,167,165,47,50,58,130,136,136,144,112,96,153,129,125,124,97,95,172,161,161,160,148,140
output_0001045.png,37,40,32,102,71,35,176,175,174,147,122,95,102,105,114,212,209,192,127,122,144,77,75,95,186,194,218
output_0001046.png,177,176,170,17,27,33,111,71,41,139,96,63,115,119,122,158,116,94,178,136,107,67,92,105,213,207,191
output_0001047.png,23,19,18,200,200,187,114,78,54,142,103,78,159,123,109,116,123,124,153,160,160,179,148,130,67,127,132
output_0001048.png,163,165,161,18,20,23,101,62,32,130,93,60,207,203,186,107,111,113,172,131,106,153,111,90,68,100,116
output_0001049.png,36,33,19,95,59,21,192,194,179,136,108,72,153,124,103,111,120,114,150,164,159,161,144,116,66,136,143
output_0001050.png,165,168,163,20,22,25,104,64,32,136,93,57,108,114,117,212,208,190,148,112,97,170,130,104,66,100,116
output_0001051.png,12,23,28,195,195,181,107,77,45,151,130,105,140,115,79,117,123,120,169,153,124,151,156,153,84,116,100
output_0001052.png,185,177,169,7,12,16,90,56,29,35,77,96,94,108,118,111,128,132,16,55,74,47,29,19,135,82,47
output_0001053.png,12,16,19,187,187,178,93,76,55,115,116,117,109,93,78,149,153,153,140,130,130,84,108,113,147,141,132
output_0001054.png,182,184,176,105,63,30,6,16,22,124,133,137,81,102,119,15,56,77,43,80,97,55,31,19,140,83,47
output_0001055.png,204,202,187,37,41,34,117,78,41,159,133,106,144,111,75,126,125,117,172,151,120,159,157,158,84,140,140
output_0001056.png,169,169,166,142,108,86,16,21,25,82,93,99,90,55,33,100,79,56,26,50,65,116,132,131,76,108,140
output_0001057.png,194,194,183,16,29,32,110,83,62,129,149,150,61,88,79,18,55,72,116,128,142,25,71,93,150,87,73
output_0001058.png,169,164,158,135,143,143,14,22,27,115,88,68,59,46,40,120,122,134,64,79,86,37,64,86,148,84,69
output_0001059.png,191,191,179,15,27,31,103,81,60,124,145,146,58,86,76,15,53,72,142,89,64,117,126,144,25,71,93
output_0001060.png,190,175,165,40,30,25,147,163,163,137,114,101,133,143,151,97,111,116,93,54,46,79,87,96,180,92,132
output_0001061.png,181,176,168,111,87,78,140,162,160,12,18,22,121,136,141,68,100,107,67,34,24,35,71,88,156,84,92
output_0001062.png,106,122,119,113,143,150,182,158,145,12,15,15,70,101,107,134,157,159,64,39,29,45,74,84,92,140,148
output_0001063.png,186,181,173,142,163,162,112,86,75,12,18,21,117,136,142,66,101,107,68,34,25,37,71,88,164,92,84
output_0001064.png,116,148,152,176,148,136,105,137,142,13,17,17,110,83,65,69,100,106,67,41,27,40,70,80,76,124,137
output_0001065.png,143,160,161,183,174,165,20,20,21,112,134,138,123,95,82,82,100,102,85,44,31,59,71,80,164,92,92
output_0001066.png,20,26,26,180,149,135,94,129,133,111,143,149,125,116,105,63,92,99,83,53,32,153,164,162,92,135,148
output_0001067.png,178,172,167,32,25,22,139,163,167,92,118,124,141,118,107,123,144,154,97,64,52,74,88,97,164,92,96
output_0001068.png,15,22,24,97,128,133,179,151,137,67,41,24,127,150,156,99,68,47,56,77,82,145,115,98,153,164,162
output_0001069.png,175,165,157,37,27,25,133,154,157,128,92,81,108,126,137,93,102,110,94,60,47,76,79,90,156,68,84
output_0001070.png,26,21,19,107,137,142,205,188,175,94,66,46,89,91,88,39,70,76,158,150,144,172,180,166,63,92,108
output_0001071.png,41,30,28,178,163,152,142,162,164,141,107,94,114,135,144,97,109,117,102,69,56,81,86,98,164,100,96
output_0001072.png,191,181,172,117,121,117,12,16,18,88,117,122,113,143,149,146,157,158,74,42,30,56,79,86,100,138,148
output_0001073.png,35,28,26,192,180,172,137,151,160,140,122,111,153,166,170,75,100,107,99,124,128,96,66,50,172,116,92
output_0001074.png,128,129,124,6,7,7,110,77,49,73,50,32,181,181,174,79,86,87,164,163,172,172,158,157,44,60,58
output_0001075.png,158,169,164,123,148,147,9,12,13,102,74,62,102,118,121,59,86,90,56,38,30,33,60,72,140,55,73
output_0001076.png,85,103,103,160,186,182,197,205,191,141,138,125,146,168,167,43,31,22,86,59,38,122,149,148,33,57,64
output_0001077.png,159,170,155,207,206,183,19,23,21,132,125,106,96,107,96,132,147,147,62,83,94,83,75,63,180,140,153
output_0001078.png,42,62,60,186,189,172,96,129,115,135,171,168,113,94,77,11,17,18,28,95,128,85,147,167,159,52,62
output_0001079.png,42,61,60,186,188,171,95,129,116,135,173,170,11,17,18,113,94,78,35,95,127,74,144,167,159,52,62
output_0001080.png,29,34,31,217,213,188,147,131,110,164,180,162,124,150,155,95,87,76,24,87,119,102,125,100,180,124,124
output_0001081.png,198,191,149,38,85,92,155,195,188,144,109,88,78,159,172,91,141,136,16,21,23,23,32,72,184,75,80
output_0001082.png,203,205,182,22,36,40,98,132,122,132,170,164,46,96,118,107,151,165,62,91,82,103,94,77,164,65,75
output_0001083.png,54,85,86,202,191,144,161,200,192,148,120,93,105,169,176,105,152,147,7,22,28,60,117,139,192,80,89
output_0001084.png,43,93,85,198,211,193,127,185,184,8,35,51,112,158,156,141,186,164,120,140,119,62,142,104,182,77,83
output_0001085.png,46,67,79,159,165,146,88,117,123,89,68,61,135,107,90,124,143,135,107,85,66,153,124,99,68,140,81
output_0001086.png,207,218,199,119,143,124,21,40,48,175,204,190,166,192,185,43,83,84,80,75,56,17,59,84,105,87,77
output_0001087.png,151,129,104,35,50,57,181,198,181,114,94,83,54,99,94,102,132,125,88,111,117,132,155,156,127,164,148
output_0001088.png,173,199,188,211,222,203,23,42,43,133,129,109,153,174,168,95,130,109,85,78,65,69,99,104,164,188,124
output_0001089.png,161,167,158,141,107,48,31,29,26,108,58,34,109,124,117,144,109,85,159,128,98,193,204,183,205,208,188
output_0001090.png,30,39,46,172,191,175,145,122,104,115,91,79,117,121,110,119,143,145,68,98,105,50,86,87,124,164,156
output_0001091.png,24,45,48,173,197,186,105,79,65,99,130,112,128,104,81,239,234,210,145,123,108,142,154,124,65,140,140
output_0001092.png,138,153,144,23,28,30,209,213,197,44,91,88,71,108,101,64,110,56,175,197,188,166,186,188,112,94,80
output_0001093.png,134,146,139,24,35,39,47,82,87,211,198,160,48,90,50,76,87,86,102,112,86,164,186,199,179,204,189
output_0001094.png,137,155,146,24,23,23,196,204,189,44,95,96,165,190,189,89,74,56,73,121,115,78,91,87,170,196,178
output_0001095.png,154,147,142,21,35,41,94,106,102,121,144,143,49,73,74,87,72,59,121,130,141,55,82,92,132,60,44
output_0001096.png,128,150,142,23,22,22,190,198,184,37,88,90,80,68,54,63,115,109,67,84,83,156,196,188,153,187,188
output_0001097.png,28,48,53,140,154,136,117,141,122,182,172,156,154,172,155,96,91,74,12,99,120,53,96,93,40,155,168
output_0001098.png,87,125,119,25,23,23,185,193,179,147,157,146,154,175,173,29,83,90,83,64,48,67,76,75,158,189,181
output_0001099.png,153,165,143,84,35,28,41,95,91,138,111,33,146,134,77,94,135,124,125,89,87,180,214,188,171,200,188
output_0001100.png,167,176,161,28,35,36,96,121,108,88,66,53,232,222,197,95,88,65,134,112,92,137,137,113,68,132,120
output_0001101.png,169,134,108,34,38,39,172,180,165,129,94,76,123,135,118,137,148,143,74,93,83,88,107,104,116,165,143
output_0001102.png,168,176,158,27,32,30,97,77,55,100,126,112,232,221,194,143,118,93,107,74,78,66,127,124,150,121,118
output_0001103.png,185,181,166,112,153,148,7,14,18,110,87,68,62,126,127,59,47,37,48,102,101,33,69,79,92,140,116
output_0001104.png,23,44,42,150,165,147,97,65,52,86,121,105,225,229,204,192,213,188,124,104,90,123,88,56,193,204,196
output_0001105.png,16,17,18,129,126,113,68,76,75,182,173,139,93,94,88,105,117,121,92,105,118,153,164,157,130,146,166
output_0001106.png,151,152,145,29,38,38,90,85,59,198,190,170,112,102,89,73,64,54,186,188,171,86,86,82,60,84,89
output_0001107.png,197,183,156,102,84,64,14,15,15,136,148,143,63,54,45,130,131,132,72,79,75,64,67,76,148,76,32
output_0001108.png,197,185,159,38,37,31,134,97,71,159,167,158,91,79,55,144,144,142,69,84,93,104,109,84,172,100,60
output_0001109.png,182,165,137,34,26,27,120,86,63,110,114,121,141,145,144,88,63,48,82,79,84,93,94,96,156,84,44
output_0001110.png,40,42,40,182,148,120,124,82,48,131,131,142,91,58,35,146,149,157,82,87,94,97,102,109,156,76,52
output_0001111.png,22,12,8,101,53,27,195,144,102,136,81,45,156,116,84,74,60,47,65,50,44,132,100,92,124,52,44
output_0001112.png,4,4,4,8,4,4,8,4,4,8,4,4,8,4,4,8,4,4,8,4,4,8,4,4,8,4,4
