frame_path,color_1_r,color_1_g,color_1_b,color_2_r,color_2_g,color_2_b,color_3_r,color_3_g,color_3_b,color_4_r,color_4_g,color_4_b,color_5_r,color_5_g,color_5_b,color_6_r,color_6_g,color_6_b,color_7_r,color_7_g,color_7_b,color_8_r,color_8_g,color_8_b,color_9_r,color_9_g,color_9_b,color_10_r,color_10_g,color_10_b
output_0000001.png,5,10,25,210,243,236,12,45,114,48,195,223,18,97,174,10,30,80,159,84,164,83,19,82,60,82,84
output_0000002.png,62,62,64,133,161,182,193,218,227,133,144,150,116,124,132,122,111,109,101,110,112,164,158,162,157,188,188
output_0000003.png,144,192,215,84,93,96,120,165,194,129,145,153,44,45,38,25,29,25,109,127,145,167,157,154,133,118,117
output_0000004.png,177,200,211,47,51,55,111,124,142,79,86,100,106,98,97,151,144,142,124,117,111,155,164,161,104,132,172
output_0000005.png,105,110,119,139,194,218,111,163,195,25,26,23,45,45,39,158,154,158,64,64,64,42,53,59,138,150,164
output_0000006.png,40,46,46,104,129,145,192,217,227,63,73,80,152,187,210,84,89,91,144,164,180,50,88,109,158,188,195
output_0000007.png,201,222,229,58,62,64,144,162,187,110,126,144,130,144,158,103,117,125,77,94,115,119,121,124,156,159,166
output_0000008.png,47,50,53,179,202,214,108,117,133,80,86,98,154,158,149,105,94,89,151,142,134,118,111,100,92,132,172
output_0000009.png,43,42,37,139,179,202,117,127,133,130,149,170,95,103,113,150,142,141,82,89,91,110,96,85,70,72,79
output_0000010.png,194,219,225,127,156,176,115,142,158,34,34,30,99,114,129,81,89,91,103,101,95,69,74,78,156,168,161
output_0000011.png,164,192,205,43,41,35,109,124,134,75,80,84,102,102,95,145,157,152,101,90,81,150,144,141,96,116,164
output_0000012.png,184,202,213,41,46,48,109,119,138,73,82,94,150,157,162,104,103,104,148,145,151,114,124,172,92,108,108
output_0000013.png,77,84,88,213,233,229,130,150,157,140,169,183,104,124,139,25,32,33,127,124,122,33,49,57,172,171,173
output_0000014.png,73,79,80,130,168,190,177,208,217,123,146,159,93,122,143,158,162,167,120,117,118,28,31,33,196,196,180
output_0000015.png,77,84,90,150,171,185,186,213,220,131,150,162,32,35,35,164,164,163,114,126,145,125,118,117,178,188,180
output_0000016.png,142,168,182,129,132,132,37,49,51,202,212,213,161,216,223,131,117,93,109,123,148,98,128,151,90,90,99
output_0000017.png,118,138,141,183,215,218,23,30,30,142,176,190,46,56,54,64,76,80,37,71,93,69,100,114,173,176,164
output_0000018.png,178,206,210,24,32,32,116,147,162,105,123,124,141,135,120,55,92,117,85,87,79,57,73,73,130,175,61
output_0000019.png,77,87,96,176,210,223,137,171,192,125,148,162,25,30,33,29,35,44,125,127,132,164,165,170,172,188,180
output_0000020.png,166,195,211,44,51,58,106,126,148,153,160,167,143,131,140,68,87,107,110,112,119,108,83,94,111,148,180
output_0000021.png,77,80,88,27,32,32,186,215,227,108,109,121,76,109,136,118,139,162,144,144,158,154,161,175,132,108,60
output_0000022.png,137,156,172,41,57,68,187,212,224,62,88,106,83,88,87,174,199,216,88,99,112,95,125,150,190,194,208
output_0000023.png,135,161,183,32,37,43,171,202,215,117,133,149,89,105,126,104,95,96,151,151,156,74,87,101,169,180,180
output_0000024.png,55,63,69,188,217,228,128,144,161,163,174,183,112,109,117,123,127,135,158,155,165,91,106,123,135,164,196
output_0000025.png,44,52,60,166,194,209,132,157,179,120,133,148,153,152,156,87,108,131,112,92,98,80,94,108,164,172,164
output_0000026.png,176,212,220,59,74,84,72,95,112,116,132,141,80,112,131,144,165,173,111,145,167,118,163,184,100,108,100
output_0000027.png,57,67,76,142,183,198,97,115,127,203,226,229,73,92,99,56,97,114,125,141,146,98,168,194,179,220,224
output_0000028.png,113,132,137,197,221,220,34,41,40,144,180,194,53,62,58,178,178,167,67,77,77,39,73,84,189,196,180
output_0000029.png,178,205,208,141,166,170,25,32,31,156,151,141,111,130,133,81,101,106,59,81,83,94,89,84,178,180,164
output_0000030.png,45,55,57,182,210,212,138,167,175,126,144,146,161,159,153,86,118,130,121,98,98,86,104,106,177,180,164
output_0000031.png,159,154,146,177,204,206,25,31,31,110,134,139,141,168,174,78,104,111,60,84,88,94,93,90,180,180,164
output_0000032.png,92,139,161,41,51,49,189,203,202,77,86,86,53,66,70,143,154,154,149,191,204,155,196,195,34,77,89
output_0000033.png,75,121,127,32,46,43,197,217,211,56,72,64,145,169,166,145,198,203,97,170,184,27,107,127,113,187,204
output_0000034.png,16,47,98,71,137,200,122,184,229,63,113,173,32,90,159,11,24,43,70,90,133,116,132,180,44,164,196
output_0000035.png,17,31,42,26,125,197,109,198,234,19,57,102,26,80,146,87,150,203,130,166,213,12,51,135,96,184,204
output_0000036.png,18,31,40,40,138,202,127,205,237,12,46,100,17,74,152,23,68,111,128,173,217,53,101,146,97,188,204
output_0000037.png,203,208,196,26,29,27,105,99,69,144,86,81,67,63,38,126,140,125,33,97,155,37,66,96,46,87,113
output_0000038.png,199,182,125,16,16,14,152,118,37,106,82,29,62,50,23,17,81,159,28,55,89,140,140,112,76,84,84
output_0000039.png,169,149,65,203,212,195,21,24,18,106,91,31,62,55,22,132,132,79,20,44,52,164,172,140,76,84,40
output_0000040.png,193,179,121,17,21,22,97,85,53,113,119,139,58,55,39,27,57,87,131,140,149,68,84,106,140,84,20
output_0000041.png,189,173,121,16,19,18,102,85,42,57,55,34,20,55,89,32,88,149,140,92,14,106,144,162,60,91,103
output_0000042.png,203,199,165,163,131,46,25,30,29,108,125,153,105,99,80,95,76,34,53,74,94,61,64,57,91,156,191
output_0000043.png,10,12,14,181,161,99,42,83,137,97,79,32,20,46,79,52,45,23,99,132,192,25,44,54,36,76,105
output_0000044.png,175,158,96,146,145,103,33,34,29,169,186,155,128,115,76,95,98,72,151,171,148,82,79,57,99,116,98
output_0000045.png,52,62,60,92,72,57,177,229,227,188,175,121,95,129,127,133,108,69,151,134,97,41,209,221,224,228,198
output_0000046.png,64,74,67,199,225,208,127,196,195,127,117,89,85,134,136,92,159,167,71,111,119,15,22,21,164,124,91
output_0000047.png,75,86,79,194,230,220,204,196,144,151,134,93,109,153,152,154,185,168,112,136,116,30,29,19,188,100,124
output_0000048.png,76,84,75,207,220,194,129,190,187,147,143,108,100,151,147,163,184,148,81,124,129,19,24,19,187,150,84
output_0000049.png,131,119,80,51,53,49,215,231,209,201,211,163,165,175,145,80,66,54,214,215,157,186,164,97,57,162,179
output_0000050.png,81,87,76,207,213,179,142,202,200,158,141,97,106,148,141,168,183,151,79,123,129,24,46,47,189,138,71
output_0000051.png,67,71,56,187,200,177,120,134,109,145,182,167,119,111,87,88,113,109,131,163,156,17,20,15,28,36,28
output_0000052.png,203,227,205,42,51,48,81,69,60,134,122,94,95,115,105,120,94,60,168,162,111,133,179,166,47,168,174
output_0000053.png,89,90,71,207,183,130,32,37,38,156,150,108,51,38,39,150,116,69,145,105,112,172,180,146,165,168,148
output_0000054.png,105,82,55,42,51,48,201,236,225,161,153,111,100,138,131,91,93,84,138,196,191,49,151,167,132,162,158
output_0000055.png,204,202,158,94,94,66,177,183,141,37,37,32,164,162,123,160,148,95,54,43,42,129,143,99,167,170,156
output_0000056.png,156,216,217,209,235,218,68,69,60,112,146,132,163,145,104,171,186,145,126,100,70,200,178,103,89,119,123
output_0000057.png,85,92,70,144,125,93,35,37,37,189,156,101,34,54,47,158,164,118,119,133,95,117,131,111,148,154,140
output_0000058.png,205,185,148,49,49,45,126,105,75,150,160,125,91,77,59,96,111,90,164,92,103,135,148,148,91,99,100
output_0000059.png,205,201,141,55,58,47,169,196,183,114,133,126,163,145,107,129,123,89,113,99,72,88,95,71,112,148,164
output_0000060.png,199,199,169,53,56,49,133,119,97,142,174,155,92,84,73,96,124,118,82,106,108,128,155,156,164,100,83
output_0000061.png,200,201,165,58,68,62,143,125,92,139,191,183,101,94,79,95,135,130,71,111,118,98,161,165,172,92,76
output_0000062.png,45,44,31,147,135,108,181,191,185,161,167,160,110,98,69,84,89,74,122,117,91,153,155,156,113,107,100
output_0000063.png,48,45,34,196,201,179,180,153,113,146,145,113,139,105,55,154,161,158,86,104,104,103,103,73,148,180,182
output_0000064.png,199,203,190,49,50,43,149,141,120,181,156,120,135,110,78,161,165,169,94,106,117,101,81,55,107,104,87
output_0000065.png,185,175,146,46,48,41,139,120,84,155,159,147,158,162,123,108,114,98,101,86,47,82,91,96,181,139,47
output_0000066.png,193,193,177,48,48,40,135,136,123,178,146,104,128,104,74,149,160,167,86,110,116,90,73,51,96,97,85
output_0000067.png,178,161,133,34,35,29,116,109,85,134,144,133,77,72,51,88,93,76,61,77,90,115,129,134,148,76,76
output_0000068.png,185,192,170,48,45,36,176,145,101,137,139,120,131,100,65,90,103,111,145,155,158,91,90,74,212,178,63
output_0000069.png,40,44,39,191,198,184,167,141,97,126,130,108,198,173,125,122,96,62,72,100,108,83,89,72,81,68,47
output_0000070.png,46,46,39,163,180,163,195,185,153,149,128,94,109,118,114,105,81,53,79,92,106,136,148,157,180,124,98
output_0000071.png,31,37,37,113,127,123,194,195,164,119,85,45,70,55,43,158,143,106,72,78,79,171,180,142,153,164,166
output_0000072.png,210,201,158,102,70,43,178,189,177,32,33,27,156,137,97,155,157,153,164,102,38,119,109,106,196,108,16
output_0000073.png,189,184,148,138,159,155,27,33,34,123,141,140,127,115,89,92,107,109,74,85,92,82,68,52,164,100,84
output_0000074.png,102,99,78,199,201,163,189,164,119,32,33,27,156,164,128,49,55,45,97,72,31,157,132,93,163,172,167
output_0000075.png,126,136,124,31,36,37,195,193,161,118,86,47,73,54,35,73,83,89,143,164,164,169,181,153,52,84,92
output_0000076.png,195,196,157,96,88,65,31,34,29,187,160,109,143,147,126,157,131,83,160,166,160,56,42,29,134,142,101
output_0000077.png,105,119,116,193,187,157,31,32,29,159,167,158,65,53,43,136,154,157,117,84,44,151,133,99,172,116,64
output_0000078.png,42,44,33,150,132,91,196,182,142,146,160,158,161,175,169,113,126,123,82,99,100,107,83,44,180,124,68
output_0000079.png,185,185,162,41,39,29,137,138,115,173,149,110,129,99,58,146,159,162,94,94,67,96,110,102,92,64,34
output_0000080.png,185,170,130,51,51,43,148,125,82,156,161,154,76,94,98,98,112,113,130,140,146,102,83,55,172,108,92
output_0000081.png,198,203,186,51,50,40,173,148,101,128,101,63,144,133,108,144,154,159,76,94,110,98,96,78,225,181,45
output_0000082.png,170,148,107,38,44,40,118,107,80,114,140,147,73,104,111,55,87,97,83,71,50,190,201,190,138,148,123
output_0000083.png,185,181,144,123,118,87,25,28,25,157,168,138,145,150,138,53,40,24,60,60,43,93,62,22,88,70,46
output_0000084.png,179,154,110,39,44,40,125,111,82,79,105,108,142,149,127,83,75,52,57,87,97,110,136,143,156,100,68
output_0000085.png,44,41,29,177,184,152,142,140,109,171,152,117,122,99,61,149,160,152,88,90,67,91,99,94,148,172,152
output_0000086.png,126,139,133,40,39,33,195,185,153,83,61,40,121,89,49,78,90,89,101,93,84,161,172,175,172,188,186
output_0000087.png,83,61,47,204,202,183,25,29,29,138,145,153,96,102,111,149,80,33,140,132,111,163,171,162,180,100,68
output_0000088.png,197,195,158,48,44,32,165,178,160,147,135,98,145,155,154,114,122,106,86,96,101,109,79,40,86,88,69
output_0000089.png,124,137,133,196,183,149,43,39,32,116,84,45,82,84,82,59,72,74,83,101,102,162,172,175,172,188,186
output_0000090.png,73,68,52,199,199,162,189,166,121,151,153,119,146,116,71,110,117,115,112,116,86,22,26,24,162,172,166
output_0000091.png,174,189,170,44,41,34,145,135,102,180,147,102,114,122,107,105,80,48,144,158,153,93,101,99,124,172,179
output_0000092.png,180,158,116,40,44,38,126,111,77,145,151,126,85,73,49,89,105,99,107,134,143,61,87,95,156,84,74
output_0000093.png,73,68,52,203,197,162,190,168,124,151,151,122,146,116,72,111,119,116,112,116,85,162,172,167,22,26,24
output_0000094.png,36,37,26,192,191,174,128,113,84,162,136,94,86,75,47,142,146,141,98,101,81,140,156,141,90,91,85
output_0000095.png,158,151,126,24,30,29,99,96,79,96,129,136,61,51,31,68,99,103,119,144,139,63,73,62,58,83,85
output_0000096.png,128,113,86,23,27,20,56,49,29,73,71,51,74,64,34,156,137,106,160,148,120,146,145,139,44,60,47
output_0000097.png,160,154,131,27,32,24,108,97,69,116,148,147,70,62,37,77,99,88,140,92,22,106,131,140,66,83,86
output_0000098.png,41,47,43,181,164,128,135,125,91,94,83,57,72,98,105,150,171,173,102,122,120,132,149,160,164,100,100
output_0000099.png,51,48,35,183,188,146,135,138,109,177,145,106,126,101,69,94,98,76,98,106,96,148,152,143,148,172,164
output_0000100.png,170,146,114,30,32,28,111,99,77,128,137,128,118,122,118,69,63,48,82,85,70,46,63,80,140,84,62
output_0000101.png,52,45,37,192,193,171,147,131,105,177,154,121,118,121,104,109,87,63,157,160,158,102,104,102,148,172,174
output_0000102.png,151,129,97,32,33,26,120,122,105,102,90,66,99,104,105,64,60,43,73,76,59,44,61,72,132,76,60
output_0000103.png,47,41,34,141,123,97,195,195,172,176,154,119,109,111,95,156,158,151,101,81,59,93,96,94,148,173,175
output_0000104.png,48,49,42,167,146,109,178,187,172,126,133,124,138,153,155,121,101,73,91,104,107,90,95,86,132,172,168
output_0000105.png,21,25,21,110,104,97,91,93,90,76,72,64,56,60,52,83,83,84,40,45,36,52,51,42,50,52,52
output_0000106.png,174,183,165,34,34,27,116,116,98,148,135,102,101,83,54,74,74,60,129,144,151,63,79,94,183,156,66
output_0000107.png,200,201,185,36,40,35,131,128,101,171,138,96,121,93,51,147,157,160,77,87,72,84,64,37,87,99,107
output_0000108.png,45,46,40,200,197,172,148,133,101,164,170,154,104,91,65,118,121,102,90,99,107,136,148,158,180,100,40
output_0000109.png,178,156,112,40,43,39,126,117,86,85,76,51,62,91,99,84,112,115,144,159,144,119,145,150,156,92,75
output_0000110.png,53,50,39,188,192,169,181,152,110,146,128,93,94,99,98,148,157,153,113,122,109,110,85,51,124,172,172
output_0000111.png,181,165,138,34,36,31,115,109,88,133,144,134,77,70,54,51,78,89,86,95,85,117,129,134,148,92,71
output_0000112.png,47,45,39,177,178,147,148,161,137,134,118,84,105,109,93,102,75,44,111,132,135,78,87,87,164,116,80
output_0000113.png,161,148,122,33,35,29,109,101,75,127,137,124,82,85,63,74,69,47,51,70,88,107,123,133,140,76,65
output_0000114.png,39,47,44,174,147,102,126,113,81,86,75,52,89,111,112,66,95,104,134,158,164,117,142,156,156,92,50
output_0000115.png,76,71,55,196,199,177,146,135,102,178,150,99,151,158,160,22,26,24,101,105,106,120,127,111,220,179,46
output_0000116.png,81,74,54,176,180,143,27,30,28,174,140,93,131,145,151,131,133,111,135,107,64,46,34,24,132,164,173
output_0000117.png,44,48,43,202,191,158,178,147,99,138,137,106,131,104,64,77,102,108,90,73,49,95,97,72,143,155,161
output_0000118.png,179,164,129,38,39,34,124,102,70,141,144,125,84,68,46,118,124,117,94,95,86,52,71,80,156,92,84
output_0000119.png,191,186,163,25,26,22,162,125,82,119,112,84,112,79,41,80,65,37,134,140,143,55,84,92,196,156,84
output_0000120.png,190,175,132,82,77,56,26,30,28,158,169,147,133,135,119,145,116,67,139,149,153,120,126,87,46,35,25
output_0000121.png,177,157,113,40,44,39,125,111,80,139,149,128,83,106,106,83,74,49,112,136,142,61,87,95,156,92,100
output_0000122.png,43,46,37,199,188,153,162,165,129,142,129,104,114,116,99,102,80,51,90,97,94,147,146,149,180,116,88
output_0000123.png,46,51,45,187,172,142,150,129,94,157,164,136,110,92,64,88,100,106,113,120,108,121,130,144,172,108,100
output_0000124.png,175,164,132,38,39,34,121,100,69,139,148,138,84,67,42,120,128,125,93,99,92,70,81,84,164,92,92
output_0000125.png,34,34,27,174,148,113,116,106,80,135,142,128,126,129,118,77,71,50,90,92,71,64,74,80,148,84,68
output_0000126.png,190,192,167,49,46,36,139,138,113,174,145,103,153,156,153,94,101,100,136,103,65,102,82,49,196,172,84
output_0000127.png,156,211,230,4,12,13,12,52,91,11,33,53,76,108,124,76,100,116,56,60,52,21,36,35,52,46,44
output_0000128.png,89,67,28,199,179,118,28,26,15,150,131,75,136,93,28,161,157,119,88,102,80,46,27,16,156,148,124
output_0000129.png,84,77,39,199,194,157,147,125,70,161,158,127,39,42,26,150,146,127,121,117,81,115,107,84,172,108,33
output_0000130.png,83,75,40,181,173,146,30,30,21,142,143,127,140,109,60,105,111,91,154,157,140,47,35,20,123,116,58
output_0000131.png,194,187,148,65,56,31,127,106,55,147,149,128,106,101,62,17,21,15,143,140,125,97,90,76,156,92,30
output_0000132.png,86,67,38,209,176,84,27,30,23,145,119,68,166,153,97,130,122,102,147,92,24,46,28,17,180,92,16
output_0000133.png,191,153,69,22,26,22,114,88,43,71,55,26,50,65,73,80,84,77,118,119,109,137,132,101,149,84,11
output_0000134.png,185,151,72,33,31,18,114,88,38,76,60,27,82,84,60,124,127,108,152,64,16,138,140,102,68,74,68
output_0000135.png,40,41,33,208,170,85,151,120,59,112,95,54,84,87,74,121,116,82,88,98,109,172,156,103,180,116,20
output_0000136.png,7,11,12,103,135,182,17,42,83,15,29,47,92,108,108,22,36,35,92,92,100,46,49,52,52,60,60
output_0000137.png,184,152,74,33,31,18,113,88,40,76,61,28,81,86,63,149,76,13,136,129,108,140,140,100,72,76,68
output_0000138.png,178,147,58,30,28,19,111,86,33,69,53,21,79,86,64,121,118,101,132,132,90,69,74,62,140,68,28
output_0000139.png,40,33,18,178,152,71,101,86,40,90,63,24,130,95,29,151,121,45,135,112,45,155,119,25,207,182,101
output_0000140.png,19,28,25,79,129,106,92,63,25,153,105,30,47,78,69,58,40,20,31,58,68,31,54,55,54,100,100
output_0000141.png,100,129,120,108,100,71,79,72,57,35,44,40,213,231,223,183,158,114,143,185,185,149,156,156,40,152,160
output_0000142.png,54,68,58,182,186,160,211,231,230,72,99,94,121,109,64,110,118,104,115,143,139,161,148,101,220,222,194
output_0000143.png,178,174,135,44,54,49,63,93,93,107,95,51,216,236,228,104,104,85,108,141,132,217,220,182,12,68,116
output_0000144.png,88,80,59,64,110,113,192,226,224,151,147,120,110,107,88,113,160,163,203,194,166,173,130,75,175,160,154
output_0000145.png,101,127,121,213,216,201,162,206,206,165,154,131,38,53,52,132,181,194,76,81,57,48,83,80,190,113,112
output_0000146.png,213,233,224,174,174,136,40,58,58,89,107,97,116,95,43,76,64,48,131,109,80,161,141,77,220,208,155
output_0000147.png,67,75,58,180,206,203,67,101,100,141,139,111,190,182,144,117,157,162,220,231,225,93,91,85,146,139,135
output_0000148.png,91,100,74,203,215,195,192,159,108,137,170,172,117,143,137,30,36,31,40,59,52,151,153,109,207,188,132
output_0000149.png,46,53,36,202,201,158,95,85,46,95,108,88,72,65,41,127,115,75,157,144,90,132,164,152,163,153,113
output_0000150.png,215,210,167,87,88,61,160,188,181,155,140,99,158,197,140,119,148,134,218,148,39,28,36,28,102,123,121
output_0000151.png,166,122,43,60,63,44,120,130,101,191,221,217,57,102,100,177,215,169,205,172,118,154,187,183,145,190,133
output_0000152.png,208,201,150,71,78,58,151,138,88,156,183,154,72,114,113,100,139,132,117,158,158,25,40,35,180,100,30
output_0000153.png,114,122,96,44,63,56,187,213,211,213,185,122,132,163,163,76,63,38,142,122,31,169,200,161,60,148,140
output_0000154.png,191,185,141,20,24,20,104,102,67,116,153,142,61,62,40,67,95,83,80,125,142,140,80,12,39,75,88
output_0000155.png,133,128,88,205,197,153,32,39,31,170,195,163,65,71,51,126,160,152,89,80,49,54,50,35,84,71,26
output_0000156.png,86,77,42,201,195,159,74,113,103,191,212,209,130,127,102,122,159,152,169,119,31,108,96,83,175,159,99
output_0000157.png,180,211,212,81,91,83,200,162,77,126,149,152,156,137,76,160,184,170,60,53,35,122,144,116,108,164,189
output_0000158.png,212,202,156,144,135,92,36,42,32,177,204,171,75,78,55,63,58,39,99,88,55,136,169,160,94,80,33
output_0000159.png,101,100,81,196,216,212,208,189,128,136,146,144,41,42,37,159,142,97,168,186,147,61,51,44,116,122,180
output_0000160.png,208,208,166,111,104,68,193,172,117,31,36,29,52,58,41,158,160,126,162,140,87,134,169,160,170,158,101
output_0000161.png,101,101,83,192,216,211,198,198,148,190,153,93,132,144,144,44,42,37,148,152,114,50,71,71,116,108,180
output_0000162.png,55,50,30,187,183,154,128,106,66,160,133,84,95,89,61,18,21,16,106,110,87,99,97,85,136,142,144
output_0000163.png,190,213,208,84,79,64,195,171,119,35,35,31,118,131,137,136,132,99,153,173,139,145,107,67,108,121,172
output_0000164.png,200,194,163,54,60,41,131,113,68,148,164,140,96,113,90,99,87,48,168,93,50,130,147,140,79,99,92
output_0000165.png,183,178,146,122,107,57,52,57,36,209,215,201,158,143,91,117,117,88,139,121,81,220,212,179,118,92,76
output_0000166.png,202,198,170,55,59,40,130,120,79,153,167,143,99,90,54,101,120,99,88,106,93,142,155,148,166,94,58
output_0000167.png,191,175,132,29,32,19,131,113,63,153,150,110,80,70,29,96,94,52,150,134,126,165,83,29,86,82,68
output_0000168.png,94,89,70,214,212,175,177,207,205,163,149,108,146,138,178,106,115,127,131,145,126,33,37,35,200,103,20
output_0000169.png,45,66,68,185,214,210,108,101,74,213,165,78,130,153,147,211,205,131,171,167,80,167,131,74,72,52,35
output_0000170.png,181,177,145,48,52,41,131,115,84,144,166,155,92,80,55,97,114,102,149,159,132,79,96,101,165,111,64
output_0000171.png,144,138,106,42,46,33,212,197,150,190,211,196,73,63,41,84,92,73,161,173,164,96,90,39,174,206,176
output_0000172.png,61,67,59,206,197,153,159,204,210,155,137,89,88,128,139,166,178,125,117,101,70,122,131,100,212,154,37
output_0000173.png,93,88,71,213,218,190,173,201,210,161,146,108,112,125,138,174,185,134,213,158,51,32,38,36,135,145,104
output_0000174.png,146,142,111,43,48,35,211,195,145,188,206,190,83,90,73,72,58,37,97,86,38,179,198,163,104,90,62
output_0000175.png,49,51,39,177,182,152,164,133,96,112,91,61,122,128,103,81,91,77,131,152,150,81,103,103,211,164,92
output_0000176.png,121,109,76,49,48,34,221,225,195,218,207,153,180,158,107,188,194,157,164,167,145,77,58,40,144,172,180
output_0000177.png,188,177,136,220,219,196,125,109,55,132,123,84,63,58,41,158,141,86,224,220,177,149,123,76,97,100,72
output_0000178.png,178,173,136,51,56,44,99,87,53,103,106,86,198,222,203,131,119,88,88,83,71,221,213,174,76,112,108
output_0000179.png,101,105,88,179,218,227,204,178,89,117,146,152,162,186,158,38,71,87,158,138,94,66,56,42,92,186,207
output_0000180.png,48,53,41,174,168,132,100,104,84,82,72,51,199,222,202,100,91,55,201,214,179,129,112,82,221,213,174
output_0000181.png,72,72,57,196,186,147,150,141,105,161,177,162,117,128,109,169,173,138,26,37,36,104,114,108,186,125,66
output_0000182.png,94,91,74,215,214,179,176,209,208,162,150,114,145,139,183,130,146,129,104,114,136,31,38,37,201,101,21
output_0000183.png,193,186,156,52,56,49,167,156,124,131,134,113,116,106,79,91,97,81,143,160,160,92,110,112,188,174,108
output_0000184.png,176,217,226,115,117,98,207,175,85,86,68,41,42,77,93,128,154,158,165,192,168,73,66,69,92,184,212
output_0000185.png,185,182,141,101,93,51,131,123,80,215,223,201,160,146,87,138,142,99,215,220,183,98,104,73,88,87,69
output_0000186.png,60,87,91,193,209,195,65,63,44,148,130,92,114,136,134,106,94,82,180,167,136,157,148,40,157,143,124
output_0000187.png,80,74,56,160,153,84,201,232,229,128,146,143,198,192,145,161,154,137,85,125,126,159,208,210,76,108,132
output_0000188.png,214,237,226,187,173,131,53,55,53,116,143,143,142,125,94,140,176,167,102,93,80,104,118,108,102,181,190
output_0000189.png,153,147,124,33,35,27,103,99,65,83,84,50,74,66,39,123,132,103,135,97,46,114,124,124,65,75,76
output_0000190.png,183,202,204,34,41,35,158,135,96,112,142,165,123,126,106,113,94,58,78,67,42,81,99,109,79,87,73
output_0000191.png,189,207,207,47,50,40,143,161,173,140,142,125,124,113,88,173,154,114,91,83,61,102,104,86,92,110,120
output_0000192.png,153,164,131,32,34,24,103,109,78,130,120,88,93,75,44,122,127,118,70,73,45,72,78,76,156,148,60
output_0000193.png,195,213,209,34,35,28,130,127,109,141,157,165,164,150,124,109,98,74,82,82,65,86,93,98,193,176,70
output_0000194.png,49,51,41,194,227,224,111,152,166,108,99,72,165,140,111,119,130,118,91,108,108,88,94,75,180,172,116
output_0000195.png,59,60,39,153,157,123,114,115,83,96,104,81,131,140,100,17,23,21,77,89,88,112,124,126,28,20,24
output_0000196.png,45,48,40,200,232,227,116,124,112,114,153,166,87,92,74,166,143,119,78,100,108,117,100,72,184,172,132
output_0000197.png,190,211,210,33,37,33,148,157,159,122,119,104,160,143,110,103,91,69,77,79,69,189,176,76,72,90,96
output_0000198.png,50,54,45,192,225,222,117,131,124,113,108,84,91,98,79,88,108,115,164,138,117,94,132,164,170,172,152
output_0000199.png,20,21,17,140,141,122,86,74,35,80,79,60,48,55,47,108,101,68,103,107,93,166,172,150,83,92,78
output_0000200.png,39,41,32,126,122,92,145,151,123,158,158,148,102,107,78,90,82,51,158,138,118,74,77,48,87,91,92
output_0000201.png,190,214,214,34,37,32,146,155,159,160,141,109,111,97,75,126,125,114,81,81,68,82,93,98,191,178,79
output_0000202.png,49,52,44,200,232,228,111,151,166,113,108,87,119,130,119,91,97,77,166,143,119,78,102,111,168,172,140
output_0000203.png,190,212,213,34,36,31,148,156,159,159,143,114,126,126,115,110,96,74,81,81,68,81,93,99,191,178,83
output_0000204.png,46,51,44,199,230,226,163,134,91,109,103,80,116,131,123,110,155,171,84,107,116,85,95,79,172,172,116
output_0000205.png,33,36,28,144,141,118,128,134,105,116,112,77,95,98,66,82,75,45,119,122,108,66,70,41,59,68,70
output_0000206.png,49,51,39,188,213,212,139,141,122,132,155,166,125,102,59,168,150,113,84,104,111,97,96,70,191,179,81
output_0000207.png,149,149,113,27,30,25,99,94,60,122,125,88,68,67,41,76,84,49,133,76,78,76,76,68,124,92,108
output_0000208.png,191,218,218,35,39,35,131,154,167,160,144,103,119,127,120,112,91,48,85,100,108,78,82,67,194,180,87
output_0000209.png,116,112,73,25,29,24,80,78,44,91,100,61,55,55,32,59,68,38,89,92,76,53,55,52,100,52,32
output_0000210.png,132,136,111,50,46,30,24,26,19,77,65,39,70,75,60,95,102,84,91,81,60,98,94,65,36,52,53
output_0000211.png,188,213,212,44,45,35,137,156,165,127,129,117,161,152,125,117,96,61,87,89,72,80,99,108,192,176,77
output_0000212.png,40,43,31,182,201,198,119,122,95,147,138,114,99,88,58,142,150,153,72,81,59,79,92,98,172,164,92
output_0000213.png,34,40,38,143,171,169,75,110,127,168,151,104,50,79,96,103,88,55,125,149,143,111,113,86,73,78,65
output_0000214.png,185,209,208,44,45,35,136,155,165,127,131,119,161,153,126,117,95,57,88,90,73,78,99,109,188,177,81
output_0000215.png,180,197,194,40,43,31,122,123,96,152,138,115,78,83,58,106,91,62,135,145,151,78,94,97,164,156,100
output_0000216.png,75,82,80,156,167,163,27,31,28,160,141,115,125,139,141,61,53,32,122,148,167,99,119,130,34,49,51
output_0000217.png,158,167,162,34,41,35,118,136,144,101,111,107,152,121,79,107,80,41,70,80,66,68,85,96,73,61,37
output_0000218.png,70,91,88,174,196,193,58,47,29,132,140,132,157,172,162,158,155,144,102,129,134,141,164,172,34,51,52
output_0000219.png,39,45,36,88,120,123,185,200,190,169,151,107,112,95,62,83,76,49,108,147,156,87,100,80,136,157,141
output_0000220.png,46,52,42,187,188,151,164,151,110,125,132,108,121,101,60,85,99,85,90,113,110,90,77,48,120,158,171
output_0000221.png,196,215,202,47,50,40,110,155,162,105,135,127,168,147,96,69,108,112,119,100,62,198,176,65,83,95,76
output_0000222.png,198,210,195,44,44,35,177,163,140,135,146,130,154,175,175,129,109,87,83,100,91,78,114,125,190,188,140
output_0000223.png,178,189,171,46,46,33,162,136,91,109,147,149,114,89,52,114,125,110,73,95,95,84,86,65,196,164,84
output_0000224.png,152,177,175,51,46,35,191,194,175,122,147,147,148,115,74,107,120,111,110,81,46,83,96,96,180,108,112
output_0000225.png,115,83,44,31,35,28,169,178,165,177,158,115,157,126,83,81,62,36,79,101,98,60,83,85,81,124,140
output_0000226.png,185,196,182,150,176,172,46,46,38,136,109,82,94,74,54,98,118,115,68,90,98,147,157,136,175,134,86
output_0000227.png,189,197,181,48,47,42,171,145,106,126,128,112,118,87,57,111,156,165,84,88,79,79,100,104,186,174,82
output_0000228.png,202,212,198,48,50,45,133,138,125,182,155,116,150,166,162,95,106,106,136,103,73,100,85,66,37,180,215
output_0000229.png,190,198,182,50,49,43,172,146,105,128,129,111,118,89,60,108,156,166,85,88,79,80,100,105,189,175,82
output_0000230.png,198,211,200,46,49,42,127,133,117,170,152,122,138,160,159,92,80,61,125,96,68,85,103,103,108,172,164
output_0000231.png,189,198,183,43,46,43,133,130,112,177,149,107,111,156,164,96,75,55,125,96,65,86,102,104,189,174,80
output_0000232.png,55,53,46,201,211,197,182,155,113,137,144,130,148,165,162,98,111,110,138,109,78,97,96,80,140,180,176
output_0000233.png,203,200,175,37,38,32,163,128,82,115,109,92,104,81,57,71,76,68,114,139,145,67,87,96,100,156,156
output_0000234.png,167,190,184,40,40,34,142,150,137,101,85,66,109,120,114,121,142,136,69,76,73,81,92,88,84,164,188
output_0000235.png,201,210,192,38,38,33,169,135,86,126,121,104,120,86,51,86,70,54,133,151,150,195,169,82,79,93,96
output_0000236.png,157,169,160,38,36,32,78,53,36,111,87,63,90,100,97,151,125,100,198,182,154,123,105,91,31,150,172
output_0000237.png,41,45,40,180,188,171,91,65,39,144,107,54,101,107,102,131,141,134,163,145,103,133,119,102,34,145,177
output_0000238.png,198,209,193,45,43,36,166,139,104,125,120,105,119,85,51,90,73,55,128,150,151,81,92,96,108,164,170
output_0000239.png,150,167,160,39,39,33,84,61,39,124,99,55,91,103,98,127,108,87,162,133,94,207,188,156,183,204,194
output_0000240.png,78,93,61,148,177,113,167,219,223,57,112,114,109,190,205,91,96,87,164,166,71,130,154,157,212,229,204
output_0000241.png,186,212,191,39,42,37,163,137,108,86,119,109,84,154,165,107,84,62,33,92,109,60,83,69,140,180,84
output_0000242.png,198,217,204,168,151,121,36,46,38,56,114,127,114,93,68,60,149,174,35,79,87,121,164,153,77,109,93
output_0000243.png,194,206,193,114,182,185,40,49,47,68,151,164,80,131,134,24,92,116,116,87,69,73,87,80,157,101,69
output_0000244.png,40,33,24,191,143,26,112,74,21,83,54,24,91,76,27,140,116,36,149,67,10,58,53,52,124,108,92
output_0000245.png,204,171,111,31,30,23,120,89,47,81,62,35,138,155,159,116,132,144,72,79,87,84,98,107,164,84,20
output_0000246.png,97,64,31,90,81,63,116,70,24,63,45,30,52,43,33,16,11,8,101,107,106,76,44,25,106,100,79
output_0000247.png,165,158,124,29,28,21,103,88,56,120,135,94,45,88,140,66,46,24,73,95,76,37,60,73,132,68,30
output_0000248.png,75,56,34,178,145,81,27,28,29,147,155,130,120,122,96,123,133,118,144,95,32,101,103,87,164,92,25
output_0000249.png,177,190,170,179,157,66,42,52,47,135,110,45,59,124,127,96,76,38,51,103,107,150,166,140,38,167,191
output_0000250.png,107,110,86,210,199,112,165,183,170,31,36,30,72,43,21,117,87,25,173,181,149,162,160,126,144,150,123
output_0000251.png,94,84,46,186,180,122,168,180,156,24,31,32,94,143,142,158,132,54,86,123,116,54,40,30,180,116,56
output_0000252.png,185,166,102,74,77,55,146,121,70,91,116,106,145,158,151,162,174,147,22,28,25,115,133,114,36,27,20
output_0000253.png,149,122,61,50,60,56,203,221,217,99,62,27,214,180,86,152,158,142,90,89,64,185,198,143,124,180,183
output_0000254.png,36,40,35,175,158,101,134,168,152,139,119,70,99,79,46,103,124,102,176,212,185,127,163,121,68,90,100
output_0000255.png,183,205,200,52,51,40,171,138,76,119,104,79,128,132,111,59,93,120,144,158,161,93,97,75,195,172,62
output_0000256.png,66,61,42,182,191,160,181,147,54,120,128,104,130,149,144,92,102,96,123,95,53,18,23,23,100,164,151
output_0000257.png,170,138,100,113,75,38,25,30,28,40,105,140,84,142,165,71,53,33,34,66,88,65,89,97,140,84,36
output_0000258.png,51,50,42,180,202,198,192,146,27,173,168,133,113,116,96,224,207,131,109,64,37,228,184,37,83,160,150
output_0000259.png,95,150,171,36,47,51,204,166,56,126,105,66,57,99,126,117,155,137,177,207,198,86,72,51,87,107,93
output_0000260.png,168,164,140,31,31,26,150,118,70,101,74,37,97,109,81,92,120,128,73,75,47,46,79,85,175,148,37
output_0000261.png,41,50,48,194,185,108,175,151,80,134,138,103,165,198,188,127,101,48,51,98,121,96,73,43,95,100,82
output_0000262.png,182,194,161,53,53,44,179,146,59,103,147,161,138,139,106,130,99,54,63,97,111,94,99,80,205,175,44
output_0000263.png,95,125,115,146,130,95,21,26,27,96,74,48,50,86,118,58,74,71,57,42,27,16,49,82,125,54,18
output_0000264.png,75,73,51,187,204,192,187,156,74,134,145,122,143,166,162,131,113,74,101,116,114,31,27,19,77,185,209
output_0000265.png,76,64,34,142,193,158,184,182,147,141,110,61,103,139,86,141,151,137,27,28,23,95,100,88,172,116,73
output_0000266.png,162,150,113,108,103,82,20,33,38,74,116,118,114,154,161,59,116,151,72,61,43,20,69,110,140,76,60
output_0000267.png,56,57,42,207,193,120,145,197,176,156,133,84,98,144,115,131,163,160,118,93,53,88,105,108,188,116,18
output_0000268.png,184,194,157,51,53,43,177,146,58,139,137,97,132,103,47,99,144,158,60,96,111,94,99,80,108,172,176
output_0000269.png,196,197,140,47,52,48,168,147,87,129,137,109,122,97,54,53,99,120,89,97,84,31,142,174,195,175,47
output_0000270.png,102,171,198,62,73,76,204,168,69,139,114,72,71,120,145,135,175,155,180,215,214,53,43,27,101,124,115
output_0000271.png,200,200,146,52,55,49,133,140,112,176,149,89,128,99,53,50,96,118,89,98,84,76,145,167,208,183,42
output_0000272.png,144,191,194,42,44,39,59,134,175,99,119,106,34,81,116,160,140,103,105,82,48,76,84,73,199,178,67
output_0000273.png,188,192,141,40,49,47,171,145,80,123,98,56,129,138,111,47,97,121,86,69,49,90,97,84,48,141,167
output_0000274.png,188,169,82,34,40,36,131,112,64,134,168,158,61,93,105,204,219,189,147,161,132,85,73,52,93,103,80
output_0000275.png,180,189,149,40,43,36,173,141,43,115,90,50,126,130,98,199,175,49,54,89,104,88,135,155,84,89,73
output_0000276.png,122,170,184,171,164,108,32,36,33,150,122,86,65,100,120,112,106,71,98,76,46,34,62,79,16,84,156
output_0000277.png,189,190,162,39,36,29,153,166,148,134,112,73,22,67,97,94,71,41,96,112,96,115,138,141,172,88,17
output_0000278.png,44,50,46,187,198,142,179,138,47,135,139,105,130,97,39,66,97,108,94,70,44,57,139,161,93,96,73
output_0000279.png,133,146,120,29,47,56,164,199,206,106,68,32,187,163,108,66,98,109,130,115,68,61,63,65,170,188,169
output_0000280.png,67,58,41,146,172,195,114,125,138,204,179,108,182,151,82,137,105,48,102,102,84,147,129,74,77,64,94
output_0000281.png,199,195,167,176,179,160,51,44,38,159,157,148,159,138,87,112,85,50,120,132,109,105,90,103,185,172,63
output_0000282.png,80,71,48,152,172,192,119,123,142,199,181,119,183,153,68,92,85,102,142,129,86,142,107,47,33,34,27
output_0000283.png,185,174,149,81,63,59,52,44,48,108,84,48,102,91,112,133,110,98,158,132,92,139,134,142,67,84,87
output_0000284.png,77,61,41,181,186,182,180,162,121,131,138,123,26,34,38,101,116,118,142,112,67,104,104,84,161,172,148
output_0000285.png,165,162,170,180,184,172,45,42,37,185,150,111,155,153,137,130,99,76,92,78,115,95,91,72,214,184,62
output_0000286.png,205,219,217,93,74,51,153,158,182,149,149,135,188,159,118,116,101,137,36,38,35,154,115,72,52,36,28
output_0000287.png,186,189,176,35,38,37,98,61,34,135,102,47,110,111,120,133,140,134,135,110,135,170,145,104,68,116,120
output_0000288.png,148,117,48,46,38,21,81,66,38,131,126,121,151,130,88,105,72,24,110,88,43,69,43,17,172,148,74
output_0000289.png,200,201,190,43,46,47,143,113,65,176,155,130,152,144,158,102,79,43,79,83,110,107,121,103,124,172,140
output_0000290.png,207,195,131,75,72,56,183,159,97,140,138,109,144,110,56,129,152,171,100,113,115,23,28,26,36,27,24
output_0000291.png,132,109,65,194,170,116,94,90,127,63,59,64,154,174,152,38,45,39,121,110,167,89,65,47,52,36,62
output_0000292.png,190,180,163,45,41,29,89,63,30,135,106,46,166,146,95,105,102,100,138,109,131,141,137,135,58,145,125
output_0000293.png,201,190,156,77,61,40,123,98,157,148,113,60,169,160,128,89,72,113,118,110,80,16,16,8,180,92,20
output_0000294.png,61,58,47,212,211,190,194,168,112,143,149,130,146,154,167,145,117,68,106,110,120,107,107,79,148,188,206
output_0000295.png,136,143,135,60,49,32,109,84,38,46,96,136,200,193,172,213,219,210,156,183,209,88,85,85,13,60,124
output_0000296.png,201,197,177,42,42,40,108,130,115,153,129,82,169,175,168,84,80,114,105,85,50,139,144,174,180,96,28
output_0000297.png,149,139,112,174,184,182,33,39,43,139,101,23,193,164,104,204,182,128,69,56,41,81,81,64,84,124,164
output_0000298.png,103,87,52,212,204,164,132,148,169,29,37,37,179,184,173,130,130,131,169,138,67,58,42,26,135,143,100
output_0000299.png,191,205,206,103,99,69,37,44,35,157,123,71,130,146,138,189,158,105,64,50,29,207,184,142,128,140,113
output_0000300.png,186,161,117,26,35,41,120,104,72,112,107,156,58,71,102,70,62,53,83,104,111,146,157,164,157,75,31
output_0000301.png,178,196,195,97,90,57,33,40,36,124,140,131,195,184,128,157,121,63,190,156,91,54,43,33,119,140,103
output_0000302.png,195,185,158,41,45,42,114,123,177,148,126,81,162,179,182,72,83,120,98,83,48,108,119,114,180,100,68
output_0000303.png,199,189,164,167,164,138,34,38,35,141,120,79,120,105,165,73,67,115,90,74,43,103,104,81,180,108,79
output_0000304.png,203,196,149,51,49,40,170,180,165,155,138,99,132,147,163,89,100,114,122,129,124,113,95,61,188,92,32
output_0000305.png,54,64,46,153,122,53,210,203,176,157,186,182,141,166,161,116,137,117,93,115,106,110,89,48,188,124,33
output_0000306.png,209,207,177,132,116,170,38,35,32,140,113,54,88,75,113,101,80,36,163,162,116,186,149,70,112,102,53
output_0000307.png,131,127,112,204,197,164,29,41,44,122,151,175,175,183,173,102,82,35,59,48,30,66,77,84,188,124,38
output_0000308.png,179,169,131,34,40,48,140,118,70,147,158,140,89,68,45,107,112,151,63,73,112,98,108,106,164,92,64
output_0000309.png,186,177,141,34,42,38,69,64,45,188,195,184,119,101,51,87,99,102,129,117,83,128,141,140,50,124,172
output_0000310.png,183,174,142,34,39,48,140,118,72,136,161,153,88,117,160,90,68,44,65,74,116,97,109,105,166,100,73
output_0000311.png,186,178,142,70,65,46,33,41,38,179,190,184,84,103,108,120,101,50,130,118,83,128,145,147,48,124,172
output_0000312.png,203,200,157,48,48,52,127,142,125,181,152,99,139,107,66,90,96,119,124,133,173,103,77,52,97,104,92
output_0000313.png,187,178,142,70,65,46,33,41,38,182,192,184,85,103,108,120,101,51,130,118,83,128,145,147,50,124,172
output_0000314.png,56,55,53,207,196,146,118,139,126,157,129,82,151,178,170,125,123,172,80,77,120,117,90,59,194,91,83
output_0000315.png,189,180,145,190,195,183,46,51,42,150,153,132,87,117,140,135,117,69,92,76,50,101,102,81,172,100,76
output_0000316.png,200,194,154,134,165,148,35,37,43,134,112,80,102,119,157,88,71,49,62,65,107,93,115,97,172,92,80
output_0000317.png,185,167,124,170,185,186,39,41,36,101,117,132,135,152,154,131,105,62,80,94,89,63,74,83,55,124,183
output_0000318.png,193,194,160,79,68,57,132,142,123,177,145,84,29,33,45,88,90,119,145,112,66,124,129,174,44,28,29
output_0000319.png,47,47,42,201,202,175,144,143,120,177,163,127,131,96,59,148,164,158,76,97,109,95,99,80,124,184,204
output_0000320.png,72,71,61,149,125,81,197,178,151,126,122,181,77,82,135,24,33,47,165,167,142,113,128,117,36,28,26
output_0000321.png,49,48,43,200,201,174,171,161,137,138,138,115,144,157,154,127,97,63,71,92,111,94,97,78,148,180,164
output_0000322.png,210,207,180,58,53,66,190,166,102,148,150,125,153,168,179,147,116,73,104,112,100,104,110,130,108,82,52
output_0000323.png,115,135,138,184,162,97,84,74,55,25,36,42,101,113,113,140,104,46,117,109,85,145,140,93,46,35,27
output_0000324.png,186,165,105,75,80,67,206,203,167,139,150,130,138,117,77,150,149,173,99,120,122,22,40,47,22,25,32
output_0000325.png,199,196,169,49,49,50,143,112,76,156,165,151,130,118,170,84,72,111,100,80,57,101,111,102,172,92,52
output_0000326.png,37,45,47,190,173,118,90,66,42,203,210,193,113,106,72,145,116,79,152,116,28,173,145,70,44,132,169
output_0000327.png,198,192,145,53,51,53,118,163,172,86,123,174,141,116,81,98,79,59,77,78,122,95,113,116,172,92,62
output_0000328.png,185,185,153,35,43,47,171,143,100,127,135,111,111,147,156,115,90,59,86,88,66,40,85,116,199,175,59
output_0000329.png,197,179,124,50,52,40,151,171,160,140,125,92,102,126,118,139,130,169,85,88,110,101,88,59,172,92,108
output_0000330.png,183,180,146,128,116,88,23,39,51,121,172,178,31,122,167,91,113,99,79,76,58,18,69,115,164,83,113
output_0000331.png,196,186,137,54,49,46,158,171,161,141,115,75,131,118,169,82,73,111,98,76,51,104,113,100,172,92,52
output_0000332.png,126,129,112,188,165,95,26,36,39,209,225,218,131,171,186,29,67,89,107,83,29,124,103,57,78,71,53
output_0000333.png,35,55,62,192,185,153,126,108,69,69,97,124,93,117,97,38,32,19,172,124,45,133,114,168,142,165,153
output_0000334.png,45,51,47,206,215,205,139,138,105,179,151,101,139,110,66,140,157,174,92,106,123,98,107,94,100,80,56
output_0000335.png,31,36,39,200,196,155,120,119,81,113,90,59,166,141,78,127,102,164,63,67,113,79,85,56,204,165,62
output_0000336.png,105,106,103,212,220,208,24,32,38,188,161,107,116,92,32,32,62,74,146,139,180,159,135,85,161,163,141
output_0000337.png,191,178,142,119,102,60,23,34,37,132,105,166,73,68,44,85,111,92,56,66,110,140,163,151,157,83,14
output_0000338.png,130,116,83,181,190,181,26,32,33,198,176,105,72,54,39,77,86,81,128,95,30,148,153,143,168,180,153
output_0000339.png,207,194,143,30,39,43,131,108,162,185,149,86,139,133,98,92,78,49,125,96,68,95,78,128,212,172,68
output_0000340.png,177,188,181,129,116,85,24,36,43,201,181,111,67,52,37,72,86,79,147,152,142,124,88,31,168,180,153
output_0000341.png,44,41,33,186,157,95,116,113,160,198,195,154,153,134,84,85,82,120,109,93,59,119,128,108,108,180,199
output_0000342.png,191,163,83,220,231,217,48,53,47,156,150,113,147,118,56,76,98,115,145,162,167,103,83,43,116,105,62
output_0000343.png,27,39,44,81,65,42,194,178,113,98,117,108,150,121,39,148,190,184,134,142,116,142,114,76,52,132,170
output_0000344.png,217,220,185,47,56,48,157,137,70,173,185,158,113,96,51,120,133,111,121,153,167,71,99,112,188,132,126
output_0000345.png,202,186,117,158,184,173,42,46,38,96,146,165,148,138,96,108,126,107,58,92,107,104,83,46,188,116,108
output_0000346.png,52,57,43,195,185,123,154,138,75,161,177,157,110,98,52,96,145,168,65,99,115,115,135,115,180,92,65
output_0000347.png,186,179,120,28,39,38,159,200,198,86,61,33,86,108,100,129,152,133,137,102,38,133,112,79,52,148,172
output_0000348.png,198,186,119,48,53,41,143,128,63,101,142,161,146,181,187,107,124,109,102,91,51,57,94,114,188,100,84
output_0000349.png,74,62,36,114,93,148,197,192,147,135,122,75,158,166,128,79,67,105,113,111,73,23,24,24,175,116,84
output_0000350.png,52,53,36,193,200,169,173,142,48,132,134,94,133,104,33,98,143,163,64,96,109,98,97,63,84,172,204
output_0000351.png,171,161,128,32,36,28,108,99,138,115,96,55,128,161,151,63,65,96,76,105,94,80,66,31,148,68,12
output_0000352.png,198,185,111,55,56,40,151,133,73,162,177,162,103,143,161,110,125,102,64,93,107,110,92,43,180,116,108
output_0000353.png,209,201,176,33,52,45,143,131,102,154,182,185,33,89,97,190,149,43,164,174,156,96,125,101,85,124,133
output_0000354.png,191,211,209,43,53,41,189,162,120,140,126,85,70,122,126,153,174,159,102,85,49,71,154,179,104,118,89
output_0000355.png,55,119,130,189,165,132,216,206,181,33,39,33,127,150,144,81,81,45,47,82,81,137,181,198,97,156,170
output_0000356.png,155,156,132,37,55,46,183,216,217,207,180,135,125,94,32,81,62,32,85,116,113,47,147,162,192,212,182
output_0000357.png,98,89,52,207,221,208,128,146,135,196,166,115,137,171,174,33,53,47,153,141,99,55,43,21,108,188,207
output_0000358.png,198,216,210,42,52,39,190,162,116,139,123,79,78,125,123,157,175,156,102,85,47,95,119,93,74,156,178
output_0000359.png,155,155,130,170,208,210,42,69,62,129,100,32,87,68,35,85,119,115,211,182,133,122,101,78,211,213,176
output_0000360.png,173,189,123,92,104,54,174,239,235,27,156,178,92,97,87,187,206,184,104,145,141,68,79,79,151,139,113
output_0000361.png,174,198,139,65,69,58,199,243,233,107,119,104,67,117,111,106,160,154,154,189,85,134,151,51,100,92,108
output_0000362.png,145,161,110,185,241,235,122,143,38,54,57,51,69,104,102,199,202,153,146,185,176,203,221,169,76,84,108
output_0000363.png,169,193,102,55,96,99,30,182,196,151,221,215,160,189,34,98,130,118,87,90,98,129,137,129,212,218,164
output_0000364.png,107,124,99,209,209,173,54,57,56,164,178,133,174,208,156,182,208,183,138,178,125,50,82,89,106,124,35
output_0000365.png,48,72,70,162,192,126,162,232,232,116,71,76,105,110,99,209,210,141,100,143,116,158,179,80,109,123,49
output_0000366.png,112,125,100,222,231,199,160,214,207,39,85,97,112,162,161,171,170,129,176,198,160,88,84,50,67,64,46
output_0000367.png,49,74,72,162,192,126,163,232,231,110,72,76,104,109,99,210,210,142,100,143,117,159,180,80,106,120,50
output_0000368.png,221,232,198,107,122,99,160,214,207,40,89,102,166,167,126,110,161,161,32,51,59,175,198,161,82,80,42
output_0000369.png,29,121,140,157,192,100,156,225,218,109,121,107,168,189,155,82,88,83,135,173,38,218,195,166,91,164,160
output_0000370.png,124,140,106,51,51,55,51,84,83,178,214,147,172,222,212,86,83,80,204,169,123,145,169,162,111,89,42
output_0000371.png,48,62,60,153,185,122,60,91,76,143,223,220,95,106,86,214,200,161,100,145,109,95,116,50,192,228,168
output_0000372.png,145,163,91,40,122,128,146,226,225,205,197,123,83,109,90,79,79,78,129,164,153,181,204,113,148,156,180
output_0000373.png,137,129,132,148,235,235,50,43,48,51,56,73,39,102,125,84,82,91,155,175,175,211,150,84,148,197,194
output_0000374.png,168,209,142,34,141,157,195,238,227,105,135,54,94,150,141,87,96,94,133,145,118,48,73,79,215,203,155
output_0000375.png,52,70,71,166,233,230,99,116,91,112,130,133,64,141,152,213,215,183,187,184,145,102,214,217,16,100,166
output_0000376.png,161,193,145,48,71,72,219,237,207,92,101,64,23,155,188,87,91,82,115,123,99,181,229,213,95,170,162
output_0000377.png,57,77,89,161,236,233,120,143,107,167,203,144,42,188,199,94,184,187,139,150,137,214,229,195,20,108,164
output_0000378.png,98,122,112,197,233,208,127,224,225,62,75,52,59,58,78,28,126,151,168,209,151,163,174,130,136,181,147
output_0000379.png,48,60,66,163,230,218,141,171,126,49,91,104,87,95,102,95,204,209,42,223,232,137,157,153,210,221,179
output_0000380.png,146,182,137,89,75,52,88,87,86,203,209,160,179,216,209,139,131,82,65,121,156,95,156,130,175,220,179
output_0000381.png,155,188,150,34,49,54,91,70,81,85,120,115,133,117,103,197,229,212,212,215,169,107,100,64,47,150,150
output_0000382.png,142,173,122,50,65,85,204,206,158,213,230,209,59,105,146,114,115,106,138,110,57,137,176,170,179,220,178
output_0000383.png,46,51,56,147,173,140,55,91,93,109,103,98,214,220,183,102,92,64,172,221,172,161,213,205,92,138,130
output_0000384.png,197,211,175,52,98,118,33,61,81,128,215,170,149,162,134,23,172,205,86,91,63,87,153,152,13,68,132
output_0000385.png,164,210,148,26,170,194,97,142,116,44,66,74,84,99,98,128,148,123,93,83,72,154,221,218,217,207,174
output_0000386.png,154,195,140,43,87,88,152,235,237,85,86,55,79,86,91,99,125,110,31,169,189,212,226,187,86,160,152
output_0000387.png,159,199,149,32,40,35,117,124,97,104,104,62,213,221,168,213,237,215,62,99,84,105,151,115,141,80,68
output_0000388.png,46,62,70,153,199,144,82,80,84,106,120,114,203,218,178,168,214,205,146,112,61,92,157,140,53,166,131
output_0000389.png,28,41,41,163,206,153,86,81,61,218,231,190,105,118,96,133,152,120,105,105,64,191,229,202,97,142,111
output_0000390.png,42,59,68,160,198,143,70,75,82,183,220,201,83,111,115,127,124,108,140,105,60,207,216,167,152,159,96
output_0000391.png,118,131,108,33,39,40,180,221,172,105,92,54,53,84,84,154,190,153,195,187,145,171,198,191,145,64,79
output_0000392.png,168,205,152,53,74,87,50,56,53,89,89,94,93,127,128,195,229,213,136,133,113,155,165,95,64,165,119
output_0000393.png,96,123,107,172,218,211,157,203,153,189,205,161,39,52,60,33,99,106,39,50,38,122,168,167,157,161,115
output_0000394.png,163,204,148,57,70,84,45,51,48,90,117,120,186,224,207,60,106,113,135,123,105,146,157,98,151,83,82
output_0000395.png,112,126,106,34,43,44,176,218,161,53,84,76,211,235,209,191,190,137,149,184,151,105,84,50,142,67,68
output_0000396.png,160,196,143,42,52,61,57,85,92,93,100,99,179,220,205,136,140,112,100,138,125,116,89,56,14,66,116
output_0000397.png,159,200,149,36,54,54,82,90,78,88,125,104,130,135,103,215,236,214,212,222,174,125,115,67,60,124,109
output_0000398.png,164,204,148,50,66,79,86,89,88,96,130,124,194,229,213,136,136,111,210,226,181,92,110,64,57,164,196
output_0000399.png,170,208,196,41,54,50,134,187,151,165,165,139,107,140,138,129,111,80,67,94,101,88,122,100,23,122,174
output_0000400.png,144,176,126,39,48,43,206,219,201,101,106,53,112,111,84,201,202,160,61,112,86,176,220,172,73,84,108
output_0000401.png,158,176,131,46,50,42,211,217,205,109,102,84,87,95,47,49,100,100,101,150,98,191,220,176,14,76,124
output_0000402.png,185,220,214,188,198,150,42,47,38,177,151,111,110,143,143,134,137,91,123,102,68,71,100,97,91,148,180
output_0000403.png,170,195,164,40,46,38,125,153,107,115,109,80,163,154,126,162,167,160,84,100,70,71,106,109,143,183,72
output_0000404.png,186,220,211,190,184,138,41,46,37,140,132,83,107,143,141,153,186,141,80,116,100,73,96,91,88,172,183
output_0000405.png,44,46,33,144,172,126,199,221,206,193,195,159,99,102,77,91,102,49,116,144,77,164,213,165,56,89,59
output_0000406.png,53,58,64,155,190,139,169,209,204,103,116,99,61,98,83,101,146,124,124,105,56,207,218,168,191,228,177
output_0000407.png,43,39,30,133,175,112,201,220,201,123,114,42,108,111,73,197,192,163,161,203,161,168,220,174,60,85,55
output_0000408.png,144,172,125,46,56,58,193,223,204,77,69,75,202,209,160,83,101,94,113,105,91,174,213,163,140,93,51
output_0000409.png,145,195,154,44,67,74,88,84,72,200,208,172,107,128,97,105,117,71,168,219,199,156,156,99,98,148,113
output_0000410.png,148,178,129,46,54,57,81,72,79,192,220,203,202,209,159,116,112,93,84,108,96,181,220,170,131,98,50
output_0000411.png,43,50,51,156,204,163,136,124,67,169,168,103,97,135,110,142,128,93,61,107,83,178,225,209,141,78,60
output_0000412.png,43,49,54,152,186,137,85,78,79,197,227,209,113,116,96,204,214,167,123,106,57,135,160,88,95,146,107
output_0000413.png,148,201,161,49,68,68,97,91,75,200,208,169,109,127,78,119,137,106,172,222,205,156,163,108,99,156,120
output_0000414.png,166,198,159,46,54,61,94,131,120,80,86,97,89,77,65,183,222,223,138,137,116,214,216,179,38,136,176
output_0000415.png,147,199,158,45,66,71,102,102,66,201,210,171,114,135,100,94,93,92,170,221,205,159,161,101,99,156,122
output_0000416.png,158,191,153,46,55,62,80,78,84,89,123,115,183,219,217,131,129,111,205,215,164,106,106,75,46,161,196
output_0000417.png,151,198,157,68,70,69,111,122,77,120,136,103,182,222,207,200,204,163,68,113,108,107,156,124,24,100,132
output_0000418.png,162,195,158,46,55,62,94,131,120,80,86,98,88,79,66,139,136,114,183,221,222,205,218,172,31,137,180
output_0000419.png,80,83,65,151,202,162,59,83,90,118,135,98,105,96,92,200,205,163,187,224,208,156,161,109,107,157,134
output_0000420.png,42,50,57,105,134,118,70,73,88,168,208,162,202,218,178,77,69,58,167,206,214,169,172,136,133,167,177
output_0000421.png,65,70,71,151,202,162,113,122,76,201,213,184,120,135,105,73,110,83,171,220,205,160,162,109,107,156,122
output_0000422.png,143,178,130,40,48,56,72,71,78,208,224,187,110,113,93,163,206,200,75,103,98,107,98,58,181,220,172
output_0000423.png,35,47,58,163,213,165,156,150,102,134,121,71,53,133,105,151,145,129,111,205,141,194,226,207,94,100,132
output_0000424.png,156,193,154,43,54,64,82,81,89,187,224,217,90,125,124,131,127,121,211,214,183,100,120,80,54,148,177
output_0000425.png,37,45,49,155,211,161,146,137,96,205,213,171,101,203,126,150,138,120,47,122,101,153,89,85,132,114,66
output_0000426.png,105,122,103,191,221,206,43,50,56,192,200,157,155,206,151,129,167,160,36,86,86,137,85,42,36,68,116
output_0000427.png,37,44,48,162,212,164,145,136,103,125,107,70,111,204,129,53,117,97,156,139,129,195,228,209,164,92,116
output_0000428.png,161,201,151,54,64,73,96,92,93,175,224,216,122,133,122,214,234,203,111,171,132,100,139,80,75,156,121
output_0000429.png,144,206,155,36,42,41,193,203,161,137,129,96,122,114,62,192,225,209,159,164,101,48,130,92,100,92,108
output_0000430.png,164,192,150,49,52,59,97,100,95,193,231,216,62,87,90,93,91,57,100,148,125,154,145,92,56,68,108
output_0000431.png,157,209,160,34,42,40,119,101,59,129,115,90,160,156,98,53,98,86,195,226,212,105,199,128,109,76,100
output_0000432.png,180,213,173,46,54,58,162,154,114,119,150,123,119,170,170,75,99,89,85,113,122,114,107,88,140,188,100
output_0000433.png,160,208,159,29,38,39,116,96,58,120,105,87,155,151,97,49,94,85,106,199,126,191,225,210,27,66,92
output_0000434.png,158,206,156,47,53,61,168,145,108,108,148,122,112,105,92,116,164,172,79,104,86,72,107,125,64,192,216
output_0000435.png,163,202,141,69,74,53,95,86,75,58,108,102,120,131,92,210,203,162,134,230,222,101,166,124,166,132,59
output_0000436.png,140,146,125,175,209,196,40,49,42,182,193,164,71,47,23,99,70,35,184,169,136,99,85,62,134,110,68
output_0000437.png,77,66,51,151,181,170,139,128,103,203,215,195,72,81,86,58,110,116,90,159,164,186,219,212,101,120,126
output_0000438.png,141,163,149,42,43,39,116,89,44,37,97,113,98,96,83,181,216,209,201,200,167,143,128,84,178,212,193
output_0000439.png,53,64,67,199,213,192,158,142,86,174,200,190,105,145,146,85,125,133,134,172,179,111,91,67,188,94,36
output_0000440.png,119,113,93,189,224,222,147,161,154,40,49,53,170,192,171,61,48,35,180,169,140,98,68,30,88,148,188
output_0000441.png,200,205,176,50,50,45,99,148,154,160,146,107,155,190,190,159,181,149,112,122,99,111,80,54,194,145,73
output_0000442.png,121,141,129,33,32,28,182,181,128,192,205,179,117,173,183,84,63,38,72,75,71,36,77,90,66,119,133
output_0000443.png,127,157,146,60,48,39,180,180,120,112,89,51,83,94,88,147,141,90,210,236,225,51,90,95,169,201,196
output_0000444.png,117,146,140,54,43,41,130,101,50,200,226,215,51,84,97,195,175,131,156,194,200,145,135,81,88,85,81
output_0000445.png,92,102,90,172,160,88,145,177,166,72,55,33,38,51,53,130,156,138,138,125,83,60,51,45,100,148,148
output_0000446.png,145,161,144,45,47,44,58,84,91,198,221,206,112,88,56,97,96,91,176,201,197,201,191,153,158,62,27
output_0000447.png,183,166,133,35,39,34,116,163,179,116,99,74,78,122,152,41,75,106,74,67,49,74,103,118,151,80,60
output_0000448.png,141,161,141,57,48,38,120,97,57,58,87,105,197,220,206,200,185,141,106,94,95,172,201,206,60,68,116
output_0000449.png,195,211,187,59,88,83,151,192,182,125,175,175,148,148,121,107,154,152,111,102,77,76,125,139,33,37,37
output_0000450.png,200,229,220,116,108,83,28,34,37,148,175,180,175,159,125,45,60,64,137,151,144,83,62,29,158,158,115
output_0000451.png,172,169,141,42,45,45,148,180,181,159,128,85,81,115,136,112,85,54,49,72,94,115,111,89,100,156,164
output_0000452.png,200,229,220,129,118,90,29,35,38,143,173,180,44,61,66,141,154,146,182,164,132,70,69,61,84,63,30
output_0000453.png,140,178,182,42,45,46,175,171,141,158,126,82,82,116,136,112,84,54,50,72,94,108,156,163,105,110,97
output_0000454.png,54,40,28,140,137,106,194,223,208,194,209,165,121,86,36,95,82,63,160,184,165,55,79,80,198,188,123
output_0000455.png,159,184,169,78,135,162,35,41,39,155,121,72,92,119,124,45,85,114,103,81,53,66,80,79,188,164,92
output_0000456.png,61,58,53,203,228,219,183,162,120,161,149,114,150,118,80,130,165,176,89,109,123,112,107,83,89,189,217
output_0000457.png,112,89,60,200,221,199,153,160,131,159,181,167,187,167,120,28,30,27,127,134,122,70,33,22,223,212,77
output_0000458.png,175,162,128,115,158,168,40,46,50,75,125,156,115,107,88,79,108,120,38,77,113,81,68,53,148,76,76
output_0000459.png,59,58,58,205,232,226,170,149,114,141,110,73,135,168,181,137,146,142,101,117,134,100,104,102,194,188,148
output_0000460.png,118,108,92,183,202,181,124,172,178,37,39,44,42,60,78,183,166,130,153,163,140,96,65,34,212,188,100
output_0000461.png,56,55,48,130,157,147,144,176,178,183,162,114,188,204,183,137,101,70,78,116,130,95,104,94,196,196,124
output_0000462.png,129,148,138,203,231,225,56,52,42,189,169,137,187,199,181,108,103,83,59,72,76,52,92,112,124,172,196
output_0000463.png,197,224,217,145,133,104,43,49,46,156,177,178,76,82,75,68,48,26,95,69,30,109,81,57,198,165,140
output_0000464.png,174,154,69,44,71,58,87,103,74,122,125,79,83,56,23,128,92,25,163,118,24,147,120,47,60,100,81
output_0000465.png,192,164,87,21,31,28,98,82,49,84,148,125,49,95,86,61,51,35,30,122,120,17,69,83,153,74,25
output_0000466.png,74,79,66,169,194,166,186,217,206,128,157,148,182,154,93,145,122,68,24,47,61,113,138,105,72,140,188
output_0000467.png,166,189,170,42,46,42,125,148,132,173,154,108,117,160,170,76,110,117,83,102,90,123,107,73,84,180,164
output_0000468.png,100,116,96,17,25,32,161,208,201,160,151,77,26,68,49,83,76,29,88,151,172,56,60,50,55,85,80
output_0000469.png,189,172,123,47,51,45,147,182,172,130,135,110,107,149,162,98,131,121,89,99,81,67,104,118,155,172,132
output_0000470.png,112,129,109,170,187,156,25,31,34,157,145,90,64,138,167,96,84,49,64,80,67,41,89,113,164,164,68
output_0000471.png,114,94,66,190,205,162,66,36,26,176,166,116,149,160,129,118,172,161,154,158,103,46,64,52,188,188,84
output_0000472.png,187,191,134,106,103,84,19,19,24,150,126,62,93,68,42,64,53,38,129,139,132,116,148,109,76,76,76
output_0000473.png,28,36,40,160,175,125,94,63,37,139,110,34,94,97,81,217,200,135,196,223,204,134,111,80,58,150,178
output_0000474.png,182,206,164,90,94,66,181,161,93,39,36,33,125,152,135,39,69,57,148,112,53,130,168,168,146,154,99
output_0000475.png,80,82,68,195,201,145,187,152,93,30,29,24,118,140,124,147,109,52,24,62,73,150,147,65,92,158,162
output_0000476.png,178,192,133,152,124,51,26,27,25,190,168,32,96,114,89,94,66,35,65,109,146,32,64,96,60,62,43
output_0000477.png,187,207,159,38,64,69,150,192,167,138,137,89,100,103,72,96,140,127,50,103,131,90,158,178,174,101,89
output_0000478.png,138,176,164,26,29,31,139,127,32,154,152,64,99,101,65,38,71,96,87,76,43,58,65,58,124,92,41
output_0000479.png,170,208,182,52,58,44,91,155,172,167,159,99,132,152,112,123,110,64,83,104,74,62,107,126,180,190,67
output_0000480.png,191,211,168,108,106,79,43,36,22,187,169,100,144,163,143,149,163,101,129,173,180,142,109,22,46,89,95
output_0000481.png,183,182,136,51,48,43,219,236,216,145,114,62,223,228,190,152,115,83,85,98,83,128,140,95,156,75,53
output_0000482.png,202,226,212,115,119,93,202,203,154,193,176,128,51,44,38,165,172,137,53,93,91,111,147,145,94,81,40
output_0000483.png,54,46,37,144,148,117,206,230,218,202,183,145,119,89,57,125,100,77,162,189,175,206,213,183,73,94,89
output_0000484.png,111,122,96,202,226,212,201,199,152,51,45,33,165,161,120,43,95,98,142,170,157,173,197,169,76,64,54
output_0000485.png,177,176,124,54,53,40,209,224,203,90,70,46,102,105,83,114,95,46,136,116,83,221,218,165,62,162,179
output_0000486.png,194,217,193,86,83,55,149,152,104,177,166,110,141,121,80,29,33,26,145,176,168,45,36,27,124,129,117
output_0000487.png,187,222,213,98,100,79,196,190,136,117,156,152,169,164,109,172,193,165,39,39,35,56,49,41,87,76,26
output_0000488.png,110,111,77,212,233,219,167,210,199,43,47,39,145,160,138,162,150,93,135,178,174,60,51,40,132,158,108
output_0000489.png,50,48,40,151,154,112,190,223,213,64,87,85,92,86,68,156,184,167,203,213,169,109,92,39,205,197,146
output_0000490.png,206,203,171,73,77,55,144,133,102,34,44,32,109,128,99,157,182,166,44,36,31,140,163,156,99,115,108
output_0000491.png,191,225,214,109,109,76,42,41,36,140,181,173,194,167,128,142,157,135,49,63,48,161,159,101,159,141,84
output_0000492.png,199,197,166,73,76,54,148,136,105,109,128,97,146,187,177,40,35,31,24,33,23,138,161,157,93,113,109
output_0000493.png,57,68,64,200,202,169,160,150,117,167,195,179,120,108,76,69,119,134,117,144,133,123,169,179,188,124,110
output_0000494.png,140,139,109,205,208,174,176,194,172,36,44,42,66,97,100,60,54,47,127,170,179,106,84,62,100,78,42
output_0000495.png,101,102,82,194,223,210,193,189,149,166,161,121,176,190,152,29,85,99,131,153,143,60,51,48,108,86,33
output_0000496.png,189,179,125,51,54,38,92,98,67,87,64,45,182,216,195,115,96,39,130,132,96,129,98,69,60,211,217
output_0000497.png,183,213,196,42,53,47,168,159,126,113,146,130,76,116,115,111,103,80,94,166,167,79,105,91,72,186,188
output_0000498.png,51,63,69,194,224,208,179,145,140,117,154,145,153,179,185,133,99,96,96,123,137,85,118,113,187,196,148
output_0000499.png,39,48,49,167,207,197,135,173,169,107,148,140,159,143,118,82,116,115,117,102,72,74,99,90,187,190,140
output_0000500.png,97,124,117,43,54,56,47,116,116,192,227,216,144,198,194,194,191,150,163,149,107,111,98,60,149,188,170
output_0000501.png,29,45,43,175,220,210,96,114,95,128,172,161,186,191,152,37,78,78,156,197,175,157,155,113,64,81,43
output_0000502.png,166,208,196,52,57,59,99,111,107,56,106,108,105,100,68,98,153,147,155,156,118,213,237,222,106,76,108
output_0000503.png,56,51,46,167,196,183,108,102,96,98,84,62,55,104,106,138,135,107,220,225,212,98,148,143,136,140,136
output_0000504.png,148,158,136,45,62,57,122,94,59,215,222,198,86,68,55,176,220,209,81,114,106,152,202,198,134,102,90
output_0000505.png,52,50,48,167,202,189,85,85,68,105,108,104,47,116,126,99,152,145,218,227,215,149,144,115,136,149,143
output_0000506.png,163,203,196,32,42,41,93,125,121,153,124,107,116,150,161,66,96,102,57,83,84,110,79,63,160,164,116
output_0000507.png,48,58,54,193,225,207,51,116,116,109,122,108,76,90,70,145,158,122,111,175,164,139,184,170,12,76,108
output_0000508.png,157,193,188,42,53,51,94,92,67,100,103,105,59,87,93,142,143,113,101,153,157,133,141,148,49,68,92
output_0000509.png,51,53,48,169,200,185,103,139,126,165,117,113,78,101,92,165,153,175,120,83,71,67,112,125,184,172,100
output_0000510.png,191,205,168,27,35,33,86,110,104,151,129,109,90,136,142,51,74,70,100,76,67,59,155,153,44,83,92
output_0000511.png,42,60,55,179,215,205,151,183,159,83,133,111,107,147,143,166,109,110,118,79,73,63,101,106,76,140,180
output_0000512.png,55,72,72,175,209,204,108,148,140,167,144,119,123,162,177,64,110,130,126,104,85,18,26,25,27,36,27
output_0000513.png,51,75,71,183,218,206,158,189,161,106,150,144,171,130,125,82,140,115,112,108,92,21,28,24,124,140,180
output_0000514.png,200,219,176,163,152,123,38,42,35,121,127,106,115,97,86,78,90,72,134,166,148,85,104,92,140,190,176
output_0000515.png,142,172,153,31,65,77,76,80,76,204,220,206,179,213,190,78,116,123,124,103,73,179,213,211,52,140,157
output_0000516.png,71,99,91,178,214,211,135,139,124,33,40,38,174,151,123,42,58,41,106,151,144,95,133,143,183,190,166
output_0000517.png,87,108,105,184,217,205,126,200,187,28,43,44,25,88,88,145,161,140,124,160,147,99,176,183,62,64,50
output_0000518.png,133,160,141,157,196,175,30,70,83,190,217,197,165,204,188,67,136,155,99,138,124,20,31,31,89,95,83
output_0000519.png,158,212,207,55,91,89,164,156,130,119,153,143,96,172,186,28,37,39,89,156,156,65,134,143,48,54,43
output_0000520.png,148,178,157,33,57,61,65,73,69,74,114,118,201,224,211,200,212,189,112,117,103,95,94,73,52,140,148
output_0000521.png,48,59,52,151,209,206,79,137,138,152,142,119,136,178,156,59,100,100,89,129,107,110,99,84,22,132,172
output_0000522.png,122,156,136,24,45,50,28,140,152,188,226,217,117,218,212,94,86,61,83,98,89,140,200,200,132,68,68
output_0000523.png,57,74,67,157,211,204,99,145,136,160,149,118,99,163,181,76,115,131,119,108,88,20,25,23,204,188,81
output_0000524.png,154,206,200,38,45,35,72,86,74,88,112,106,51,99,109,123,148,128,91,150,153,210,244,236,32,67,92
output_0000525.png,152,188,175,52,70,72,158,134,108,88,137,138,103,160,166,117,97,79,69,113,125,23,26,26,31,36,27
output_0000526.png,69,74,62,173,227,223,99,159,157,215,246,236,69,105,110,71,131,132,129,156,134,124,163,168,156,156,100
output_0000527.png,68,89,86,160,212,207,101,155,156,151,188,172,162,153,123,129,114,77,54,46,31,134,141,112,106,172,188
output_0000528.png,164,228,223,86,89,73,128,160,145,210,246,235,80,119,127,82,142,147,121,192,189,170,172,115,132,172,172
output_0000529.png,162,212,211,63,85,77,109,150,150,148,185,172,116,129,115,153,159,147,24,29,28,89,135,123,49,48,27
output_0000530.png,193,230,224,43,56,47,73,91,83,99,123,116,71,109,114,132,160,141,108,163,161,140,189,186,55,75,92
output_0000531.png,188,221,204,147,194,188,45,56,54,129,129,127,81,128,129,65,151,167,58,99,119,92,90,79,172,116,116
output_0000532.png,183,215,204,37,48,49,149,134,105,111,127,107,109,94,66,41,88,114,66,89,87,102,150,159,79,169,175
output_0000533.png,67,81,74,35,43,37,184,224,219,94,119,113,113,155,151,66,105,113,134,170,161,133,162,145,17,60,84
output_0000534.png,188,218,200,46,56,54,143,195,193,132,129,118,70,120,132,141,177,155,93,88,81,92,120,101,192,173,92
output_0000535.png,158,190,178,43,49,44,170,173,140,154,140,119,107,123,122,109,91,72,64,81,85,121,121,93,68,124,156
output_0000536.png,50,70,67,208,229,216,139,187,184,92,136,134,125,135,125,91,96,90,51,112,128,106,161,172,165,121,96
output_0000537.png,148,196,191,109,113,89,37,40,40,123,154,147,154,181,161,47,81,74,144,150,119,172,151,142,59,68,44
output_0000538.png,154,191,180,46,49,45,98,119,115,94,95,80,65,102,108,127,151,142,101,144,144,128,142,122,58,84,100
output_0000539.png,94,98,89,56,50,46,188,234,227,65,123,129,120,133,127,116,165,148,158,173,144,162,183,175,30,68,92
output_0000540.png,88,107,96,157,201,194,152,184,165,31,37,31,40,48,47,121,162,156,163,157,121,31,78,77,65,140,180
output_0000541.png,168,202,202,38,39,35,113,118,103,147,137,110,106,88,66,135,147,168,69,81,77,70,96,103,158,164,132
output_0000542.png,56,62,60,186,203,190,134,138,115,145,190,189,140,164,177,107,137,134,102,105,96,84,118,128,74,106,105
output_0000543.png,43,49,48,154,185,191,151,137,104,99,125,129,74,88,93,120,125,98,165,167,145,110,97,81,78,85,72
output_0000544.png,187,209,193,37,40,36,166,156,131,116,143,136,79,117,120,114,105,84,62,101,99,132,163,165,64,79,81
output_0000545.png,60,71,65,163,214,206,93,129,127,168,172,145,152,137,112,109,96,77,100,125,105,23,26,25,20,100,164
output_0000546.png,171,201,188,71,59,48,128,113,91,94,121,110,162,140,115,109,150,152,24,37,37,55,92,105,183,174,42
output_0000547.png,44,52,43,130,200,190,41,153,166,97,132,126,157,144,120,75,99,86,77,111,113,110,103,83,177,172,100
output_0000548.png,68,83,80,163,211,206,114,151,147,155,183,167,165,152,132,105,135,120,127,105,88,34,38,34,92,156,180
output_0000549.png,158,193,181,37,40,36,104,132,123,146,151,133,121,157,160,103,82,66,81,101,107,67,90,81,176,172,124
output_0000550.png,68,103,102,177,200,182,82,203,193,30,44,50,131,142,111,25,80,96,84,78,48,83,155,148,70,170,172
output_0000551.png,67,87,82,162,210,205,120,174,175,109,153,148,169,155,131,131,110,90,77,123,137,21,28,26,188,188,148
output_0000552.png,198,177,129,50,50,32,153,118,70,147,174,156,111,83,40,110,123,97,98,147,153,74,100,93,180,108,72
output_0000553.png,204,205,175,81,71,47,179,153,93,149,143,105,30,33,27,140,114,64,115,117,104,144,158,150,44,28,18
output_0000554.png,88,74,51,214,215,191,181,145,93,27,33,30,149,142,108,150,108,59,116,114,106,131,152,150,140,172,156
output_0000555.png,205,207,175,82,70,46,179,152,91,149,142,102,29,36,30,140,113,62,105,115,106,136,158,151,44,28,19
output_0000556.png,52,47,36,201,205,178,139,111,67,172,142,104,102,81,49,112,112,80,146,155,140,90,97,92,140,164,135
output_0000557.png,210,210,178,121,100,55,34,39,33,169,175,134,65,60,44,139,144,118,58,42,27,152,145,86,143,160,149
output_0000558.png,209,219,197,64,58,32,152,138,84,183,173,124,116,97,48,169,173,125,126,130,87,103,113,94,148,167,156
output_0000559.png,128,110,63,34,40,34,211,217,189,61,49,32,187,152,97,144,148,118,66,66,51,151,165,150,156,180,162
output_0000560.png,210,220,197,94,82,42,41,40,25,177,176,125,149,145,96,175,152,94,148,111,47,159,172,156,117,122,100
output_0000561.png,218,227,210,98,88,64,184,159,106,38,38,29,145,150,128,48,58,54,158,127,70,163,174,157,162,150,100
output_0000562.png,94,81,42,209,219,194,180,179,131,41,38,24,149,146,98,174,155,103,146,112,51,117,123,101,158,172,156
output_0000563.png,134,126,87,201,175,118,36,36,28,102,74,33,68,48,29,100,81,48,79,77,56,165,172,136,144,163,150
output_0000564.png,107,94,51,206,216,187,188,162,101,39,36,22,159,161,121,168,177,150,157,152,93,50,53,30,164,188,157
output_0000565.png,55,52,38,149,143,93,211,217,189,177,154,103,137,109,61,108,99,60,85,104,104,150,164,150,156,180,165
output_0000566.png,173,173,107,44,62,63,210,212,192,139,67,26,183,149,23,110,127,115,189,191,146,217,191,78,154,121,87
output_0000567.png,190,230,225,102,111,89,196,193,123,42,50,42,164,158,104,133,76,22,172,190,148,140,166,148,64,57,47
output_0000568.png,136,146,103,51,49,36,198,212,182,201,185,134,84,91,69,122,92,38,48,90,99,109,95,77,176,196,152
output_0000569.png,199,197,150,30,38,35,146,110,54,180,150,83,106,61,30,108,117,94,74,90,88,103,148,148,124,172,158
output_0000570.png,197,210,161,76,77,30,131,168,150,143,147,78,173,149,48,147,120,34,89,118,93,24,25,23,223,195,37
output_0000571.png,197,203,158,104,112,88,50,53,47,156,156,109,169,182,135,165,181,160,49,73,63,136,150,114,129,77,40
output_0000572.png,75,67,28,182,199,157,149,129,47,174,150,59,117,158,142,104,135,95,23,27,22,80,110,90,100,172,140
output_0000573.png,61,61,50,197,207,167,147,157,123,150,95,54,187,157,93,105,119,99,116,133,118,160,179,164,215,189,69
output_0000574.png,181,199,158,58,53,26,170,145,53,130,135,72,125,97,28,118,158,142,85,99,41,79,110,90,100,175,146
output_0000575.png,200,191,113,44,37,25,99,104,79,143,156,116,90,83,59,134,116,64,114,134,115,46,73,72,164,124,34
output_0000576.png,147,144,101,53,51,39,204,205,148,197,219,190,86,62,36,87,87,75,127,96,36,197,177,112,120,93,64
output_0000577.png,117,118,90,46,50,40,206,190,111,110,48,25,189,219,200,174,158,104,142,92,26,138,160,139,180,191,147
output_0000578.png,164,173,114,47,48,39,198,157,19,117,73,25,220,202,108,144,110,69,112,140,86,196,204,166,200,212,149
output_0000579.png,210,180,64,101,100,69,37,39,31,161,116,34,129,139,113,71,49,28,136,140,94,176,176,118,142,154,140
output_0000580.png,186,189,135,52,56,49,109,115,97,96,77,58,140,113,47,149,122,81,168,149,79,181,209,184,71,150,168
output_0000581.png,178,136,25,29,37,30,212,213,175,184,165,104,104,63,33,205,208,110,108,95,58,60,142,157,68,124,128
output_0000582.png,129,133,100,46,50,39,210,199,113,188,217,195,183,168,107,122,95,34,84,84,68,73,58,40,193,199,137
output_0000583.png,145,154,113,88,83,42,205,229,212,194,216,190,169,198,180,89,89,70,198,201,162,83,101,78,176,176,60
output_0000584.png,182,222,206,113,96,46,141,138,89,63,129,131,101,91,78,109,209,208,177,179,135,152,151,123,191,160,44
output_0000585.png,173,228,220,65,50,47,154,168,133,139,118,31,56,89,95,200,214,156,100,94,76,198,194,130,139,134,62
output_0000586.png,163,228,223,44,52,54,159,171,130,82,73,66,208,212,157,96,105,98,130,105,53,133,114,87,194,212,156
output_0000587.png,88,57,47,169,182,142,192,224,205,170,136,35,66,91,97,113,109,96,174,153,82,109,139,125,211,228,185
output_0000588.png,168,176,132,56,57,56,160,229,226,131,104,53,105,99,88,63,93,98,210,220,168,111,138,120,20,76,132
output_0000589.png,168,177,136,85,58,49,162,131,38,189,224,207,66,91,97,115,108,94,205,223,182,109,138,124,51,76,100
output_0000590.png,159,167,127,55,55,46,150,223,221,147,132,39,144,129,73,207,212,170,99,119,99,71,97,95,136,114,93
output_0000591.png,169,178,136,91,58,49,169,135,37,66,91,97,191,223,204,111,107,95,205,224,182,108,139,128,53,76,100
output_0000592.png,50,51,42,153,222,217,156,162,117,138,122,38,206,212,165,205,197,151,113,104,71,62,88,81,106,143,113
output_0000593.png,44,58,58,146,144,107,204,223,189,204,207,147,89,61,48,78,94,90,181,199,151,142,108,33,30,121,163
output_0000594.png,46,46,45,145,155,125,192,213,177,57,75,81,90,85,79,98,78,49,193,179,127,133,120,78,159,189,182
output_0000595.png,68,77,72,198,212,165,181,162,93,146,156,121,141,111,69,113,163,169,24,25,25,76,120,130,100,192,200
output_0000596.png,164,163,116,69,66,62,165,237,233,155,138,57,105,120,98,56,177,180,206,224,189,181,204,180,214,205,143
output_0000597.png,120,137,63,177,198,116,50,38,37,186,152,59,29,143,161,20,105,121,135,158,115,79,72,49,72,100,42
output_0000598.png,158,171,82,60,49,40,160,218,212,97,104,42,35,99,105,209,187,78,181,192,141,103,131,41,190,220,116
output_0000599.png,167,187,106,230,247,231,138,162,31,49,94,70,104,129,76,119,88,70,193,206,162,138,129,94,224,217,131
output_0000600.png,191,202,133,58,74,59,193,241,234,141,144,49,159,175,85,120,136,83,110,85,60,155,131,84,231,226,158
output_0000601.png,161,122,62,32,31,21,113,84,39,75,59,32,218,207,155,83,84,49,77,74,60,140,140,104,136,128,108
output_0000602.png,80,68,32,203,179,113,158,141,91,30,30,20,144,110,42,114,116,96,163,178,158,144,161,149,180,100,49
output_0000603.png,203,181,105,133,94,30,36,30,17,98,62,19,163,148,46,106,94,28,172,116,58,73,58,44,164,140,100
output_0000604.png,49,32,19,110,76,19,196,153,52,224,199,102,174,140,45,71,35,19,164,114,24,150,124,76,188,180,126
output_0000605.png,171,122,39,33,27,14,232,217,162,84,53,20,103,77,29,227,200,126,222,181,105,200,168,101,68,68,36
output_0000606.png,225,196,100,152,115,27,57,40,20,209,163,53,90,56,18,81,43,20,112,70,18,191,160,78,196,172,116
output_0000607.png,156,115,46,50,38,24,91,52,29,245,221,84,237,233,162,227,176,62,97,78,42,194,173,96,68,76,39
output_0000608.png,81,50,20,134,75,17,235,176,40,245,233,148,176,106,22,247,233,101,247,210,107,169,133,54,108,84,29
output_0000609.png,37,39,33,207,182,122,177,124,55,123,109,65,93,107,84,84,71,46,94,126,143,53,79,94,90,160,172
output_0000610.png,76,64,33,203,177,112,148,118,59,23,24,20,167,167,128,117,119,84,137,148,136,96,101,88,183,100,18
output_0000611.png,185,177,108,40,38,24,162,124,40,117,93,39,70,126,143,82,65,31,75,98,89,44,75,83,81,148,169
output_0000612.png,86,71,35,204,176,105,152,118,53,26,26,20,123,120,79,161,170,143,133,148,138,91,99,89,180,92,68
output_0000613.png,190,168,89,42,40,26,132,104,38,136,168,162,84,132,146,85,69,31,81,106,99,50,80,86,172,84,28
output_0000614.png,76,81,56,192,157,68,139,111,49,102,118,90,45,33,19,24,26,17,154,157,107,165,73,23,114,130,108
output_0000615.png,95,80,40,201,186,108,21,29,26,158,129,51,51,35,19,169,175,134,103,123,104,105,139,144,180,100,36
output_0000616.png,39,77,101,7,10,11,43,69,79,29,54,68,26,45,47,17,30,29,52,58,59,17,35,45,36,35,32
output_0000617.png,200,204,163,86,97,73,189,170,119,38,38,28,144,166,146,155,127,88,41,63,49,151,162,109,135,179,184
output_0000618.png,182,167,113,51,78,69,154,201,203,122,117,39,110,144,131,114,106,78,95,68,41,168,189,167,216,214,170
output_0000619.png,194,202,159,32,39,33,139,149,110,126,110,75,186,164,115,126,169,173,85,95,69,70,105,115,167,190,45
output_0000620.png,181,175,124,61,76,62,149,201,183,106,136,112,98,75,46,152,117,38,181,157,77,141,118,74,74,149,134
output_0000621.png,128,89,34,201,206,181,38,44,37,149,125,80,107,89,71,172,163,121,145,137,116,157,160,144,128,126,114
output_0000622.png,187,156,98,46,50,42,187,201,189,136,122,86,95,83,56,154,165,138,52,94,122,91,122,134,61,136,177
output_0000623.png,197,164,99,85,72,39,132,171,170,24,37,32,148,134,92,204,217,199,168,168,122,152,102,40,86,107,105
output_0000624.png,208,182,125,90,79,53,35,47,47,167,178,151,140,144,118,97,142,164,161,123,66,138,136,95,52,36,25
output_0000625.png,150,143,101,55,52,43,181,198,179,210,167,91,86,61,39,93,100,80,163,105,26,216,199,142,130,92,56
output_0000626.png,52,55,48,198,206,188,201,188,143,191,151,88,140,146,122,141,103,56,102,108,88,99,81,53,73,108,124
output_0000627.png,201,211,182,62,60,36,122,96,47,208,164,99,138,155,134,183,138,71,211,199,142,90,59,24,159,152,95
output_0000628.png,201,211,190,48,52,45,201,170,106,141,118,77,87,117,119,101,91,63,159,166,136,110,117,89,176,79,42
output_0000629.png,107,86,40,196,205,175,49,47,26,200,145,69,169,120,50,141,143,115,197,182,123,72,51,22,132,124,152
output_0000630.png,208,202,161,55,55,43,194,151,82,141,145,117,141,103,53,101,106,83,73,106,118,120,158,175,219,180,74
output_0000631.png,97,80,44,203,173,113,142,176,172,26,37,29,142,142,115,161,119,58,177,172,127,207,221,207,54,43,26
output_0000632.png,213,217,185,169,136,73,37,38,28,131,121,84,112,85,42,89,140,162,51,84,102,86,81,52,93,176,207
output_0000633.png,37,55,53,159,143,103,221,227,204,93,72,37,220,210,159,211,179,125,92,99,83,153,99,35,53,118,150
output_0000634.png,206,176,113,47,48,37,148,124,76,155,172,155,89,134,160,105,83,48,59,89,108,113,121,106,180,83,15
output_0000635.png,115,88,39,215,208,160,47,46,27,198,156,93,165,150,95,157,168,154,143,124,98,71,44,19,197,180,84
output_0000636.png,211,209,172,57,55,38,152,127,64,109,140,153,160,181,165,54,93,115,107,123,112,109,84,37,187,97,33
output_0000637.png,117,94,45,51,52,30,184,198,173,204,164,81,214,194,134,143,152,126,175,141,71,82,57,23,148,148,156
output_0000638.png,167,147,96,51,49,29,208,211,179,213,203,136,134,90,29,205,175,113,95,66,30,127,94,50,100,104,77
output_0000639.png,224,237,217,148,121,67,43,45,48,85,51,34,216,180,108,82,79,69,140,147,138,189,193,152,60,108,128
output_0000640.png,164,136,86,220,235,220,71,72,64,179,175,145,218,209,154,104,98,67,214,184,127,100,74,52,156,184,186
output_0000641.png,128,92,54,226,223,177,59,48,41,196,166,107,198,129,64,176,184,158,155,135,109,79,43,32,213,196,92
output_0000642.png,194,176,97,140,172,145,43,47,37,138,137,94,101,129,109,72,127,152,55,91,105,94,79,51,184,87,63
output_0000643.png,99,74,52,60,57,51,159,119,48,227,239,226,118,129,119,199,173,110,209,207,162,164,160,144,76,140,148
output_0000644.png,38,61,67,158,165,112,91,72,47,218,184,116,150,177,172,122,114,84,85,114,104,146,100,40,194,204,155
output_0000645.png,94,69,34,208,165,87,155,137,73,37,44,42,162,97,27,175,175,135,84,108,107,99,140,152,188,92,13
output_0000646.png,79,68,40,209,189,101,135,172,152,108,153,152,118,151,128,155,142,77,54,92,109,23,37,39,192,108,76
output_0000647.png,226,241,222,147,112,64,36,40,42,84,51,36,217,197,124,156,156,139,198,195,139,82,77,70,60,124,140
output_0000648.png,168,131,84,38,42,35,219,220,182,99,92,62,94,59,35,215,176,127,213,199,151,132,86,35,68,108,100
output_0000649.png,67,62,60,116,83,57,168,126,61,228,239,219,128,144,138,214,195,137,181,154,114,178,201,186,82,140,156
output_0000650.png,78,66,38,209,186,102,118,151,129,106,151,153,136,173,151,157,140,70,58,94,108,23,37,41,188,92,60
output_0000651.png,202,178,119,68,63,32,221,217,178,151,116,66,169,165,116,108,87,52,119,120,70,156,172,156,106,106,100
output_0000652.png,138,132,114,227,242,230,214,217,179,87,99,103,78,82,84,167,178,177,207,187,143,76,82,54,186,181,140
output_0000653.png,35,59,62,149,153,101,208,181,109,91,71,44,131,170,149,84,118,107,154,182,177,146,101,40,184,198,161
output_0000654.png,47,47,25,157,129,65,207,213,180,89,78,35,178,177,151,207,171,101,168,159,122,81,48,23,120,77,29
output_0000655.png,38,36,27,208,196,145,101,66,33,159,113,45,213,227,203,111,124,93,187,156,82,159,124,75,76,84,76
output_0000656.png,93,77,60,169,130,78,228,238,223,200,188,145,109,124,124,166,151,125,162,188,179,88,100,108,185,193,176
output_0000657.png,210,176,105,108,136,109,30,52,53,64,53,30,118,85,34,163,183,145,66,82,65,159,148,86,93,139,162
output_0000658.png,223,224,186,116,83,43,51,46,32,204,168,102,172,153,94,186,185,152,156,127,93,197,200,77,76,44,24
output_0000659.png,90,61,43,42,43,40,155,114,54,229,238,216,113,115,110,170,137,99,203,174,116,164,177,168,68,108,126
output_0000660.png,77,63,38,128,167,145,209,180,115,93,141,142,149,126,63,22,39,46,106,132,109,71,94,97,180,100,84
output_0000661.png,229,244,231,100,91,81,99,81,55,164,139,95,110,116,100,181,185,170,223,217,177,207,189,137,220,197,139
output_0000662.png,193,155,92,44,46,29,138,125,78,154,156,102,85,133,154,94,77,37,233,228,198,53,85,97,99,112,92
output_0000663.png,152,112,61,69,69,53,226,234,212,220,206,144,167,161,135,214,178,105,195,166,84,128,177,181,146,172,172
output_0000664.png,197,197,150,37,46,40,102,73,38,150,106,52,102,125,108,154,122,90,137,168,146,187,153,91,68,132,132
output_0000665.png,231,239,219,124,103,48,39,35,25,77,55,26,214,188,130,161,155,123,180,148,80,190,189,137,60,108,109
output_0000666.png,218,222,198,56,51,44,146,125,69,173,146,90,128,100,48,142,153,152,96,88,69,93,100,106,197,172,91
output_0000667.png,187,180,133,35,34,31,116,86,40,77,55,30,138,141,98,148,91,36,91,92,52,140,132,116,86,84,76
output_0000668.png,112,94,50,209,202,156,54,45,20,173,155,102,149,132,94,191,160,94,163,111,38,189,171,133,70,43,17
output_0000669.png,206,215,191,79,54,23,130,121,71,23,30,28,126,83,37,102,90,43,170,147,90,148,155,140,92,99,85
output_0000670.png,182,170,117,210,216,185,47,43,36,164,133,83,119,87,44,130,127,105,84,84,73,91,100,81,148,140,148
output_0000671.png,219,226,205,60,53,45,174,151,98,148,129,73,133,105,50,168,166,151,98,102,107,100,94,78,204,180,100
output_0000672.png,220,207,167,63,52,30,158,132,76,118,90,38,122,124,83,162,176,160,59,89,103,112,141,159,190,70,79
output_0000673.png,50,49,40,144,113,62,219,219,193,211,172,104,164,175,171,156,151,131,90,76,45,87,50,28,187,158,87
output_0000674.png,65,64,55,217,211,176,162,117,57,145,169,176,192,120,37,79,103,117,115,131,128,119,93,52,173,174,138
output_0000675.png,48,40,28,145,101,32,215,219,187,89,49,22,157,149,102,204,151,40,90,74,36,203,184,128,121,130,150
output_0000676.png,93,58,30,194,194,158,34,37,38,155,136,90,187,139,81,104,99,98,154,100,37,126,98,49,111,141,149
output_0000677.png,162,130,71,35,37,35,210,224,209,87,52,25,94,89,70,170,169,146,214,206,158,213,173,87,54,152,192
output_0000678.png,101,114,102,45,51,50,208,206,166,145,92,27,81,53,33,183,198,177,164,163,134,163,178,164,143,160,143
output_0000679.png,41,35,30,111,98,64,226,227,203,160,150,125,173,127,48,212,170,94,174,178,169,176,160,95,80,39,27
output_0000680.png,124,129,86,208,197,140,48,55,45,165,164,123,72,57,35,83,83,59,200,199,169,97,82,33,176,188,148
output_0000681.png,44,39,30,173,134,63,107,58,29,218,224,197,110,89,53,191,185,143,213,206,149,221,171,78,76,148,156
output_0000682.png,54,50,43,218,222,192,193,139,29,186,163,108,115,97,67,125,45,38,217,200,119,146,94,38,84,148,153
output_0000683.png,49,41,27,192,170,107,109,67,25,155,113,30,181,202,180,113,103,70,217,205,136,159,111,62,72,167,174
output_0000684.png,113,91,54,204,203,162,50,46,33,200,161,85,164,154,117,175,118,46,177,156,86,144,173,163,72,44,28
output_0000685.png,225,226,193,122,97,44,235,212,108,50,46,27,84,56,24,210,172,67,162,158,124,174,154,70,67,92,24
output_0000686.png,160,130,61,44,41,31,115,38,28,216,172,69,178,174,130,94,93,62,213,220,195,222,207,145,64,149,149
output_0000687.png,82,102,90,174,200,186,45,56,42,145,171,164,28,36,27,127,155,143,148,168,155,116,139,132,35,54,52
output_0000688.png,204,188,127,38,32,22,135,107,43,156,154,109,100,100,64,93,65,22,71,83,76,120,132,134,172,108,77
output_0000689.png,55,43,29,197,142,50,191,191,152,119,103,72,107,62,34,181,168,121,207,191,129,150,93,50,150,117,68
output_0000690.png,168,107,24,115,66,30,218,206,141,65,44,29,139,151,117,186,160,72,164,177,141,170,125,71,212,164,60
output_0000691.png,167,113,33,210,214,167,49,39,30,183,170,109,101,49,25,197,190,127,107,84,47,212,161,53,76,116,100
output_0000692.png,215,203,139,164,103,23,46,42,32,118,68,30,178,143,71,138,159,131,206,151,34,209,214,181,177,130,103
output_0000693.png,194,180,108,26,27,21,105,97,43,126,135,96,66,54,25,75,88,53,140,92,19,64,71,44,116,124,108
output_0000694.png,127,96,55,45,39,31,213,204,138,78,50,29,191,168,99,79,62,39,171,156,87,165,144,92,164,156,124
output_0000695.png,168,152,100,54,49,34,94,53,37,142,108,26,92,86,63,229,234,211,202,201,153,216,164,85,68,108,127
output_0000696.png,100,74,38,208,201,142,37,34,33,177,151,84,157,132,73,144,108,60,187,164,84,178,153,116,61,36,27
output_0000697.png,211,217,192,54,45,37,156,179,167,147,95,65,114,106,73,107,70,48,190,75,94,123,145,149,78,89,95
output_0000698.png,110,76,41,42,39,28,200,149,51,199,182,119,170,150,81,159,105,49,143,120,93,62,36,25,148,156,140
output_0000699.png,75,63,45,198,177,117,146,115,67,122,189,199,111,118,94,56,141,170,24,39,44,55,95,113,36,16,21
output_0000700.png,110,76,41,200,149,50,42,39,27,198,182,118,170,151,82,160,106,51,144,120,93,61,36,25,148,156,140
output_0000701.png,200,181,127,73,62,44,146,114,69,124,186,195,112,119,94,74,140,168,24,33,34,61,95,113,46,28,33
output_0000702.png,75,59,34,206,186,138,148,116,69,157,176,156,115,122,99,25,27,21,95,103,96,127,150,153,185,53,53
output_0000703.png,90,79,51,209,188,115,172,193,164,38,41,34,145,150,117,164,129,59,117,157,167,66,34,29,196,80,95
output_0000704.png,109,75,41,200,149,51,42,39,27,199,182,118,170,152,84,161,107,52,144,119,94,145,148,140,60,28,20
output_0000705.png,209,196,129,76,50,29,23,27,27,135,95,44,154,135,69,111,95,52,106,117,101,82,83,68,164,92,52
output_0000706.png,168,121,43,45,35,27,146,174,151,91,47,29,202,190,128,162,162,120,99,90,63,212,158,56,68,146,150
output_0000707.png,211,192,128,73,59,42,158,126,61,158,198,188,118,98,56,101,148,160,66,100,114,120,130,104,21,28,29
output_0000708.png,51,39,30,182,138,53,125,33,26,145,179,163,177,174,128,110,117,92,206,196,136,153,81,25,221,163,75
output_0000709.png,192,147,55,179,198,172,58,67,51,110,110,76,125,59,22,186,179,133,145,93,23,226,204,130,76,132,129
output_0000710.png,112,102,66,206,179,98,39,40,31,137,146,121,72,45,25,174,141,64,150,148,106,186,188,151,159,170,156
output_0000711.png,188,164,107,77,61,36,158,153,107,144,124,73,30,37,35,75,115,133,91,102,95,117,110,63,45,27,21
output_0000712.png,41,39,30,126,118,88,220,219,201,85,53,32,211,184,117,162,162,141,183,133,77,110,83,32,190,188,161
output_0000713.png,55,49,35,189,165,107,143,124,73,157,153,108,111,109,70,71,113,132,106,76,38,47,79,96,172,84,60
output_0000714.png,113,113,85,209,193,138,38,38,30,108,84,33,72,45,27,174,145,76,148,160,131,176,177,157,179,191,165
output_0000715.png,154,123,48,215,206,176,51,62,56,190,161,125,100,88,46,99,66,24,211,200,138,215,172,119,192,168,90
output_0000716.png,93,86,61,200,176,106,23,32,36,56,40,29,112,127,115,154,128,61,163,174,147,133,144,149,180,92,52
output_0000717.png,179,155,80,47,49,39,216,203,173,122,96,55,94,55,37,121,120,78,207,196,122,76,92,76,136,116,28
output_0000718.png,44,41,31,129,101,55,202,202,164,94,75,42,169,144,92,69,80,60,75,140,154,82,115,108,45,89,106
output_0000719.png,37,37,26,170,145,109,117,108,78,131,141,125,115,125,121,94,97,68,84,71,44,53,78,84,149,68,64
output_0000720.png,160,160,130,34,36,23,112,105,65,154,119,75,84,118,123,75,69,39,75,96,73,50,77,78,68,140,140
output_0000721.png,165,146,88,25,29,23,114,91,35,135,138,116,70,59,29,52,100,139,40,63,78,77,87,87,148,92,68
output_0000722.png,37,37,26,168,147,109,117,109,76,130,142,122,94,97,67,102,121,119,85,73,46,59,77,83,148,68,60
output_0000723.png,37,42,28,160,135,78,67,131,163,120,94,32,134,122,70,78,87,61,202,211,201,31,81,104,87,68,25
output_0000724.png,125,115,85,33,35,25,171,163,129,115,129,120,101,104,69,95,82,47,141,148,125,37,76,91,68,73,48
output_0000725.png,76,71,44,130,109,58,202,207,180,135,134,103,76,102,103,17,30,32,64,126,155,170,142,108,37,27,17
output_0000726.png,88,82,51,205,188,150,20,33,33,140,117,70,49,94,112,85,131,152,120,124,98,51,34,20,163,172,141
output_0000727.png,170,170,151,73,70,45,146,146,128,134,115,87,23,25,15,103,108,76,148,148,115,97,98,84,156,108,76
output_0000728.png,33,33,19,173,162,126,125,106,61,87,71,32,78,103,89,68,126,152,42,83,93,141,156,137,157,84,26
output_0000729.png,70,56,30,136,116,71,66,134,164,220,216,168,169,141,70,40,89,113,22,37,40,110,99,66,110,116,91
output_0000730.png,177,155,77,46,32,18,126,101,38,146,134,62,89,61,24,98,85,37,74,61,26,144,121,84,156,92,20
output_0000731.png,35,36,30,164,191,168,93,106,83,147,125,89,73,71,53,160,161,48,51,69,100,99,73,50,66,127,152
output_0000732.png,185,211,199,31,37,31,105,83,62,101,114,98,156,128,124,66,75,65,103,147,148,57,85,94,80,159,161
output_0000733.png,166,225,228,98,89,60,186,176,115,35,46,40,179,156,84,150,131,79,61,42,28,128,147,141,45,140,173
output_0000734.png,101,102,77,177,195,191,179,189,146,62,43,43,35,45,51,179,157,115,145,154,134,149,136,85,128,141,107
output_0000735.png,170,199,196,63,56,40,163,152,90,129,116,73,88,122,117,140,159,136,93,110,82,18,45,54,80,151,158
output_0000736.png,93,85,56,169,160,114,192,198,158,40,29,24,144,151,119,147,143,89,40,53,48,143,164,150,140,180,164
output_0000737.png,181,210,210,56,48,38,138,121,82,167,170,135,100,121,99,102,81,57,170,145,100,86,93,103,79,140,156
output_0000738.png,193,202,164,118,114,69,42,47,43,71,48,42,177,167,117,151,158,128,175,161,159,69,77,54,158,157,100
output_0000739.png,190,214,207,187,189,154,40,39,26,131,138,106,177,154,116,124,104,55,94,95,56,127,111,104,116,156,172
output_0000740.png,41,43,34,160,152,116,192,201,180,59,82,49,87,92,58,187,194,149,134,118,58,117,97,32,121,95,52
output_0000741.png,201,235,230,24,27,25,100,121,116,113,176,184,75,106,105,43,65,60,67,82,70,90,140,154,62,88,94
output_0000742.png,52,57,42,109,164,175,98,129,124,119,148,136,20,19,24,67,96,97,19,28,27,93,72,49,139,98,132
output_0000743.png,187,215,213,35,39,33,130,168,172,108,121,112,110,145,151,82,111,111,75,75,63,60,88,96,156,116,84
output_0000744.png,145,183,188,37,48,41,92,125,121,147,134,111,51,95,105,148,166,143,102,87,61,67,88,79,17,84,160
output_0000745.png,135,170,166,36,41,36,88,115,113,96,139,143,146,136,121,69,97,101,103,78,60,63,83,76,75,56,37
output_0000746.png,199,195,127,93,95,78,171,190,128,160,150,98,36,41,39,130,147,118,90,69,31,138,169,157,54,43,30
output_0000747.png,178,156,124,104,105,83,23,34,30,117,143,131,51,110,134,62,68,53,31,71,88,63,97,92,141,76,61
output_0000748.png,119,122,93,209,169,97,47,47,42,98,57,36,163,150,107,177,186,140,167,84,20,132,153,149,147,156,115
output_0000749.png,177,155,123,103,103,80,23,34,30,116,136,122,63,89,81,37,103,134,61,66,51,23,67,89,143,84,64
output_0000750.png,120,122,93,209,170,100,47,46,41,99,57,36,164,149,107,176,187,140,169,84,19,113,134,130,122,153,157
output_0000751.png,176,153,120,103,103,80,23,34,31,115,137,123,36,103,133,63,89,82,61,65,51,23,67,90,144,76,72
output_0000752.png,121,124,93,212,173,101,48,47,42,181,189,141,98,58,36,171,153,110,173,88,19,125,142,129,127,154,156
output_0000753.png,22,32,27,142,137,108,95,98,76,110,127,110,58,64,48,65,85,69,96,115,108,56,75,68,124,92,62
output_0000754.png,133,132,99,47,46,42,216,156,67,210,211,166,93,54,35,85,104,81,162,84,23,183,193,144,111,86,66
output_0000755.png,62,62,55,195,193,147,109,105,88,77,92,80,181,233,227,153,106,42,163,70,13,118,160,158,175,161,94
output_0000756.png,202,204,158,95,105,92,38,42,44,27,114,119,125,160,149,132,197,180,157,163,128,59,173,174,111,69,39
output_0000757.png,130,146,117,40,77,74,222,165,78,100,61,42,169,208,185,178,170,123,164,205,170,94,90,73,179,91,21
output_0000758.png,95,99,76,155,198,163,28,97,97,183,160,110,145,131,88,33,166,166,19,27,25,156,152,101,117,153,134
output_0000759.png,51,63,55,188,196,164,87,108,95,88,61,46,168,102,35,146,111,78,127,147,130,181,150,89,236,207,139
output_0000760.png,65,61,49,73,81,76,22,35,32,78,84,66,43,49,37,52,44,31,92,80,58,51,44,20,36,28,12
output_0000761.png,96,125,127,23,27,25,117,169,184,151,166,159,156,140,127,63,72,65,25,83,115,29,49,59,58,81,88
output_0000762.png,141,183,187,25,34,35,53,129,162,90,112,110,150,125,97,30,79,105,94,78,56,52,73,67,140,156,108
output_0000763.png,139,182,186,24,32,33,51,127,161,86,106,104,146,121,94,29,75,100,46,67,63,92,73,50,147,148,100
output_0000764.png,185,206,195,28,38,34,101,115,106,65,134,159,146,134,113,58,73,65,95,81,61,35,81,103,172,156,100
output_0000765.png,157,156,134,135,99,62,22,27,27,90,89,68,79,59,39,50,56,44,84,132,156,100,108,124,76,68,78
output_0000766.png,142,172,172,61,49,30,107,98,84,74,73,72,129,133,122,37,101,127,87,118,118,108,114,111,204,132,44
output_0000767.png,32,41,31,143,178,189,85,132,158,96,116,113,58,90,102,140,116,92,98,87,66,65,81,68,133,158,85
output_0000768.png,204,220,205,116,167,167,67,94,96,172,177,130,151,204,201,134,155,82,146,144,120,178,178,153,94,98,90
output_0000769.png,185,199,172,47,61,78,152,133,103,134,94,66,112,158,160,100,92,93,162,145,128,61,152,178,193,229,225
output_0000770.png,67,60,55,62,79,92,144,137,114,195,237,233,59,128,143,123,155,165,129,188,195,194,191,171,156,96,81
output_0000771.png,194,214,187,86,69,68,54,113,134,153,143,114,124,104,100,113,178,178,178,235,235,187,97,33,177,160,143
output_0000772.png,74,80,83,74,100,117,161,157,137,201,237,232,71,140,158,159,203,200,129,177,182,165,169,173,180,148,100
output_0000773.png,188,222,201,87,69,67,59,120,137,149,141,113,124,105,99,187,99,36,110,174,175,175,160,143,183,180,150
output_0000774.png,68,74,76,69,101,119,201,236,231,165,155,132,123,115,111,155,114,89,158,203,199,129,174,176,163,167,168
output_0000775.png,184,197,167,44,52,60,134,120,106,160,149,110,72,110,127,165,104,57,119,162,158,65,83,116,206,226,216
output_0000776.png,48,48,48,55,73,86,194,236,233,134,126,110,56,119,140,114,143,158,119,178,188,181,178,165,153,88,79
output_0000777.png,46,47,47,187,196,166,53,73,92,145,128,99,111,146,145,102,86,86,140,164,146,155,135,119,180,228,226
output_0000778.png,43,57,67,193,237,233,173,143,121,110,169,183,101,141,136,106,93,84,67,111,133,84,198,210,202,196,156
output_0000779.png,43,55,68,185,200,170,108,88,85,143,139,112,111,154,163,179,118,67,156,145,139,199,228,219,71,162,181
output_0000780.png,43,59,69,192,236,232,164,130,108,75,129,150,110,88,77,181,178,160,112,133,109,68,172,194,76,140,188
output_0000781.png,43,56,70,187,202,173,83,87,105,136,95,71,154,139,112,103,137,136,137,172,167,147,143,142,48,155,179
output_0000782.png,87,84,80,166,222,226,181,166,135,178,133,81,53,114,134,97,109,122,101,147,157,132,162,173,207,203,180
output_0000783.png,133,151,81,191,238,234,41,74,64,138,172,155,198,204,134,108,127,22,70,75,46,185,212,124,86,174,192
output_0000784.png,189,232,231,110,119,89,40,43,45,113,143,147,179,184,146,45,72,82,169,163,123,117,140,35,52,140,180
output_0000785.png,127,149,97,58,59,50,214,212,165,173,219,217,83,87,75,170,176,126,115,114,27,49,83,66,179,205,149
output_0000786.png,139,148,107,180,229,228,45,58,61,86,77,77,159,172,160,201,196,155,184,204,145,104,124,49,68,148,164
output_0000787.png,106,127,69,210,204,150,165,170,124,162,165,97,36,49,28,48,84,37,140,167,91,178,197,124,175,190,162
output_0000788.png,109,88,69,50,66,71,146,132,97,225,246,233,118,151,146,157,161,137,179,189,158,167,207,197,66,156,165
output_0000789.png,207,149,42,77,49,18,149,87,15,77,126,146,26,23,21,55,85,96,71,109,121,180,92,20,116,156,172
output_0000790.png,88,69,30,197,185,117,137,94,27,68,49,25,38,36,23,176,120,27,140,125,74,160,137,77,49,68,53
output_0000791.png,72,52,28,155,109,33,215,182,91,122,82,29,25,26,23,175,152,77,127,102,42,188,116,32,121,112,93
output_0000792.png,89,55,26,177,141,71,147,103,41,24,21,19,163,134,64,44,32,21,121,93,36,92,84,68,60,20,8
output_0000793.png,72,52,28,215,182,90,155,109,33,122,82,29,24,26,23,175,152,78,127,102,41,127,117,101,196,100,52
output_0000794.png,43,38,27,241,213,138,135,105,22,81,63,35,203,162,90,181,150,94,174,133,37,72,43,28,181,149,57
output_0000795.png,47,35,20,141,106,34,106,76,26,121,102,33,79,49,23,19,19,17,82,72,37,84,84,68,28,12,6
output_0000796.png,209,163,87,35,26,17,128,86,33,87,56,27,97,85,49,155,140,88,164,84,19,154,125,100,68,66,60
output_0000797.png,201,208,174,43,48,32,162,156,96,131,131,83,103,144,153,111,103,50,88,89,50,41,91,104,86,172,195
output_0000798.png,61,59,38,174,159,94,213,213,172,143,141,107,129,113,61,87,106,104,116,151,155,101,101,77,156,180,172
output_0000799.png,192,187,154,27,43,42,99,119,113,60,132,165,35,89,118,62,82,80,100,92,59,123,156,162,148,108,72
output_0000800.png,205,206,182,36,55,61,138,134,117,161,165,147,88,90,80,96,114,122,105,116,102,118,146,166,172,148,133
output_0000801.png,23,22,21,97,103,97,119,149,157,136,109,66,159,146,92,53,57,45,84,68,44,45,71,81,52,92,132
output_0000802.png,94,106,108,50,42,25,170,140,99,39,70,76,99,89,59,139,135,118,147,156,153,55,52,52,140,140,164
output_0000803.png,29,35,28,85,110,99,152,125,76,176,180,157,105,75,42,61,75,60,97,137,149,60,88,91,68,52,29
output_0000804.png,169,175,140,109,110,91,33,33,22,96,131,146,157,125,64,111,83,38,78,66,39,67,87,91,54,72,58
output_0000805.png,34,38,27,124,152,155,165,127,73,97,81,56,62,52,28,65,73,62,62,96,103,55,80,88,119,132,123
output_0000806.png,95,110,113,32,40,33,84,63,31,175,161,138,152,135,101,163,172,166,161,163,164,126,148,95,54,59,60
output_0000807.png,39,41,33,179,179,163,114,103,79,159,131,89,83,104,88,81,70,51,89,124,144,36,81,106,61,80,68
output_0000808.png,202,199,167,50,46,34,174,152,113,132,104,91,139,159,178,137,144,119,74,106,117,89,98,76,185,180,70
output_0000809.png,169,190,180,33,31,23,137,133,108,174,161,133,153,158,135,107,117,101,107,104,78,89,79,54,128,89,41
output_0000810.png,79,76,65,180,199,191,187,170,127,148,130,94,80,119,131,151,167,152,38,35,27,26,39,40,116,126,100
output_0000811.png,125,118,92,171,188,174,35,35,26,169,153,121,144,150,127,95,96,72,85,75,50,95,113,101,92,148,151
output_0000812.png,196,178,156,46,50,43,135,114,95,152,182,173,92,86,70,101,123,112,70,102,109,136,149,156,172,100,94
output_0000813.png,67,69,60,195,200,162,139,148,122,141,106,102,180,154,115,99,120,118,21,23,22,141,168,172,180,180,116
output_0000814.png,159,177,168,35,38,31,105,121,114,99,76,61,122,146,148,73,79,70,73,59,46,141,144,131,73,90,93
output_0000815.png,164,185,183,36,42,34,102,123,119,115,145,151,69,81,71,101,92,79,72,95,97,157,128,111,176,156,124
output_0000816.png,174,188,183,39,48,52,117,128,123,130,150,161,156,141,124,104,90,75,80,100,113,70,87,85,172,164,100
output_0000817.png,42,44,36,190,205,205,164,146,167,114,118,113,113,86,63,79,81,70,155,123,107,82,94,96,199,164,124
output_0000818.png,51,60,55,185,201,194,105,128,126,172,136,110,118,151,161,79,104,111,122,95,75,8,14,13,84,164,148
output_0000819.png,52,50,45,192,203,190,100,89,79,132,121,109,110,103,110,110,120,114,166,151,150,150,137,159,81,87,79
output_0000820.png,45,53,47,186,201,195,119,150,161,104,128,128,167,136,116,72,89,87,80,104,111,111,95,82,152,164,116
output_0000821.png,77,72,65,201,221,209,26,31,28,139,138,124,111,99,110,116,132,119,148,156,159,172,163,148,36,28,34
output_0000822.png,16,21,21,99,104,96,59,59,49,38,39,32,43,52,43,86,71,57,69,76,84,80,84,60,41,44,52
output_0000823.png,192,209,199,45,46,41,117,123,112,138,152,151,102,91,90,151,151,130,84,87,78,88,97,100,164,164,116
output_0000824.png,66,71,64,165,184,184,126,136,124,162,169,147,159,141,114,125,100,77,27,36,36,100,111,119,21,23,25
output_0000825.png,161,172,169,29,32,32,122,127,120,94,101,96,116,115,107,55,65,62,80,66,48,84,86,73,92,108,132
output_0000826.png,60,65,59,166,188,191,125,138,136,165,161,140,125,113,96,90,99,97,104,117,108,142,164,158,15,19,14
output_0000827.png,40,48,40,156,193,189,106,98,79,165,136,117,83,91,76,113,123,109,122,151,152,77,104,103,148,164,124
output_0000828.png,171,193,183,37,39,34,112,118,106,146,132,103,102,141,143,103,89,73,72,81,69,172,162,87,75,95,95
output_0000829.png,51,57,50,190,211,206,165,148,131,116,131,130,124,101,81,79,95,92,88,126,102,131,164,149,91,139,164
output_0000830.png,35,39,34,137,116,105,113,162,161,83,110,103,94,79,65,64,74,62,76,137,142,76,91,92,41,60,68
output_0000831.png,190,210,204,50,58,51,165,145,129,125,134,123,123,97,79,131,157,161,80,97,91,85,110,112,100,172,180
output_0000832.png,41,48,43,107,99,86,164,136,126,112,123,119,78,89,81,162,176,173,135,151,158,95,106,109,63,75,76
output_0000833.png,38,48,41,119,161,170,139,115,100,76,109,112,57,82,80,54,77,66,94,79,65,160,148,135,65,100,90
output_0000834.png,190,181,154,77,85,58,30,48,36,130,110,25,128,129,110,146,152,142,153,168,161,45,43,30,115,132,91
output_0000835.png,47,47,34,213,193,101,132,114,55,104,88,45,76,86,58,132,148,122,150,164,131,109,119,94,64,76,76
output_0000836.png,79,90,91,151,150,130,28,30,25,163,168,158,171,185,186,136,138,117,41,43,44,133,144,145,36,52,49
output_0000837.png,40,44,39,126,155,166,95,114,121,79,85,84,152,131,123,106,94,84,88,100,97,122,140,139,68,122,148
output_0000838.png,75,81,80,154,149,123,152,166,171,35,38,27,137,149,145,124,125,107,123,133,137,44,44,44,35,45,45
output_0000839.png,39,43,39,133,151,160,93,107,110,100,89,80,146,122,112,76,81,80,80,92,89,116,132,131,68,116,140
output_0000840.png,74,81,80,154,149,122,151,166,171,35,37,27,136,149,146,125,125,106,122,133,138,44,44,44,35,45,45
output_0000841.png,41,45,40,137,167,179,99,115,121,155,134,129,80,86,84,107,96,86,121,141,145,88,100,97,76,124,156
output_0000842.png,75,81,80,151,166,171,154,158,147,38,39,27,125,125,107,152,141,107,126,137,139,41,43,44,36,53,46
output_0000843.png,36,40,36,129,149,159,95,106,110,147,121,111,100,89,78,75,79,77,80,92,89,116,132,131,76,116,140
output_0000844.png,80,84,76,165,177,178,165,165,153,119,134,143,144,157,155,130,130,117,24,41,44,53,45,28,44,36,31
output_0000845.png,27,31,28,91,102,107,107,124,136,125,145,155,64,80,88,54,65,66,80,75,67,124,123,123,40,51,60
output_0000846.png,132,191,211,69,62,44,166,132,88,114,123,122,179,164,139,19,19,15,86,101,105,115,86,51,21,108,156
output_0000847.png,168,184,189,167,122,57,108,98,73,24,25,18,80,88,73,70,61,38,133,145,112,65,104,150,66,75,86
output_0000848.png,131,190,210,69,63,44,167,132,88,114,123,122,179,164,139,19,19,14,86,101,105,114,84,49,20,100,156
output_0000849.png,57,54,42,203,222,212,130,150,136,97,119,121,133,116,88,177,170,142,156,174,174,102,106,84,182,188,140
output_0000850.png,93,78,66,213,223,208,42,39,38,123,113,104,80,91,103,163,151,118,130,152,158,176,166,147,44,60,92
output_0000851.png,205,220,208,110,122,112,29,30,31,78,62,29,37,49,45,168,160,125,142,164,167,102,90,56,65,62,50
output_0000852.png,209,225,207,43,47,36,128,142,119,125,112,75,179,144,102,163,178,158,91,100,79,98,116,102,214,188,132
output_0000853.png,204,219,208,110,123,112,29,30,30,78,62,29,37,48,44,168,160,127,141,164,167,101,90,56,66,62,50
output_0000854.png,201,213,201,77,81,59,30,31,29,134,115,55,159,168,159,168,152,128,131,134,122,33,47,42,149,140,79
output_0000855.png,205,220,207,101,111,98,29,30,30,80,63,29,37,48,44,145,165,167,149,145,117,65,62,50,175,163,130
output_0000856.png,39,40,35,194,201,183,126,131,99,163,144,108,116,95,66,73,102,104,163,160,157,73,89,82,144,172,92
output_0000857.png,72,71,57,211,223,214,142,142,123,180,161,135,132,115,94,157,166,167,90,107,123,19,25,24,194,180,132
output_0000858.png,44,49,42,183,159,126,114,103,70,94,88,57,92,114,101,79,95,93,68,85,78,140,148,126,140,140,132
output_0000859.png,77,73,55,210,221,210,144,136,113,164,180,175,120,127,112,148,158,160,95,103,115,22,33,30,180,116,76
output_0000860.png,171,186,180,38,40,34,156,121,83,141,145,156,117,128,96,118,89,53,83,81,56,70,87,101,108,164,92
output_0000861.png,198,203,193,71,62,48,173,136,122,139,112,96,183,169,140,24,27,22,91,96,107,111,122,131,112,124,156
output_0000862.png,43,47,35,176,187,181,127,118,89,165,162,134,97,81,48,162,139,110,99,121,113,31,82,115,17,100,156
output_0000863.png,203,188,159,35,43,35,108,87,69,100,114,98,166,125,94,116,144,145,78,58,50,81,88,71,76,95,94
output_0000864.png,204,211,202,61,56,44,176,141,128,134,136,132,188,177,147,128,94,69,104,105,116,96,94,77,98,124,164
output_0000865.png,49,51,45,196,174,146,132,120,72,119,137,147,140,160,163,68,92,95,93,78,47,100,114,112,164,92,89
output_0000866.png,36,40,39,194,209,194,123,124,98,154,139,111,37,77,109,155,154,157,112,88,50,75,82,72,148,164,92
output_0000867.png,37,44,36,195,181,151,158,126,89,105,89,66,100,115,100,74,92,89,114,141,142,78,63,47,84,90,69
output_0000868.png,196,210,202,69,73,58,127,107,59,163,143,122,148,160,158,135,139,121,23,27,27,23,39,44,96,112,113
output_0000869.png,134,104,82,32,38,31,123,164,170,91,73,52,71,109,111,47,72,68,86,92,70,149,140,127,88,124,140
output_0000870.png,167,182,167,30,37,28,99,118,108,146,140,118,118,146,141,59,75,65,67,90,85,92,85,68,108,160,152
output_0000871.png,25,26,21,96,118,120,46,40,29,83,96,85,61,73,70,61,46,30,61,61,43,35,44,36,85,77,60
output_0000872.png,169,184,169,30,36,27,147,139,117,103,118,106,118,146,141,92,81,64,60,74,63,66,89,85,116,156,150
output_0000873.png,20,20,19,28,20,20,4,4,4,20,28,20,20,20,28,12,4,4,12,16,16,12,12,4,20,24,16
output_0000874.png,173,188,173,31,37,29,149,144,122,110,124,111,129,154,149,95,88,70,76,98,93,64,81,72,187,164,116
output_0000875.png,25,26,22,93,94,81,70,70,60,96,80,70,64,81,85,46,42,32,50,63,58,68,92,93,44,51,52
output_0000876.png,152,174,169,32,38,31,90,115,115,106,138,149,59,76,71,159,127,96,64,90,94,101,83,60,143,148,92
output_0000877.png,50,56,50,177,192,178,127,134,117,117,104,88,166,131,93,85,96,87,135,156,160,88,77,76,92,98,111
output_0000878.png,169,188,172,32,39,33,106,119,108,151,137,114,65,75,67,109,146,148,102,82,63,72,91,92,159,156,92
output_0000879.png,46,55,55,170,196,188,122,144,136,120,112,92,160,143,119,89,108,105,99,120,126,71,87,95,135,157,176
output_0000880.png,46,52,48,170,199,190,127,151,141,135,114,98,99,125,131,132,168,173,103,115,100,171,144,113,101,86,78
output_0000881.png,33,38,33,93,108,104,152,125,113,102,78,86,182,194,173,70,83,67,75,59,60,123,129,143,75,82,96
output_0000882.png,52,55,54,150,160,158,109,115,115,125,131,140,18,18,18,92,89,87,88,91,100,132,132,132,132,140,124
output_0000883.png,48,51,41,190,202,202,130,139,123,149,160,172,130,113,87,102,108,84,105,112,116,178,148,115,99,83,60
output_0000884.png,78,71,49,168,179,179,22,27,23,119,131,124,172,142,106,186,169,140,133,109,69,45,35,25,114,132,156
output_0000885.png,189,205,207,154,162,170,43,47,43,143,142,144,171,149,124,109,112,121,131,103,76,96,96,89,93,77,61
output_0000886.png,74,66,43,166,178,180,136,126,103,102,124,122,180,151,114,87,103,106,20,26,22,148,164,136,92,132,157
output_0000887.png,58,58,45,204,224,225,85,94,95,146,136,118,106,101,94,127,162,179,188,185,170,161,158,162,155,117,69
output_0000888.png,139,131,113,190,151,150,36,48,44,58,48,34,63,83,80,152,191,164,81,66,41,116,78,78,155,171,172
output_0000889.png,192,207,209,62,63,50,178,170,153,164,139,112,120,131,136,118,101,75,19,30,28,116,140,172,99,116,107
output_0000890.png,167,174,171,35,46,34,117,114,89,169,141,113,93,108,103,83,75,56,80,89,94,131,148,132,84,116,148
output_0000891.png,133,133,109,31,37,29,60,47,29,171,187,168,127,159,163,85,68,38,72,79,69,184,153,136,109,79,60
output_0000892.png,180,123,49,36,42,27,109,75,36,13,65,90,74,65,39,23,94,129,121,137,136,140,60,13,33,92,108
output_0000893.png,54,65,50,173,188,161,113,128,97,162,135,86,110,93,55,19,32,25,68,104,102,17,19,18,106,153,156
output_0000894.png,125,121,88,24,30,28,177,172,147,147,168,149,135,148,145,49,39,25,64,67,50,65,58,25,97,71,44
output_0000895.png,179,126,55,37,42,26,109,77,40,49,98,121,121,135,132,13,64,88,74,64,39,80,93,84,140,60,15
output_0000896.png,40,38,26,137,139,117,46,68,67,173,190,182,95,72,37,85,77,61,118,103,67,173,185,150,184,155,126
output_0000897.png,171,117,48,28,41,29,111,94,63,73,123,137,162,165,153,17,70,93,71,61,37,62,96,84,124,132,112
output_0000898.png,165,178,157,137,137,103,34,36,27,120,102,70,165,142,111,134,148,144,91,89,52,59,86,94,83,67,38
output_0000899.png,177,143,98,24,31,22,107,74,46,62,53,37,141,66,15,126,136,130,69,89,83,113,122,125,65,75,76
output_0000900.png,193,140,60,28,28,20,99,68,38,65,52,31,75,76,66,140,60,16,68,66,61,122,106,95,132,124,100
output_0000901.png,179,171,151,24,30,25,91,66,43,107,123,123,125,83,36,59,44,30,30,62,71,49,81,88,70,104,117
output_0000902.png,176,145,81,41,48,37,128,105,59,114,157,133,85,70,42,79,104,84,49,128,143,40,86,90,156,76,4
output_0000903.png,163,172,145,33,33,21,157,134,90,112,115,84,108,82,41,83,71,39,60,75,56,111,144,144,70,90,85
output_0000904.png,181,164,134,31,35,29,145,110,71,80,94,79,89,66,40,15,65,85,50,63,53,24,103,127,20,136,154
output_0000905.png,37,39,28,171,172,135,157,136,85,125,121,82,113,88,47,72,82,60,66,96,93,119,140,148,164,156,84
output_0000906.png,181,164,136,30,34,30,143,107,68,89,66,41,72,88,82,15,65,85,24,102,127,46,62,54,172,132,60
output_0000907.png,39,39,26,184,176,124,156,131,77,129,115,67,112,91,50,79,79,51,79,64,36,81,88,76,158,148,124
output_0000908.png,181,139,78,30,33,21,114,96,58,129,143,128,77,69,40,77,94,72,55,76,58,62,83,77,97,122,125
output_0000909.png,39,149,182,28,80,104,13,21,19,77,57,22,52,42,22,21,52,57,87,116,121,45,68,63,16,76,133
output_0000910.png,46,40,25,164,151,100,120,108,74,134,134,108,87,79,51,97,93,65,122,121,116,91,83,68,148,76,60
output_0000911.png,136,128,102,26,27,20,95,84,57,112,117,95,72,73,50,64,52,32,105,98,93,124,68,47,56,60,60
output_0000912.png,187,178,144,49,45,34,126,110,80,89,77,55,139,164,170,116,138,147,79,93,100,91,113,121,156,83,26
output_0000913.png,21,109,165,15,18,16,15,60,95,19,42,54,39,38,22,66,51,25,35,60,58,30,100,121,12,68,132
output_0000914.png,161,141,122,38,37,25,119,95,72,130,130,140,83,68,45,139,132,113,89,93,83,79,81,78,151,95,36
output_0000915.png,36,38,32,150,178,183,103,111,100,70,130,159,155,133,102,78,71,55,107,81,53,56,85,101,54,71,72
output_0000916.png,182,152,110,21,21,17,100,79,62,61,50,38,121,117,98,74,69,57,138,66,29,71,60,60,99,103,115
output_0000917.png,185,150,106,40,34,25,118,87,55,136,126,106,82,61,45,88,85,71,89,98,115,68,71,75,155,64,20
output_0000918.png,25,32,30,157,131,133,21,86,135,24,63,96,90,78,78,55,52,46,41,60,65,116,116,114,68,76,66
output_0000919.png,18,26,26,74,99,118,47,68,77,56,64,51,56,45,36,77,92,88,27,47,54,84,62,55,13,52,100
output_0000920.png,113,86,75,47,42,37,217,219,218,203,178,163,193,155,143,173,141,138,171,136,116,68,44,36,180,172,181
output_0000921.png,41,44,50,192,206,221,152,155,182,122,120,144,159,132,149,123,92,96,76,86,109,128,117,119,180,172,172
output_0000922.png,83,128,169,16,20,20,49,75,98,34,44,55,95,89,114,61,53,56,40,44,41,90,108,124,72,68,67
output_0000923.png,198,159,131,28,23,20,132,85,53,136,130,149,83,48,29,165,107,57,91,88,96,66,68,84,155,132,122
output_0000924.png,25,21,19,187,140,104,222,204,194,77,43,27,96,68,54,128,74,31,130,92,69,221,190,158,40,144,196
output_0000925.png,24,22,20,186,149,118,77,48,32,221,209,200,95,77,66,129,97,74,124,78,39,220,196,170,48,150,206
output_0000926.png,24,21,19,188,146,111,79,47,31,224,212,203,96,78,71,130,81,37,129,96,78,223,196,166,44,140,196
output_0000927.png,207,180,156,153,113,77,27,23,21,177,152,129,103,91,83,93,62,40,129,126,145,70,72,88,188,132,95
output_0000928.png,137,79,103,209,176,204,41,44,52,202,131,148,81,61,79,163,130,158,78,44,42,133,113,151,224,165,165
output_0000929.png,124,72,97,217,184,211,42,43,50,175,136,162,209,135,158,179,101,127,79,43,42,210,164,177,137,107,150
output_0000930.png,157,144,159,71,74,61,222,222,233,213,185,217,208,175,199,105,105,98,72,85,90,104,110,121,84,76,84
output_0000931.png,167,152,172,74,76,65,225,227,235,116,113,111,213,185,221,213,180,207,81,91,96,122,123,136,92,84,92
output_0000932.png,156,140,155,69,72,60,223,221,230,207,169,194,105,104,98,102,75,121,75,84,87,105,102,122,193,180,197
output_0000933.png,154,138,153,209,168,197,59,63,52,227,230,234,90,89,72,101,101,99,190,164,205,187,172,192,84,76,65
output_0000934.png,198,169,148,31,28,23,123,88,62,79,56,39,81,89,91,32,68,93,156,100,62,101,116,143,148,140,156
output_0000935.png,210,188,179,178,136,112,122,88,65,31,27,22,78,55,39,55,77,94,89,84,75,84,114,148,148,140,140
output_0000936.png,199,165,156,144,106,83,32,28,23,90,64,46,170,141,121,159,142,150,97,88,82,36,72,95,180,126,100
output_0000937.png,193,157,149,31,28,23,138,103,82,160,135,123,172,124,103,89,65,46,99,89,78,140,121,127,69,72,79
output_0000938.png,173,163,181,76,78,73,231,237,236,216,194,220,120,118,118,104,102,89,142,121,158,100,91,87,123,132,145
output_0000939.png,190,176,199,85,84,75,230,237,236,123,120,119,135,134,147,97,102,109,152,146,151,86,91,102,161,120,172
output_0000940.png,180,169,189,231,238,236,103,102,92,58,61,62,117,116,121,138,132,133,220,198,227,154,117,167,92,84,79
output_0000941.png,210,191,184,163,127,115,29,29,31,124,96,86,98,73,63,176,147,149,72,61,58,96,83,92,191,156,100
output_0000942.png,182,152,141,26,28,30,107,80,70,67,52,46,71,71,85,125,124,140,145,102,58,74,76,75,108,124,124
output_0000943.png,188,161,153,23,27,30,108,80,69,63,50,42,65,69,88,124,122,146,146,84,64,73,84,89,132,140,156
output_0000944.png,151,201,209,46,49,49,97,108,111,65,78,93,31,122,148,91,148,180,87,116,142,134,153,147,104,108,76
output_0000945.png,149,190,195,36,62,77,25,35,39,56,100,116,92,93,97,90,117,133,91,147,171,113,139,142,75,76,60
output_0000946.png,33,49,55,64,127,157,151,211,224,58,98,118,132,139,141,86,88,88,99,121,119,135,166,176,79,148,188
output_0000947.png,153,197,207,131,166,173,34,40,40,95,128,145,82,104,110,124,146,149,68,84,92,85,86,88,99,148,188
output_0000948.png,139,171,171,36,45,47,45,70,82,83,110,129,33,121,144,83,140,168,84,98,98,162,221,231,84,92,68
output_0000949.png,40,45,39,104,152,176,71,115,134,129,133,128,61,89,102,104,120,109,97,98,84,118,158,142,78,86,68
output_0000950.png,43,44,32,121,169,192,91,116,125,67,85,86,125,137,145,95,89,79,118,156,155,89,109,95,18,92,164
output_0000951.png,124,165,184,23,24,23,67,79,98,121,107,106,130,125,121,53,53,48,75,63,55,92,77,64,68,100,132
output_0000952.png,76,88,93,188,208,208,182,183,168,163,152,141,114,141,160,135,137,129,122,116,114,37,42,38,101,148,188
output_0000953.png,109,115,120,181,210,219,45,49,51,57,71,78,141,159,170,52,59,69,144,156,155,174,178,183,168,189,188
output_0000954.png,43,53,59,124,124,127,186,221,227,61,87,100,155,183,206,68,76,75,133,155,172,152,175,183,180,172,170
output_0000955.png,15,18,16,80,68,59,49,49,43,143,113,100,88,108,134,47,63,76,32,45,45,58,68,59,116,108,98
output_0000956.png,19,24,26,32,60,91,56,101,154,23,42,58,52,84,116,44,52,68,25,44,44,36,68,124,36,60,68
output_0000957.png,169,186,180,21,24,18,142,125,85,116,102,68,90,67,27,125,135,148,170,148,83,16,62,60,18,69,86
output_0000958.png,164,196,203,113,96,69,22,29,31,183,158,97,122,133,139,186,183,151,56,40,28,57,62,60,155,143,105
output_0000959.png,31,34,27,187,162,114,126,101,64,93,75,46,63,78,83,105,101,79,19,98,137,147,140,92,156,92,50
output_0000960.png,86,66,35,188,204,184,180,154,65,150,135,86,113,143,168,26,24,16,139,106,48,99,103,106,197,172,82
output_0000961.png,184,157,113,25,26,21,88,69,44,126,99,64,102,96,76,143,155,139,93,113,114,20,60,79,156,92,34
output_0000962.png,73,60,38,185,158,106,16,29,27,128,95,51,80,148,148,95,102,75,32,109,140,28,75,94,28,19,22
output_0000963.png,181,185,156,46,39,27,163,125,67,115,85,41,78,134,153,120,117,94,56,87,99,83,79,58,194,156,72
output_0000964.png,74,60,39,193,163,116,134,100,57,16,30,31,59,118,142,93,102,83,99,154,163,23,69,90,164,84,44
output_0000965.png,181,186,157,46,39,27,164,126,66,115,85,40,77,134,153,121,117,95,56,88,99,83,78,57,192,156,74
output_0000966.png,188,161,113,28,33,28,124,93,54,85,67,40,94,92,63,22,106,143,73,150,146,21,67,89,157,84,45
output_0000967.png,170,193,181,45,39,27,167,125,55,79,134,153,115,83,37,121,116,92,57,87,100,197,157,76,84,78,56
output_0000968.png,185,156,107,32,35,29,116,86,49,82,64,39,22,104,137,55,153,158,16,63,83,36,94,83,149,76,30
output_0000969.png,188,192,172,44,39,34,130,102,54,175,139,85,115,139,163,94,74,43,77,90,105,198,165,70,97,113,122
output_0000970.png,35,35,28,186,159,111,116,85,48,81,63,37,52,113,137,97,148,152,75,100,95,20,68,90,148,76,34
output_0000971.png,188,194,173,43,39,34,130,103,53,175,144,66,107,137,163,94,74,41,203,170,59,72,90,108,96,111,121
output_0000972.png,179,193,182,28,25,18,155,132,87,125,113,81,108,81,46,79,62,39,97,133,169,62,77,99,185,156,82
output_0000973.png,193,198,175,41,37,33,167,138,77,105,138,163,134,117,80,119,90,44,88,70,42,200,170,74,65,88,108
output_0000974.png,180,154,112,29,28,23,116,88,47,77,59,34,135,140,116,50,100,114,69,86,65,16,65,77,148,84,35
output_0000975.png,171,182,182,53,43,32,111,84,39,147,114,52,169,150,110,85,70,41,19,19,18,75,99,112,64,81,89
output_0000976.png,174,138,87,30,28,21,111,76,43,69,47,29,78,145,148,50,83,85,31,113,125,25,66,77,140,68,36
output_0000977.png,214,209,178,41,37,32,134,107,68,174,143,90,95,74,43,123,140,159,96,105,105,62,83,103,203,170,69
output_0000978.png,175,145,78,30,30,25,119,83,35,79,57,33,58,145,158,24,92,105,14,70,87,167,214,215,140,132,93
output_0000979.png,40,34,30,165,130,94,212,197,160,106,76,53,132,105,78,67,66,79,81,68,54,164,156,130,134,117,124
output_0000980.png,188,157,95,28,29,25,131,97,51,150,140,109,79,60,40,92,85,63,22,70,83,148,132,116,164,92,36
output_0000981.png,27,28,23,154,185,198,154,111,65,74,77,89,92,73,56,109,97,95,66,64,60,191,143,81,63,49,35
output_0000982.png,168,129,61,28,28,25,194,177,128,127,99,60,80,64,47,156,156,130,97,95,83,75,81,87,121,119,142
output_0000983.png,27,27,23,158,186,201,158,115,71,106,99,101,66,66,65,91,74,60,79,80,93,197,153,110,47,51,61
output_0000984.png,206,215,202,41,38,32,120,86,42,171,133,75,130,116,91,130,146,158,86,79,59,200,167,94,85,95,98
output_0000985.png,138,90,42,27,34,33,91,62,33,57,46,32,33,54,62,24,62,45,16,65,84,40,76,60,107,109,86
output_0000986.png,43,39,33,208,213,195,174,131,63,119,86,41,128,115,90,125,144,159,86,79,60,84,94,98,124,164,184
output_0000987.png,30,31,27,149,96,44,100,66,29,67,49,28,17,83,98,12,54,64,31,60,37,74,76,51,121,108,70
output_0000988.png,218,207,175,183,136,66,36,33,27,130,86,36,87,63,34,83,132,165,54,80,98,63,101,127,98,164,193
output_0000989.png,173,121,65,27,29,25,106,69,42,67,48,40,57,84,66,112,127,107,140,68,31,38,68,68,116,116,108
output_0000990.png,177,131,63,217,207,175,36,34,27,127,83,33,87,64,35,140,112,65,82,132,164,61,85,103,99,164,195
output_0000991.png,179,128,73,29,32,29,112,74,40,71,52,32,57,91,75,101,125,111,86,113,112,45,75,68,148,76,35
output_0000992.png,176,130,61,217,208,177,36,34,27,127,82,33,86,63,35,140,112,65,84,131,163,62,84,102,99,164,194
output_0000993.png,174,122,63,29,31,28,108,70,36,71,51,30,55,90,71,76,111,111,103,127,123,47,75,68,140,68,29
output_0000994.png,190,165,102,27,24,14,78,59,23,147,110,32,207,192,151,138,113,66,51,52,25,109,95,56,146,128,86
output_0000995.png,34,34,29,169,122,39,102,76,32,58,123,156,75,57,35,21,67,88,35,85,107,28,60,62,118,124,106
output_0000996.png,29,39,46,119,160,198,199,207,209,62,95,130,38,87,129,33,65,96,70,122,169,146,136,127,132,108,84
output_0000997.png,26,51,78,45,81,116,15,23,24,17,38,56,69,84,99,36,38,42,26,44,43,47,60,59,60,60,60
output_0000998.png,51,60,67,191,197,184,155,140,115,118,124,118,110,92,84,111,148,154,75,102,110,18,19,19,86,164,188
output_0000999.png,50,128,163,22,31,33,44,85,113,28,60,80,77,63,54,94,88,85,107,124,139,54,60,58,116,113,131
output_0001000.png,52,62,69,192,197,183,156,141,115,117,126,120,110,92,84,109,150,159,78,106,117,17,18,17,88,164,192
output_0001001.png,152,180,193,27,34,35,91,116,136,134,152,160,132,131,137,96,97,94,52,71,85,84,79,77,104,140,172
output_0001002.png,152,184,199,109,137,156,25,34,37,90,109,124,51,81,104,130,128,132,58,70,77,79,77,79,156,156,148
output_0001003.png,123,150,169,163,191,200,30,37,39,100,118,134,74,92,108,142,138,144,90,82,81,63,78,85,140,172,156
output_0001004.png,156,186,200,29,37,41,94,112,129,51,69,84,130,148,155,134,134,143,90,77,87,98,101,99,60,116,168
output_0001005.png,153,183,196,29,37,38,99,125,146,140,160,168,140,139,147,90,82,82,55,76,90,100,102,103,92,140,180
output_0001006.png,30,39,44,166,196,208,122,146,164,103,117,130,135,134,140,72,94,112,91,82,87,57,78,90,151,164,164
output_0001007.png,44,50,50,104,125,143,172,215,226,146,183,205,140,170,185,46,75,89,76,84,88,158,172,181,47,59,76
output_0001008.png,158,193,213,133,151,165,25,29,29,94,108,122,127,125,128,87,92,94,54,66,77,123,156,188,77,73,71
output_0001009.png,24,27,29,157,191,210,49,65,84,96,98,109,60,92,122,105,116,138,131,139,154,104,137,164,89,84,54
output_0001010.png,153,185,206,129,150,169,27,33,32,98,114,134,127,126,129,96,99,103,59,73,83,79,79,82,117,148,188
output_0001011.png,53,69,88,24,28,29,161,196,215,101,105,117,110,123,145,63,98,128,134,146,162,107,141,167,81,76,59
output_0001012.png,137,163,187,50,57,55,83,99,113,59,75,94,175,208,225,57,85,106,99,126,149,98,113,142,144,140,84
output_0001013.png,33,40,42,160,190,209,57,70,84,88,104,122,128,141,145,88,94,94,125,129,131,85,83,78,92,116,156
output_0001014.png,36,45,49,132,131,141,159,187,206,145,150,160,99,113,134,105,105,111,60,80,100,90,87,93,105,132,172
output_0001015.png,31,39,44,180,211,229,113,153,191,141,176,208,83,128,171,81,99,132,99,124,159,72,92,116,132,155,189
output_0001016.png,61,68,82,190,231,236,99,110,137,125,132,156,87,128,157,132,156,186,111,116,124,132,182,210,148,172,196
output_0001017.png,4,4,4,8,4,4,8,4,4,8,4,4,8,4,4,8,4,4,8,4,4,8,4,4,8,4,4
