frame_path,color_1_r,color_1_g,color_1_b,color_2_r,color_2_g,color_2_b,color_3_r,color_3_g,color_3_b,color_4_r,color_4_g,color_4_b,color_5_r,color_5_g,color_5_b,color_6_r,color_6_g,color_6_b,color_7_r,color_7_g,color_7_b,color_8_r,color_8_g,color_8_b,color_9_r,color_9_g,color_9_b,color_10_r,color_10_g,color_10_b
output_0000001.png,198,166,120,133,90,46,84,52,19,23,15,4,100,76,28,164,108,63,156,132,85,156,124,100,60,39,20
output_0000002.png,125,93,49,211,192,158,25,17,4,177,145,95,68,48,18,53,35,10,179,164,122,175,156,132,188,132,89
output_0000003.png,39,33,20,159,159,146,136,128,111,190,186,159,91,74,49,105,102,88,92,87,86,135,142,154,172,92,68
output_0000004.png,192,203,171,34,29,18,125,104,71,147,170,142,85,62,39,91,97,79,73,78,88,126,134,151,166,108,92
output_0000005.png,203,193,171,94,64,33,174,171,149,32,25,13,159,139,110,129,113,96,155,110,60,155,149,152,188,124,90
output_0000006.png,105,99,60,33,31,9,161,152,124,198,188,155,128,157,58,54,42,19,165,191,109,157,141,101,180,175,164
output_0000007.png,135,146,91,210,198,163,35,37,28,87,102,26,41,77,16,81,78,62,170,172,162,175,197,121,79,110,53
output_0000008.png,43,63,33,233,235,223,158,153,120,170,195,145,122,153,89,114,108,75,166,170,170,119,118,116,204,86,80
output_0000009.png,133,143,97,206,193,163,35,37,23,90,105,24,41,77,17,81,78,63,175,177,168,79,110,54,176,196,120
output_0000010.png,88,102,66,233,232,221,151,146,120,164,187,138,19,24,21,26,60,26,121,131,124,163,162,170,203,102,99
output_0000011.png,61,58,47,220,219,207,155,144,123,173,178,173,155,159,173,124,128,110,117,105,77,99,107,112,188,148,121
output_0000012.png,106,94,65,234,237,229,19,23,19,179,190,184,145,150,141,161,167,167,160,135,94,61,38,24,196,124,140
output_0000013.png,203,173,130,27,23,15,125,97,59,77,65,46,91,92,68,91,82,76,145,151,98,159,65,65,148,132,148
output_0000014.png,21,24,21,128,99,54,91,59,28,235,238,231,105,114,106,155,138,108,163,161,140,170,173,165,56,140,108
output_0000015.png,199,167,123,28,24,15,124,97,62,77,65,47,91,92,72,90,82,76,145,148,86,162,68,80,148,108,132
output_0000016.png,20,23,21,128,97,52,106,112,105,236,238,232,90,59,31,155,135,100,163,161,140,169,173,164,60,148,108
output_0000017.png,208,208,201,32,36,28,156,167,160,140,139,119,136,150,162,96,115,103,87,85,62,66,86,100,188,77,50
output_0000018.png,218,222,212,23,25,19,162,184,166,138,136,117,101,118,107,89,77,58,156,160,159,92,97,95,180,108,100
output_0000019.png,194,188,174,53,56,49,142,129,113,159,162,170,98,95,83,110,119,110,160,165,149,102,107,116,172,104,92
output_0000020.png,218,222,212,27,30,24,170,188,173,148,148,129,110,127,113,164,168,167,94,90,74,94,104,104,196,140,128
output_0000021.png,185,193,200,151,155,159,25,27,22,122,126,119,160,137,122,105,85,66,69,75,64,64,81,92,183,172,140
output_0000022.png,213,219,210,154,174,163,125,126,112,14,16,13,85,105,91,117,149,152,75,70,54,76,82,86,180,124,109
output_0000023.png,189,195,199,156,163,175,27,30,26,131,126,116,100,110,105,84,75,62,153,156,147,62,80,101,172,124,92
output_0000024.png,213,216,207,156,172,161,23,23,19,138,129,112,98,115,99,89,78,60,120,151,157,80,87,96,180,108,100
output_0000025.png,183,191,198,25,27,23,118,125,125,162,159,149,159,134,120,69,76,68,112,106,72,103,78,59,132,124,164
output_0000026.png,213,216,206,22,23,20,138,137,124,157,177,166,101,121,108,136,159,159,89,84,67,93,96,96,180,108,100
output_0000027.png,205,205,203,164,169,162,27,31,25,139,138,126,143,150,162,97,108,105,83,77,61,79,87,97,188,92,140
output_0000028.png,178,184,193,33,39,34,86,65,52,96,91,71,126,120,114,141,136,124,98,106,106,220,224,225,60,116,40
output_0000029.png,80,80,62,212,213,204,156,149,137,177,184,167,20,30,22,170,165,177,121,119,123,126,135,113,192,140,64
output_0000030.png,206,209,207,42,43,32,147,144,130,167,175,167,116,124,108,100,94,74,145,158,168,84,99,108,194,82,117
output_0000031.png,81,82,65,215,215,206,156,150,135,176,184,166,20,30,24,125,136,114,172,168,175,120,120,120,193,132,22
output_0000032.png,205,207,204,36,38,28,143,141,126,166,176,168,107,116,100,91,88,70,149,157,169,74,85,110,193,83,123
output_0000033.png,80,81,64,215,215,206,156,150,135,176,184,166,20,31,24,125,136,113,171,167,176,119,119,120,188,124,20
output_0000034.png,200,202,199,31,34,24,135,132,117,159,168,157,85,86,67,100,113,97,140,149,161,79,91,99,187,78,114
output_0000035.png,73,79,65,208,210,203,148,143,135,175,186,177,165,168,179,113,120,121,21,26,20,121,133,129,188,100,92
output_0000036.png,161,163,149,38,47,37,83,81,58,77,62,45,92,106,94,238,241,235,125,109,94,218,209,194,53,132,110
output_0000037.png,110,118,111,223,229,227,44,52,43,169,174,172,184,204,201,68,75,59,145,165,162,181,187,196,74,49,72
output_0000038.png,101,114,103,215,219,208,32,43,37,158,172,182,154,160,157,175,190,185,65,45,40,84,75,36,133,158,162
output_0000039.png,126,131,124,35,43,40,229,235,233,194,212,212,78,73,61,166,184,183,184,183,175,85,86,66,189,204,195
output_0000040.png,125,138,133,211,219,209,37,37,31,46,71,59,167,177,190,72,79,69,77,101,93,82,73,41,179,197,185
output_0000041.png,35,42,37,172,181,177,103,115,104,92,90,70,131,124,112,85,72,56,237,240,238,137,141,127,216,229,226
output_0000042.png,218,227,223,52,58,48,147,151,144,168,186,180,116,131,120,163,169,173,105,106,92,105,109,119,186,102,126
output_0000043.png,105,88,71,212,225,212,33,33,27,155,158,135,122,126,120,102,104,104,163,186,160,157,157,157,76,97,92
output_0000044.png,25,30,25,176,187,187,145,159,164,115,133,121,165,167,170,109,108,95,77,89,74,87,107,99,68,124,108
output_0000045.png,163,181,157,36,37,30,215,219,209,147,144,125,114,122,113,106,92,69,96,104,104,77,90,81,160,163,164
output_0000046.png,131,138,125,24,27,23,162,175,181,195,206,201,176,192,184,64,50,38,75,92,82,89,75,48,105,85,69
output_0000047.png,22,22,17,203,217,203,99,85,65,124,119,107,147,154,132,129,145,152,88,100,99,159,167,156,79,60,68
output_0000048.png,127,135,123,27,27,22,163,177,182,188,204,195,107,101,71,79,79,64,79,65,41,43,69,57,183,165,157
output_0000049.png,27,26,21,92,74,58,213,225,213,119,130,132,121,106,81,148,145,131,161,172,143,162,183,159,64,116,96
output_0000050.png,119,125,107,27,28,23,162,177,182,189,204,195,144,159,162,78,69,46,53,76,67,82,81,69,180,164,151
output_0000051.png,40,40,32,115,98,77,223,232,224,131,142,140,163,174,147,173,191,171,161,161,167,106,106,110,91,123,124
output_0000052.png,129,138,125,22,26,22,164,177,182,195,207,199,67,50,37,176,198,182,90,75,48,68,86,74,98,87,71
output_0000053.png,214,223,216,31,40,32,101,113,101,77,76,61,137,140,120,86,95,73,151,161,154,137,144,144,44,116,108
output_0000054.png,25,21,17,170,173,180,115,113,100,143,128,68,134,141,148,74,80,87,115,125,134,92,73,91,126,108,132
output_0000055.png,158,165,165,201,213,208,175,187,185,27,31,24,142,139,126,100,124,114,91,72,55,82,97,94,188,124,188
output_0000056.png,179,192,185,203,216,210,26,28,25,160,168,169,150,142,127,117,128,117,105,91,71,97,103,103,196,148,84
output_0000057.png,164,170,171,182,198,194,144,144,134,205,218,212,27,31,24,102,128,120,91,74,57,87,103,98,196,124,116
output_0000058.png,25,28,24,201,210,202,174,186,179,151,148,138,118,128,118,167,170,172,103,93,74,97,104,103,188,132,52
output_0000059.png,171,183,181,202,214,208,144,156,158,26,29,23,142,136,121,100,121,114,89,66,48,81,95,92,196,148,150
output_0000060.png,140,142,133,19,21,19,208,216,210,181,194,188,174,178,180,65,51,44,75,89,78,88,74,50,111,87,69
output_0000061.png,199,211,206,152,163,166,175,187,186,26,30,24,140,140,128,101,123,116,87,74,58,83,95,97,188,148,134
output_0000062.png,192,203,196,156,162,163,29,28,24,131,137,126,116,99,79,169,147,122,79,89,72,84,101,97,210,181,84
output_0000063.png,196,207,202,160,173,173,26,29,23,135,152,154,93,112,106,130,128,115,81,68,53,80,88,89,180,140,124
output_0000064.png,27,30,26,173,186,180,205,214,207,147,137,119,161,169,169,113,124,113,102,89,69,96,104,102,189,140,72
output_0000065.png,171,182,181,200,211,206,27,31,25,149,159,162,136,138,130,102,122,116,84,77,66,85,95,96,188,140,132
output_0000066.png,167,174,174,41,30,26,217,222,222,199,208,213,103,74,58,117,105,100,92,79,87,123,121,127,116,132,133
output_0000067.png,233,239,235,64,71,53,164,191,162,149,150,133,120,140,116,152,166,168,113,113,92,105,120,120,191,113,152
output_0000068.png,182,195,190,22,23,20,98,68,55,114,98,77,148,147,123,106,121,109,140,122,109,237,242,238,64,132,120
output_0000069.png,223,230,226,163,180,172,33,37,27,136,151,152,140,131,113,102,121,103,93,75,53,91,96,101,188,140,60
output_0000070.png,19,21,19,185,199,194,94,71,57,124,107,84,143,131,115,154,154,132,108,121,113,228,233,230,60,116,108
output_0000071.png,226,234,230,165,182,173,26,31,23,142,127,109,136,150,152,96,124,94,90,74,53,82,89,103,196,164,150
output_0000072.png,26,29,24,124,128,125,227,232,223,195,212,203,89,88,61,78,59,48,178,186,170,161,176,167,178,193,204
output_0000073.png,130,129,121,24,26,24,193,183,173,73,78,80,95,71,48,71,47,39,177,191,178,178,178,188,102,81,71
output_0000074.png,208,211,207,171,180,168,17,21,17,138,133,115,152,156,164,107,116,97,95,70,54,93,85,96,158,172,116
output_0000075.png,104,94,44,162,171,156,34,34,26,77,59,38,106,112,109,211,221,228,155,148,94,125,129,130,222,222,170
output_0000076.png,207,211,208,171,180,167,134,130,107,17,22,19,151,156,165,92,71,54,100,113,93,159,172,116,93,89,93
output_0000077.png,144,147,123,105,94,48,209,220,226,32,37,36,79,61,38,216,218,165,99,107,105,164,175,182,204,195,141
output_0000078.png,212,214,212,177,186,173,26,30,25,155,154,133,161,166,171,118,129,110,105,82,64,106,105,107,108,180,116
output_0000079.png,123,124,118,27,29,28,210,210,204,185,192,190,174,155,135,79,76,75,95,69,48,73,45,38,173,178,189
output_0000080.png,33,34,29,167,175,171,181,192,178,160,162,137,214,216,212,125,134,118,112,90,71,114,114,122,196,164,144
output_0000081.png,30,40,30,140,140,119,217,201,183,89,77,48,75,53,35,76,90,79,115,88,66,168,191,189,153,174,177
output_0000082.png,179,176,166,74,77,61,131,110,87,11,17,11,147,157,153,40,27,13,107,117,117,96,104,110,145,147,148
output_0000083.png,165,171,157,34,42,31,126,96,67,98,65,41,225,202,190,134,110,91,202,212,212,99,129,133,66,124,140
output_0000084.png,45,40,30,156,148,131,169,189,181,197,188,174,158,169,166,117,137,131,71,103,120,112,86,67,172,180,140
output_0000085.png,216,236,144,167,191,87,83,68,31,145,151,81,119,135,76,13,16,7,180,201,181,152,161,148,104,93,98
output_0000086.png,207,224,168,32,33,27,129,136,107,150,182,128,131,154,165,97,119,85,86,85,66,87,95,96,202,92,132
output_0000087.png,219,237,192,173,206,142,40,41,34,149,163,170,146,152,106,109,141,85,96,108,106,102,87,66,201,116,126
output_0000088.png,156,194,128,223,234,207,22,21,19,132,112,87,84,105,89,117,141,151,84,62,48,65,78,91,188,132,132
output_0000089.png,197,208,207,17,20,15,130,134,111,155,178,199,132,154,180,96,119,103,85,77,55,80,98,86,172,140,122
output_0000090.png,155,194,132,223,234,208,22,21,20,132,112,88,110,139,152,84,106,93,86,60,48,67,76,92,188,132,124
output_0000091.png,210,220,217,35,35,24,135,159,187,144,146,121,163,185,202,94,122,110,109,98,66,114,136,120,82,103,84
output_0000092.png,23,22,17,214,227,211,99,75,53,120,150,59,160,174,108,112,145,110,155,186,176,147,152,149,64,146,61
output_0000093.png,203,212,213,30,33,24,155,177,190,138,139,112,128,151,179,96,120,104,96,81,55,83,106,96,172,84,68
output_0000094.png,204,217,198,31,42,22,111,141,43,97,68,43,150,162,97,102,130,116,138,167,160,131,138,138,23,188,230
output_0000095.png,202,211,208,90,92,71,135,158,187,19,19,13,164,186,205,133,149,134,56,38,25,151,128,102,124,141,113
output_0000096.png,203,215,195,30,37,17,111,142,43,95,68,43,150,161,97,103,126,112,139,164,156,131,137,136,68,148,16
output_0000097.png,86,106,62,216,237,163,28,24,20,159,199,99,144,162,172,124,144,141,152,160,77,30,73,28,216,80,135
output_0000098.png,217,225,217,101,114,100,45,37,28,161,177,197,160,157,140,178,198,209,76,62,42,136,158,156,43,65,55
output_0000099.png,100,115,111,211,231,227,166,204,200,21,26,22,148,154,144,140,174,184,35,71,73,40,57,38,213,29,61
output_0000100.png,131,160,162,28,35,29,227,233,227,70,78,62,84,93,98,46,80,87,165,214,218,148,202,212,78,111,119
output_0000101.png,83,105,108,208,229,228,174,209,210,149,160,157,25,30,31,147,181,194,122,161,164,43,56,38,212,61,91
output_0000102.png,199,207,206,155,184,187,29,41,32,137,136,119,126,158,170,94,126,116,87,86,63,57,93,109,196,51,84
output_0000103.png,51,68,66,211,225,223,164,199,207,153,148,134,145,175,186,122,153,153,109,109,102,99,127,134,188,108,116
output_0000104.png,200,207,205,31,45,37,158,188,190,140,135,115,134,165,173,98,134,120,98,93,72,70,104,112,199,48,82
output_0000105.png,116,135,136,35,51,46,220,233,232,157,193,209,184,219,226,89,65,58,98,93,72,174,171,155,58,140,122
output_0000106.png,202,209,206,163,190,188,31,46,38,146,143,122,131,165,172,97,134,120,96,95,71,66,105,114,203,53,86
output_0000107.png,213,226,224,169,205,215,62,84,83,154,157,145,142,173,197,122,155,157,16,19,17,99,126,134,109,108,101
output_0000108.png,138,133,78,44,54,28,131,136,118,240,244,242,102,91,59,182,209,205,172,157,129,194,189,147,46,170,148
output_0000109.png,224,226,218,18,27,24,134,162,157,116,113,95,66,104,97,117,137,141,68,70,56,56,82,85,168,112,80
output_0000110.png,231,228,222,156,176,150,144,128,105,20,27,22,144,151,153,93,115,103,87,65,45,67,88,87,190,124,97
output_0000111.png,207,202,191,122,161,127,15,23,19,110,117,94,66,104,86,106,137,142,62,63,49,49,74,76,160,83,65
output_0000112.png,46,53,34,171,161,132,242,244,242,91,78,54,101,106,57,103,109,87,226,224,179,221,196,158,62,164,129
output_0000113.png,181,182,172,51,54,44,106,110,101,88,79,67,104,105,64,235,235,227,140,128,109,137,130,126,68,108,97
output_0000114.png,153,148,128,37,42,29,108,109,45,240,241,229,79,61,42,87,96,82,196,207,152,192,205,201,58,124,16
output_0000115.png,208,207,192,28,32,22,123,124,100,146,161,126,84,105,69,77,77,50,139,146,150,76,86,87,164,84,52
output_0000116.png,92,67,36,219,236,228,149,178,162,140,131,98,29,32,21,140,102,50,141,154,148,98,105,93,64,27,8
output_0000117.png,138,126,103,223,218,204,181,186,166,29,32,19,66,34,18,73,76,54,73,68,30,166,167,166,197,85,80
output_0000118.png,169,140,121,72,58,38,102,91,71,220,203,184,95,53,34,98,74,49,214,180,161,211,196,171,136,89,66
output_0000119.png,39,40,31,146,128,106,234,236,234,195,200,181,85,57,40,170,177,162,91,90,72,90,71,43,204,186,165
output_0000120.png,217,216,189,36,52,22,136,131,87,88,126,54,151,179,132,148,155,154,93,87,51,87,99,92,187,80,66
output_0000121.png,206,193,160,145,141,112,27,49,22,70,87,35,71,88,63,177,193,146,57,48,31,99,88,68,173,136,183
output_0000122.png,46,44,35,125,91,70,235,234,230,151,122,99,143,142,136,184,151,131,189,189,187,202,179,156,100,132,108
output_0000123.png,174,163,134,36,37,24,106,112,87,91,69,51,97,92,55,228,226,213,130,112,87,218,214,179,221,199,172
output_0000124.png,140,141,90,29,39,23,229,223,215,212,180,153,87,58,43,84,106,52,100,118,29,184,166,146,183,212,127
output_0000125.png,117,120,103,204,210,205,19,22,15,167,171,160,180,187,180,156,155,146,76,81,51,57,70,46,188,187,172
output_0000126.png,148,152,132,27,29,15,91,96,73,78,77,46,77,53,32,182,196,191,114,96,74,194,204,175,205,200,172
output_0000127.png,37,47,39,230,233,228,98,91,79,126,130,120,118,114,94,162,172,145,153,146,126,175,188,171,69,167,156
output_0000128.png,136,138,114,24,26,13,78,85,60,199,199,174,70,72,41,66,56,32,96,90,67,186,196,171,168,180,181
output_0000129.png,120,123,104,197,203,197,14,15,8,163,167,158,82,89,63,180,188,172,69,73,43,60,60,44,188,176,168
output_0000130.png,135,136,115,23,25,15,171,180,180,77,84,62,67,69,41,182,197,184,211,210,188,66,47,29,100,81,61
output_0000131.png,40,50,42,231,234,230,131,136,123,104,93,82,119,114,95,163,173,145,178,191,174,162,141,122,68,157,146
output_0000132.png,130,131,109,23,26,14,76,84,60,67,69,41,204,205,182,68,49,28,176,190,168,103,80,58,167,177,181
output_0000133.png,164,175,172,74,79,56,116,117,96,60,72,79,114,124,125,94,83,78,124,123,125,203,216,220,140,108,68
output_0000134.png,56,63,56,231,234,230,118,103,95,130,136,126,135,124,101,176,185,157,180,195,180,169,150,124,100,168,120
output_0000135.png,161,169,162,32,35,26,98,105,84,118,113,91,91,76,52,187,204,195,186,201,204,86,66,71,220,226,224
output_0000136.png,55,62,57,230,234,230,118,103,98,130,134,126,135,123,102,175,183,157,180,194,181,169,149,127,92,156,100
output_0000137.png,199,194,169,32,33,22,125,118,101,152,159,139,96,102,88,84,80,62,89,89,85,133,142,151,170,83,86
output_0000138.png,214,206,184,154,156,138,27,26,17,129,109,76,80,65,42,94,97,69,139,136,142,82,79,86,176,95,100
output_0000139.png,173,168,146,28,32,15,112,105,52,85,62,36,229,232,229,97,113,94,223,213,182,134,113,93,56,140,132
output_0000140.png,210,203,180,154,156,136,26,24,17,129,115,85,80,63,41,93,98,71,143,137,141,75,74,80,180,79,44
output_0000141.png,162,158,132,40,53,30,220,224,222,101,62,31,119,94,50,214,204,171,92,114,98,189,215,188,67,124,115
output_0000142.png,158,154,129,34,30,19,235,236,222,99,87,51,84,57,34,100,110,82,218,224,180,217,192,152,59,84,51
output_0000143.png,162,159,134,39,52,30,220,223,222,99,62,32,121,95,49,215,204,171,92,112,97,187,216,186,68,156,116
output_0000144.png,159,153,127,36,33,20,236,237,223,105,88,51,92,58,33,219,218,176,101,111,84,200,210,173,68,92,60
output_0000145.png,164,159,133,39,48,26,220,224,223,99,64,32,119,94,49,215,204,171,92,109,93,190,217,188,52,132,132
output_0000146.png,215,212,183,44,39,24,163,145,114,181,185,161,123,133,103,176,168,160,113,87,53,95,105,93,196,108,108
output_0000147.png,164,158,132,34,46,26,220,223,222,98,67,35,122,95,50,214,204,171,91,110,94,186,216,186,65,124,109
output_0000148.png,152,130,84,33,28,14,241,240,234,70,52,27,206,189,148,89,76,42,186,180,145,182,168,135,180,180,172
output_0000149.png,213,208,168,90,100,34,161,194,103,37,44,19,150,164,165,126,132,113,64,47,20,127,165,38,153,151,49
output_0000150.png,241,240,234,142,120,76,38,31,16,77,53,27,211,196,159,189,163,137,83,76,42,195,189,153,60,76,38
output_0000151.png,140,166,39,56,47,28,217,235,108,114,92,52,176,151,116,212,196,152,75,82,28,204,172,138,140,68,52
output_0000152.png,87,62,36,212,239,106,163,138,113,173,210,23,217,218,203,219,230,165,103,113,60,153,186,62,108,100,124
output_0000153.png,240,240,233,97,97,81,187,176,149,150,149,140,151,141,112,46,45,33,50,54,45,171,180,170,130,140,121
output_0000154.png,144,139,110,228,223,196,47,53,52,216,206,171,88,88,81,183,177,153,113,54,48,195,196,168,99,87,40
output_0000155.png,177,195,173,152,168,148,68,39,33,102,126,113,128,135,113,118,139,140,23,23,16,76,89,85,140,148,84
output_0000156.png,226,227,216,102,116,97,30,34,20,139,138,115,81,68,53,87,85,66,156,165,147,150,136,150,60,156,180
output_0000157.png,86,76,55,191,179,150,23,27,20,147,176,168,135,135,119,149,115,75,152,165,143,125,125,96,46,35,26
output_0000158.png,213,214,198,42,40,28,110,129,109,145,129,108,161,173,151,105,70,57,107,106,95,148,150,156,181,97,103
output_0000159.png,86,78,59,190,184,158,24,30,24,146,180,173,141,140,120,146,111,78,116,120,118,155,163,164,50,26,27
output_0000160.png,185,174,161,78,80,58,119,117,101,151,151,146,165,147,97,122,108,62,162,107,94,139,61,54,230,124,138
output_0000161.png,55,53,43,209,206,192,148,138,122,167,175,158,118,120,105,106,94,81,139,152,170,85,95,115,194,80,102
output_0000162.png,198,185,161,46,47,36,138,120,98,152,173,159,101,87,72,107,122,109,101,106,101,77,86,75,131,155,156
output_0000163.png,186,182,165,128,57,52,146,132,97,160,66,80,137,129,121,97,102,95,135,144,134,217,218,217,220,199,191
output_0000164.png,44,58,44,164,164,149,124,119,100,143,146,133,134,156,137,80,122,103,81,93,95,156,108,74,21,14,27
output_0000165.png,49,50,41,197,184,162,138,121,101,151,173,160,101,85,71,108,123,110,102,106,101,132,154,156,174,73,81
output_0000166.png,172,167,151,42,62,46,121,132,115,118,166,143,115,90,64,82,97,103,137,148,149,25,19,12,156,92,84
output_0000167.png,52,53,43,211,206,191,144,136,119,113,130,115,164,176,173,108,99,85,75,101,117,142,157,167,180,108,92
output_0000168.png,175,173,162,31,40,35,141,162,165,124,113,101,73,84,69,85,104,92,141,149,134,78,88,94,159,111,68
output_0000169.png,227,225,218,42,45,35,139,123,106,168,167,161,27,83,118,102,92,72,116,146,157,93,117,115,182,108,108
output_0000170.png,27,42,38,151,150,125,216,222,219,88,51,37,212,196,163,85,96,81,100,86,47,32,168,195,195,204,176
output_0000171.png,182,171,155,45,46,46,139,171,168,140,131,116,102,129,125,101,88,78,96,148,165,71,99,114,72,87,82
output_0000172.png,171,161,149,20,23,21,113,97,88,67,92,77,129,148,132,153,63,76,70,56,45,130,123,124,67,75,76
output_0000173.png,97,90,70,33,39,33,191,157,132,145,141,131,57,43,30,163,174,170,134,157,171,158,123,99,132,132,109
output_0000174.png,180,171,159,147,155,139,128,103,92,16,18,14,67,92,74,144,129,124,71,55,44,168,64,80,71,74,69
output_0000175.png,102,93,71,45,52,47,30,33,28,189,153,127,145,141,132,194,190,172,139,160,174,157,121,98,169,140,109
output_0000176.png,179,170,158,147,155,139,126,102,91,16,17,14,68,92,74,143,129,124,73,54,42,167,63,77,79,74,70
output_0000177.png,97,90,69,33,38,33,190,157,131,144,141,131,165,174,167,57,43,30,134,157,171,159,123,99,133,132,111
output_0000178.png,175,166,155,20,23,20,137,157,142,124,98,89,69,93,79,72,58,45,159,66,78,137,130,132,68,75,76
output_0000179.png,213,210,200,99,80,66,111,102,91,150,135,124,167,160,144,117,118,112,163,166,156,236,235,236,248,80,176
output_0000180.png,195,196,179,163,44,54,78,82,64,139,123,73,128,132,118,171,163,112,164,130,115,219,219,212,232,198,190
output_0000181.png,112,89,71,220,217,212,170,160,145,185,183,169,198,190,175,51,50,39,157,143,122,157,125,109,164,128,192
output_0000182.png,208,207,193,171,46,57,174,146,116,155,112,75,131,128,113,79,76,57,199,179,149,159,162,151,192,134,144
output_0000183.png,119,96,76,226,225,222,53,51,39,179,171,156,196,193,183,166,153,134,88,57,37,196,133,134,94,68,27
output_0000184.png,216,215,203,84,34,28,168,128,109,153,106,77,187,157,128,194,168,150,142,160,167,89,112,129,244,84,132
output_0000185.png,108,80,58,218,215,210,164,149,131,178,172,154,188,177,155,48,46,36,151,116,94,159,133,106,172,174,172
output_0000186.png,237,234,224,89,83,65,153,137,118,92,158,178,27,97,135,23,39,45,114,134,128,179,180,163,192,130,108
output_0000187.png,161,151,130,32,29,22,209,198,159,203,203,193,182,183,165,136,132,114,129,119,95,104,86,66,172,185,180
output_0000188.png,206,217,182,38,48,42,133,118,102,155,188,178,25,83,133,156,182,153,96,91,80,103,119,105,184,168,116
output_0000189.png,35,32,23,203,212,209,163,166,153,146,142,118,121,129,100,184,192,170,192,174,163,105,98,86,172,180,188
output_0000190.png,214,213,198,98,93,82,30,37,37,169,187,168,164,152,140,144,163,175,139,145,130,68,39,37,63,54,34
output_0000191.png,204,185,152,53,69,50,142,107,74,104,72,45,138,180,159,93,109,105,151,152,166,102,134,120,183,78,69
output_0000192.png,215,213,205,33,37,33,132,131,121,160,169,159,103,114,110,137,150,160,87,82,74,88,94,104,226,64,106
output_0000193.png,101,104,96,222,223,217,29,35,27,170,186,176,162,161,148,130,154,158,61,47,36,88,80,36,140,167,182
output_0000194.png,221,221,216,170,179,177,31,32,25,151,144,133,122,129,125,149,161,167,107,77,59,103,104,104,69,80,59
output_0000195.png,223,224,216,104,108,102,29,37,30,170,192,181,164,164,151,151,175,182,79,75,43,130,162,159,59,47,38
output_0000196.png,32,36,28,213,214,208,139,133,123,166,178,177,149,157,159,110,117,111,90,94,98,97,73,60,193,81,109
output_0000197.png,102,106,99,222,223,215,30,38,31,170,192,182,164,164,151,153,176,182,131,162,159,83,77,37,58,48,38
output_0000198.png,39,44,34,145,139,127,172,179,172,218,219,212,117,124,114,149,160,166,100,102,104,105,84,70,200,84,112
output_0000199.png,220,221,215,104,109,103,29,37,29,170,191,187,164,165,153,79,76,44,129,161,160,157,177,182,58,48,38
output_0000200.png,218,218,210,172,177,168,35,39,31,150,149,136,115,126,119,96,86,73,95,100,106,139,160,166,188,92,36
output_0000201.png,40,39,32,188,183,174,98,101,99,84,57,60,131,104,105,93,82,62,144,133,109,238,237,231,129,139,136
output_0000202.png,204,204,194,39,50,42,70,213,217,134,140,126,95,126,121,94,98,81,108,157,168,38,97,118,172,88,80
output_0000203.png,207,212,200,49,55,42,141,140,103,164,178,140,101,100,67,110,128,86,142,155,168,98,106,114,210,62,71
output_0000204.png,210,210,192,78,83,65,145,147,87,117,137,86,23,30,21,146,171,179,80,109,120,39,35,25,161,180,109
output_0000205.png,82,85,76,231,231,215,152,146,124,173,185,161,23,30,23,124,138,128,146,164,179,109,119,127,204,74,50
output_0000206.png,45,53,47,203,195,172,126,130,106,136,169,170,93,91,68,102,122,109,113,152,167,73,100,114,189,78,46
output_0000207.png,50,54,41,223,222,211,176,185,171,160,159,140,130,143,132,101,116,116,118,92,65,158,169,174,196,104,92
output_0000208.png,217,223,215,43,53,45,170,182,160,147,133,105,103,97,78,118,129,106,105,109,112,150,162,165,192,70,49
output_0000209.png,171,162,148,34,43,37,97,103,100,230,227,221,86,63,63,91,99,57,214,216,197,220,199,193,65,140,194
output_0000210.png,222,227,221,125,118,91,177,188,166,27,40,39,86,46,34,66,73,62,152,159,150,111,79,31,159,170,173
output_0000211.png,95,96,86,201,172,153,17,37,38,169,173,164,67,37,24,157,143,128,116,60,31,127,143,137,152,163,164
output_0000212.png,42,50,44,221,227,222,177,188,165,158,142,107,130,136,108,113,96,75,157,168,167,107,109,111,196,93,59
output_0000213.png,32,49,33,87,71,49,217,220,208,112,101,72,108,141,119,145,130,107,163,156,129,27,170,123,155,185,168
output_0000214.png,215,214,188,29,24,11,121,100,66,59,98,59,130,161,124,76,57,29,163,96,76,130,122,144,55,50,81
output_0000215.png,189,182,170,36,29,20,133,122,104,95,108,91,151,159,148,92,69,48,136,143,150,76,82,90,183,59,69
output_0000216.png,192,185,177,38,45,26,122,192,176,145,130,107,159,159,151,49,135,101,100,67,41,187,70,78,86,101,95
output_0000217.png,213,214,175,13,35,21,80,164,152,70,121,102,80,82,55,26,81,56,49,64,61,115,148,148,91,89,93
output_0000218.png,219,207,200,52,40,26,151,119,92,174,170,159,161,143,157,116,113,89,108,79,56,109,89,101,196,108,120
output_0000219.png,198,189,177,34,37,26,133,113,98,142,172,159,95,72,57,76,119,96,151,154,157,95,96,95,179,67,86
output_0000220.png,211,198,195,51,39,27,159,178,166,154,123,103,165,149,163,112,118,105,113,76,61,116,90,107,193,72,77
output_0000221.png,141,154,121,31,109,89,173,221,210,84,49,39,223,226,99,169,207,100,104,122,40,106,102,90,84,105,88
output_0000222.png,220,215,199,38,37,26,169,179,148,149,142,117,115,125,97,100,100,96,100,90,69,153,157,160,188,88,88
output_0000223.png,196,196,175,52,54,33,150,183,133,139,139,104,153,161,159,103,124,76,98,91,58,91,102,104,200,82,34
output_0000224.png,191,172,133,43,37,18,132,110,73,93,72,40,90,108,69,139,159,117,143,139,156,81,71,90,173,68,53
output_0000225.png,158,145,122,50,59,30,225,235,216,99,94,43,84,60,34,220,207,174,98,105,80,193,185,167,137,212,179
output_0000226.png,43,41,20,108,90,56,140,132,86,243,242,235,142,146,133,178,161,141,202,191,157,188,198,194,76,163,145
output_0000227.png,147,131,106,44,62,41,229,224,193,208,189,155,216,206,169,79,57,34,180,177,148,91,90,69,89,72,41
output_0000228.png,42,43,19,106,98,38,231,229,220,80,58,33,153,136,100,109,107,88,157,139,142,163,169,155,52,168,132
output_0000229.png,121,98,73,32,26,15,220,202,186,200,172,152,178,159,139,171,149,121,166,136,112,76,40,26,203,179,172
output_0000230.png,229,228,217,53,53,18,150,136,95,175,177,151,166,156,155,116,120,62,108,95,42,111,102,88,188,132,44
output_0000231.png,178,157,130,41,78,56,96,66,36,119,93,54,99,189,157,143,225,198,133,105,73,220,199,175,181,202,188
output_0000232.png,121,114,61,39,46,18,231,226,213,82,57,34,220,202,161,183,169,151,183,158,90,197,199,153,35,171,129
output_0000233.png,40,79,60,185,167,140,127,97,57,107,197,173,98,66,37,148,234,217,142,113,81,228,209,188,169,221,193
output_0000234.png,105,105,63,221,216,197,26,44,25,150,202,159,161,154,135,61,46,29,164,143,98,172,174,167,196,92,100
output_0000235.png,183,170,154,37,42,24,103,98,49,82,71,40,109,132,116,213,217,220,38,182,144,138,112,90,205,221,198
output_0000236.png,152,141,111,27,43,37,156,211,202,80,59,43,35,175,157,206,194,172,88,113,98,105,78,43,84,204,179
output_0000237.png,114,93,85,213,212,205,29,29,28,174,184,178,85,40,40,162,148,134,142,145,136,99,151,179,79,56,34
output_0000238.png,209,207,200,131,134,124,28,35,20,173,193,185,69,43,39,173,178,180,72,81,35,69,74,64,99,76,68
output_0000239.png,110,92,74,211,207,198,35,31,24,161,157,144,177,182,166,77,39,27,158,136,108,144,141,118,165,168,174
output_0000240.png,144,131,115,42,34,30,87,47,37,209,215,208,206,195,182,89,88,80,120,77,44,173,199,178,181,178,171
output_0000241.png,200,189,163,86,51,37,162,165,116,147,122,98,114,110,69,45,33,24,22,25,28,84,71,101,151,139,151
output_0000242.png,186,179,174,8,6,4,95,78,67,94,188,167,41,26,19,122,123,132,46,84,68,132,76,72,48,58,60
output_0000243.png,73,45,35,204,199,193,134,105,89,161,160,157,24,16,12,113,102,92,148,146,148,103,90,92,196,116,124
output_0000244.png,43,34,27,197,187,183,140,170,163,141,111,101,102,56,43,118,151,136,69,115,101,98,90,93,173,113,100
output_0000245.png,184,161,145,27,20,12,121,81,55,131,160,126,77,94,70,78,51,33,135,136,142,63,69,80,156,76,36
output_0000246.png,209,178,162,48,30,19,141,105,90,101,70,49,108,103,96,85,84,93,158,160,158,143,139,151,174,68,42
output_0000247.png,240,240,238,25,18,17,121,96,89,67,44,41,148,114,102,133,129,141,139,140,145,83,71,87,83,84,87
output_0000248.png,184,167,144,130,95,65,107,181,155,13,9,6,82,89,78,78,49,35,138,134,143,80,67,76,172,76,52
output_0000249.png,240,239,237,23,16,14,112,84,75,140,107,94,57,40,38,127,122,132,131,132,136,75,68,71,74,59,76
output_0000250.png,214,208,204,44,28,22,157,165,157,147,117,100,104,111,101,153,145,150,104,64,46,95,85,96,184,97,56
output_0000251.png,123,107,102,210,207,210,27,19,13,191,179,177,168,162,165,81,46,33,179,180,179,70,51,53,132,156,188
output_0000252.png,214,209,206,43,27,19,162,163,158,147,114,95,108,112,103,151,144,151,104,62,42,95,84,90,182,90,104
output_0000253.png,199,217,207,151,207,226,33,21,16,126,92,75,89,91,85,128,134,144,84,44,31,59,66,81,164,148,68
output_0000254.png,115,184,174,212,204,202,106,57,41,21,19,15,146,133,127,158,152,159,134,113,106,132,99,80,159,97,60
output_0000255.png,76,46,38,206,194,189,143,199,189,146,102,83,144,141,156,111,107,104,20,15,11,95,83,96,181,87,19
output_0000256.png,179,192,183,26,18,14,157,151,146,159,127,103,113,72,44,101,116,100,73,67,52,74,80,81,162,164,116
output_0000257.png,103,68,53,215,210,211,24,24,20,123,176,170,140,134,133,159,152,159,126,113,112,150,97,68,57,27,24
output_0000258.png,197,192,185,142,175,163,134,98,73,27,19,15,90,98,87,155,139,141,92,62,48,79,74,77,180,124,87
output_0000259.png,35,26,22,143,115,105,105,178,169,204,196,197,112,113,107,108,67,51,158,152,159,103,91,92,180,108,124
output_0000260.png,131,181,169,196,192,184,135,103,80,25,18,14,70,113,100,157,147,149,92,66,50,85,83,84,180,124,91
output_0000261.png,34,25,21,100,178,168,204,197,198,142,111,99,151,148,153,110,113,104,108,66,51,106,90,92,180,108,132
output_0000262.png,168,191,185,23,18,13,119,118,111,157,152,152,116,73,44,163,140,126,80,58,46,84,87,88,29,164,124
output_0000263.png,111,180,169,205,195,194,31,22,18,144,112,96,155,145,150,102,60,46,106,109,96,102,82,85,180,108,132
output_0000264.png,197,194,186,136,183,170,136,101,77,25,19,14,82,107,95,92,64,48,160,147,148,84,82,85,180,116,132
output_0000265.png,205,198,200,92,57,44,94,175,165,20,20,16,139,134,132,158,152,159,125,98,82,128,114,112,149,101,77
output_0000266.png,196,192,184,138,183,170,135,102,78,25,18,14,156,144,142,86,107,92,92,62,45,85,80,78,180,124,84
output_0000267.png,35,26,22,109,174,166,206,199,201,143,112,100,152,144,151,113,112,102,108,65,49,106,91,93,180,116,138
output_0000268.png,196,192,185,129,190,176,140,103,77,28,21,16,160,153,151,82,117,106,101,67,48,93,88,87,180,116,132
output_0000269.png,42,30,25,99,180,170,144,114,102,207,200,201,112,73,55,158,152,159,85,128,117,114,96,94,180,116,130
output_0000270.png,196,191,184,143,179,167,137,102,79,28,20,15,91,104,91,91,61,45,158,147,149,87,83,84,180,124,88
output_0000271.png,127,215,200,49,31,24,198,204,200,135,89,73,102,62,52,82,113,104,157,144,151,104,88,94,173,98,56
output_0000272.png,91,123,102,218,191,145,144,202,176,31,56,38,77,49,27,122,86,34,156,133,95,169,179,172,180,124,96
output_0000273.png,202,188,173,41,29,21,146,119,95,169,165,152,158,152,151,118,113,103,110,73,47,81,76,64,101,96,95
output_0000274.png,207,198,189,149,138,129,37,32,30,154,167,154,94,73,65,101,115,97,162,155,164,185,84,114,99,90,101
output_0000275.png,154,143,133,33,37,33,226,223,213,101,77,52,82,56,44,90,87,82,203,204,187,113,90,74,201,189,198
output_0000276.png,40,46,43,147,137,127,233,234,226,88,61,48,214,208,191,106,81,55,185,180,177,90,90,87,203,204,186
output_0000277.png,131,124,111,211,207,199,35,27,20,59,36,27,78,57,40,178,182,171,92,71,59,69,68,59,177,171,172
output_0000278.png,231,233,213,36,27,14,160,169,133,140,128,95,102,110,74,92,74,49,100,87,85,154,142,153,191,103,48
output_0000279.png,151,154,143,64,65,69,246,249,246,110,62,58,100,103,97,96,89,71,128,101,93,184,214,180,207,212,190
output_0000280.png,223,227,214,50,59,42,99,109,103,145,130,104,85,63,35,102,93,61,136,141,137,155,162,149,68,140,92
output_0000281.png,55,56,44,229,232,226,150,154,137,174,183,166,122,133,118,163,170,165,108,102,79,101,111,111,200,109,133
output_0000282.png,39,86,35,105,127,65,238,239,234,118,141,116,152,157,123,85,84,55,172,188,175,153,160,152,65,156,94
output_0000283.png,40,63,32,194,192,178,128,125,72,117,139,116,212,223,226,107,79,50,159,153,110,79,156,75,144,139,141
output_0000284.png,36,59,31,211,215,209,109,83,59,121,137,126,119,125,83,162,179,173,160,138,115,171,164,141,80,156,70
output_0000285.png,29,32,21,204,207,190,125,137,118,112,112,78,160,155,116,236,239,233,102,84,73,156,173,157,157,133,146
output_0000286.png,41,65,39,221,224,215,129,144,131,164,154,126,162,178,165,189,187,162,123,89,73,145,114,87,152,154,152
output_0000287.png,29,34,21,205,207,190,125,136,117,114,113,78,160,154,116,236,239,233,102,83,71,156,173,157,159,136,148
output_0000288.png,38,66,36,221,224,216,129,145,133,162,178,166,165,154,126,191,189,164,130,86,74,143,115,86,154,153,154
output_0000289.png,62,114,60,223,227,219,122,148,138,96,138,95,99,72,49,170,182,173,173,171,148,163,152,140,76,172,148
output_0000290.png,41,43,32,233,236,232,126,98,73,155,129,98,151,161,163,185,200,198,179,157,129,197,195,162,76,148,76
output_0000291.png,206,210,205,33,29,23,82,105,61,130,124,108,165,171,154,145,153,126,88,110,98,131,162,145,76,84,116
output_0000292.png,43,47,37,234,237,233,129,104,84,151,161,163,158,131,101,186,174,142,185,200,203,179,167,177,100,132,134
output_0000293.png,199,203,197,20,26,16,111,131,116,137,106,78,103,71,51,155,129,107,147,163,151,156,152,125,76,124,77
output_0000294.png,35,38,28,234,237,233,130,95,72,157,128,95,151,163,166,185,200,202,181,158,132,192,193,161,92,153,156
output_0000295.png,28,40,24,210,213,208,123,146,128,139,116,85,110,77,58,167,140,115,162,174,163,169,161,133,84,140,116
output_0000296.png,38,39,28,233,237,233,157,127,96,132,98,72,151,163,165,185,200,198,178,156,130,195,196,162,104,124,127
output_0000297.png,30,28,15,224,225,213,106,81,55,136,109,83,164,139,112,178,163,135,131,137,128,167,183,181,83,100,107
output_0000298.png,207,208,182,137,100,72,41,42,32,169,138,108,236,241,239,138,98,95,145,152,142,172,154,141,92,100,108
output_0000299.png,218,218,206,34,29,16,108,71,49,132,103,75,169,148,117,152,124,102,158,172,166,125,127,119,84,108,116
output_0000300.png,164,132,106,218,227,213,23,21,14,91,58,41,199,196,175,104,78,57,120,77,43,212,187,163,60,76,68
output_0000301.png,27,24,13,115,89,64,228,232,224,147,120,92,170,146,117,137,140,137,175,191,186,175,170,143,84,100,113
output_0000302.png,23,22,15,206,214,197,99,65,47,151,118,94,129,92,70,171,148,114,117,102,89,145,167,150,76,124,116
output_0000303.png,25,61,38,123,139,117,184,214,208,140,143,30,168,210,172,211,208,70,180,184,138,75,62,49,60,164,92
output_0000304.png,94,119,112,217,220,209,140,152,149,119,131,122,129,141,129,160,159,152,176,176,161,165,178,178,184,184,179
output_0000305.png,22,24,17,205,211,202,82,64,45,123,96,67,104,116,107,148,117,93,163,141,116,138,149,141,60,124,60
output_0000306.png,182,192,190,28,25,20,97,72,58,111,123,135,132,114,82,170,162,127,233,232,227,138,135,121,72,108,124
output_0000307.png,26,29,22,218,225,219,83,72,55,129,103,76,145,130,114,166,154,133,108,114,106,155,166,157,60,116,76
output_0000308.png,217,223,215,196,183,153,155,171,145,18,21,15,141,133,117,132,112,74,87,111,71,80,67,46,124,172,188
output_0000309.png,21,22,16,219,225,220,89,70,51,133,102,74,146,128,112,154,166,157,158,152,133,105,119,111,60,116,76
output_0000310.png,18,19,15,209,216,204,100,80,55,131,121,58,175,143,112,113,128,106,178,170,144,161,145,137,69,148,57
output_0000311.png,145,143,131,27,29,23,233,237,233,111,87,61,196,211,203,79,62,45,83,100,92,173,190,205,60,116,92
output_0000312.png,25,27,20,210,216,205,126,115,58,175,142,110,111,126,104,103,68,46,178,170,144,161,137,138,68,146,73
output_0000313.png,226,231,225,149,134,117,172,186,180,23,23,17,151,162,156,107,117,107,94,74,54,75,91,85,196,82,55
output_0000314.png,44,74,40,207,217,208,121,152,85,126,149,121,112,91,77,157,149,133,90,165,69,176,175,134,160,173,162
output_0000315.png,21,23,19,212,219,210,120,114,63,95,72,52,173,142,110,111,128,103,178,171,143,151,145,137,64,149,53
output_0000316.png,221,230,225,134,103,74,88,69,48,15,15,10,152,131,113,116,120,111,169,163,141,58,92,82,60,69,84
output_0000317.png,18,17,11,146,124,81,219,225,209,164,161,141,210,185,144,80,50,26,167,202,149,84,94,55,58,146,53
output_0000318.png,166,184,181,43,54,42,102,74,53,105,119,120,148,125,108,129,100,76,239,241,241,159,142,120,68,132,140
output_0000319.png,207,212,207,29,32,19,140,114,78,107,84,50,135,141,131,155,137,112,159,168,161,156,158,137,76,140,100
output_0000320.png,30,37,28,209,213,210,102,115,106,94,102,61,78,65,54,144,155,155,140,146,119,129,127,115,55,153,83
output_0000321.png,52,56,39,237,239,229,145,139,118,118,126,106,162,160,158,107,98,73,105,109,104,167,174,157,187,109,136
output_0000322.png,201,206,201,28,34,25,90,101,62,98,113,103,78,66,49,129,138,115,138,150,145,120,120,106,59,149,20
output_0000323.png,28,28,19,174,183,179,85,68,52,99,116,121,118,102,74,242,246,235,141,124,117,159,147,122,60,148,148
output_0000324.png,27,30,15,99,83,62,228,231,227,125,126,79,123,132,130,158,144,136,170,183,176,158,172,148,66,140,22
output_0000325.png,202,207,207,160,143,123,19,14,7,117,114,100,102,83,54,60,45,27,130,141,131,70,78,61,132,144,157
output_0000326.png,181,195,190,143,151,159,19,18,13,157,117,93,101,113,109,105,70,48,64,82,87,57,65,56,204,172,140
output_0000327.png,201,205,206,43,41,30,172,182,181,145,136,126,156,159,167,114,123,116,91,99,106,106,86,63,188,124,124
output_0000328.png,145,149,141,33,40,32,219,223,218,93,55,34,121,87,50,181,196,200,119,96,81,83,96,98,180,205,182
output_0000329.png,35,35,27,163,182,175,211,217,210,149,139,121,118,131,120,109,84,63,96,100,105,150,162,166,188,108,52
output_0000330.png,202,199,177,77,53,63,171,150,119,124,77,76,130,120,117,169,164,146,172,137,138,128,100,83,222,211,214
output_0000331.png,149,158,152,47,39,25,110,87,52,211,222,221,107,99,90,53,101,91,132,123,92,196,192,180,182,204,191
output_0000332.png,211,217,211,131,131,119,25,26,19,166,188,181,68,44,28,157,170,174,65,77,75,108,70,37,98,80,66
output_0000333.png,45,37,23,151,161,154,111,87,52,219,226,225,107,99,90,130,125,98,56,90,85,192,217,215,182,198,205
output_0000334.png,195,192,171,58,38,34,118,76,66,133,103,94,155,119,106,181,165,132,131,92,75,167,150,115,161,157,151
output_0000335.png,190,198,191,27,31,23,85,62,48,109,97,64,95,106,103,126,118,108,148,145,116,134,148,144,52,156,154
output_0000336.png,149,158,149,32,39,26,218,226,225,119,89,52,99,52,26,190,210,207,92,105,99,125,102,84,178,194,204
output_0000337.png,211,216,210,131,131,119,26,29,22,166,188,181,68,44,29,157,170,174,65,77,75,107,70,38,98,80,66
output_0000338.png,149,158,152,53,39,23,112,88,52,208,220,221,109,100,89,131,122,93,197,189,177,57,108,94,181,204,193
output_0000339.png,198,193,172,65,42,38,168,138,101,132,91,59,114,86,102,167,136,131,228,214,177,130,122,133,219,205,214
output_0000340.png,152,162,155,48,37,22,113,88,52,218,226,225,131,125,97,108,100,88,182,198,205,192,216,215,62,87,83
output_0000341.png,177,186,179,29,33,25,94,70,56,103,113,108,146,135,111,118,103,65,234,238,236,128,129,139,57,159,151
output_0000342.png,164,149,112,27,27,18,216,197,168,225,216,206,83,60,38,99,87,40,98,94,68,196,206,176,60,108,116
output_0000343.png,124,114,90,14,16,10,208,190,187,168,171,175,161,162,154,78,78,56,82,41,30,84,67,34,177,190,180
output_0000344.png,219,195,181,151,121,95,28,31,23,155,154,167,107,82,58,111,114,105,178,172,177,90,95,97,189,82,94
output_0000345.png,209,191,171,68,48,23,149,125,95,11,8,5,112,89,56,168,167,159,161,150,151,120,111,83,111,92,95
output_0000346.png,197,180,146,122,91,53,20,18,9,75,53,31,143,152,121,87,88,53,135,130,143,172,73,122,78,64,80
output_0000347.png,210,193,175,84,62,34,148,125,94,13,10,6,122,119,99,167,166,142,152,150,150,41,19,7,113,103,96
output_0000348.png,214,219,193,27,27,16,120,103,60,140,169,148,89,72,38,90,106,78,94,133,164,61,80,94,187,87,79
output_0000349.png,200,193,146,26,28,12,133,123,72,95,104,82,85,139,162,122,185,186,86,76,46,81,87,96,174,76,60
output_0000350.png,194,191,154,28,26,17,126,107,67,141,167,157,85,102,80,83,59,30,114,139,153,53,70,96,167,88,68
output_0000351.png,47,46,29,217,214,190,141,129,80,103,95,60,79,145,164,119,183,189,77,100,113,84,126,129,175,103,62
output_0000352.png,176,169,132,30,29,17,132,111,71,149,160,120,91,68,34,98,108,63,115,146,150,68,87,86,166,64,68
output_0000353.png,45,44,28,214,210,187,145,131,79,77,145,164,102,93,55,117,183,191,94,119,104,67,95,111,174,103,66
output_0000354.png,162,148,109,117,94,52,14,14,8,128,157,110,67,49,22,73,95,61,102,138,142,52,73,78,152,56,62
output_0000355.png,35,34,18,143,127,77,219,218,193,104,112,85,95,80,42,75,136,158,147,165,134,72,89,100,179,109,68
output_0000356.png,191,181,128,144,118,83,31,26,15,104,108,75,98,71,38,152,170,129,70,72,51,86,86,84,119,151,152
output_0000357.png,221,204,175,34,23,10,135,108,64,154,155,122,90,99,75,93,65,31,182,21,52,116,133,145,70,77,84
output_0000358.png,178,157,105,121,99,59,19,17,11,72,96,79,107,162,138,71,55,31,48,128,151,43,67,83,166,58,60
output_0000359.png,181,164,112,120,104,66,19,17,11,79,98,76,130,168,130,72,65,41,56,77,84,66,125,157,185,35,40
output_0000360.png,161,127,88,119,86,48,15,10,7,124,153,142,65,39,19,194,209,166,73,87,71,114,131,140,63,66,76
output_0000361.png,63,193,207,143,104,77,91,90,75,16,12,11,52,122,148,96,44,33,178,149,93,58,45,33,40,57,84
output_0000362.png,168,136,97,122,89,49,14,10,6,131,152,137,66,40,19,72,87,74,107,131,140,62,67,76,164,60,76
output_0000363.png,62,196,211,110,75,54,16,12,11,150,109,81,53,122,148,66,88,92,61,43,31,179,147,92,39,57,84
output_0000364.png,26,17,9,180,150,114,140,105,60,101,63,28,101,103,82,148,163,125,129,142,144,72,80,81,128,42,44
output_0000365.png,41,188,205,112,74,51,16,12,11,148,106,78,35,120,149,51,87,101,181,147,91,62,37,24,43,62,83
output_0000366.png,175,141,107,132,98,54,15,10,7,81,47,22,136,160,146,84,96,84,124,137,141,66,74,77,115,40,42
output_0000367.png,68,179,198,18,12,11,115,82,60,149,111,80,76,88,82,166,145,100,69,47,30,39,56,86,20,84,140
output_0000368.png,132,99,54,175,143,108,19,13,7,138,161,146,85,50,22,85,96,79,122,137,142,67,75,77,164,52,76
output_0000369.png,61,179,198,115,83,61,19,13,11,152,108,79,76,88,82,178,149,102,70,46,30,37,55,86,52,76,140
output_0000370.png,132,99,55,175,143,108,18,13,7,139,161,146,84,50,22,84,96,79,123,137,141,68,75,77,164,68,70
output_0000371.png,63,190,208,109,103,81,17,12,11,152,113,82,103,48,29,68,128,151,64,46,32,184,153,94,57,70,81
output_0000372.png,167,136,97,127,93,51,16,11,7,132,161,152,75,46,21,80,94,77,124,137,142,67,75,77,157,60,73
output_0000373.png,176,68,62,18,16,14,111,62,46,62,38,28,217,228,169,99,165,173,73,79,58,58,119,147,28,58,90
output_0000374.png,179,57,64,123,99,73,27,20,15,88,94,77,79,53,34,197,191,190,46,123,151,58,156,172,64,68,85
output_0000375.png,201,201,141,146,111,71,31,27,16,159,174,137,110,75,40,105,115,84,67,80,56,113,151,151,73,97,94
output_0000376.png,193,184,143,21,21,13,126,116,78,143,165,124,84,100,75,79,69,44,89,135,155,40,77,91,172,77,59
output_0000377.png,178,169,120,121,83,49,19,15,11,130,161,137,76,49,26,78,100,75,96,138,141,53,75,76,156,60,76
output_0000378.png,116,99,71,23,16,13,103,198,213,163,114,86,106,134,148,79,49,29,83,88,68,43,64,85,98,150,61
output_0000379.png,152,114,81,105,69,39,12,9,7,195,224,224,109,155,150,53,33,19,53,90,78,91,129,133,45,65,68
output_0000380.png,98,211,221,19,15,13,134,97,76,93,132,151,92,98,88,81,58,34,12,54,92,58,53,35,179,149,89
output_0000381.png,34,39,31,192,176,149,134,105,76,128,186,170,94,124,104,90,87,70,66,90,69,71,136,175,85,104,106
output_0000382.png,126,91,49,159,123,79,17,13,11,130,174,172,75,45,24,181,216,218,80,97,75,93,138,142,53,74,76
output_0000383.png,192,178,149,130,109,81,31,34,28,131,181,167,88,116,97,83,83,66,57,82,63,65,134,174,61,94,109
output_0000384.png,94,195,210,109,107,87,18,12,11,103,133,150,152,108,80,65,48,28,93,59,31,25,59,90,174,148,93
output_0000385.png,186,183,187,113,96,69,30,29,17,115,120,103,141,134,114,142,152,151,141,128,145,74,122,140,97,76,106
output_0000386.png,133,126,100,29,30,29,174,187,200,145,160,166,81,53,38,201,188,157,102,82,39,84,84,66,179,199,165
output_0000387.png,25,25,22,141,122,96,194,204,216,86,53,38,165,167,157,84,86,71,208,183,158,122,92,39,193,196,161
output_0000388.png,23,22,19,160,157,138,103,76,50,173,188,205,99,109,106,129,101,77,213,213,213,86,65,72,198,204,158
output_0000389.png,138,127,102,209,212,216,175,190,201,23,24,19,146,164,178,71,72,60,98,73,34,104,71,50,62,40,31
output_0000390.png,165,180,193,153,147,122,14,13,11,82,52,35,109,75,46,118,91,68,85,80,62,198,169,138,52,116,152
output_0000391.png,106,84,62,201,199,199,23,25,19,172,177,171,155,150,134,146,158,173,166,133,86,58,34,25,136,133,105
output_0000392.png,17,16,12,158,156,137,169,183,200,89,58,37,110,84,53,124,102,76,133,121,86,92,107,109,196,186,176
output_0000393.png,114,90,67,205,203,201,26,26,20,178,190,194,159,157,137,159,167,170,173,141,89,68,41,31,146,143,111
output_0000394.png,179,183,192,22,30,24,130,166,172,111,128,129,78,107,104,124,145,159,47,76,71,74,70,60,63,88,94
output_0000395.png,160,154,142,31,40,31,218,211,202,89,67,50,112,92,58,200,201,207,98,95,92,29,215,112,151,220,164
output_0000396.png,202,192,183,135,113,107,33,29,27,158,160,149,88,56,53,100,104,94,71,76,101,129,132,165,177,41,94
output_0000397.png,184,163,145,27,39,27,117,97,87,71,111,101,129,160,149,80,63,44,100,133,152,61,75,103,173,61,50
output_0000398.png,214,211,205,35,38,27,168,168,154,146,130,116,97,71,55,106,113,101,132,136,163,87,91,103,184,75,96
output_0000399.png,138,129,121,29,29,29,224,215,211,91,26,41,114,151,189,82,66,48,75,72,73,101,79,76,184,191,196
output_0000400.png,128,118,105,20,18,37,183,172,162,74,59,40,165,174,170,58,39,35,68,67,62,136,138,187,94,74,57
output_0000401.png,224,222,210,169,170,151,36,32,23,145,124,110,105,75,55,122,142,152,112,117,104,63,79,106,204,100,104
output_0000402.png,156,154,143,21,24,21,228,223,215,76,59,47,88,80,61,92,95,93,202,212,202,201,203,204,52,132,132
output_0000403.png,200,192,182,165,162,151,31,29,24,138,114,104,89,63,53,95,105,97,132,136,155,80,84,97,190,51,97
output_0000404.png,216,204,195,34,33,28,135,91,91,146,162,138,91,44,46,88,113,81,189,52,106,146,141,151,88,86,96
output_0000405.png,208,198,190,171,167,161,34,29,27,157,150,133,142,80,86,83,90,102,96,35,40,96,89,76,191,36,83
output_0000406.png,213,199,188,38,31,27,135,91,89,143,163,137,90,114,84,186,63,91,95,44,44,146,141,153,89,86,96
output_0000407.png,209,199,192,170,164,159,30,25,23,139,51,71,149,142,127,89,83,73,89,23,33,85,89,98,190,38,84
output_0000408.png,204,198,189,180,180,165,156,134,118,20,23,16,118,113,100,161,157,159,114,81,56,91,87,88,201,79,134
output_0000409.png,141,108,101,32,29,22,162,158,137,206,197,189,105,101,86,115,141,170,96,51,43,7,47,100,181,27,77
output_0000410.png,214,202,189,131,104,94,25,32,26,146,162,139,83,66,53,80,114,80,84,85,95,147,140,160,178,54,99
output_0000411.png,198,186,175,33,27,22,132,105,98,158,158,148,104,103,92,93,62,54,187,28,79,91,132,169,29,62,108
output_0000412.png,208,203,194,21,24,17,156,136,121,181,181,166,119,119,110,113,82,58,161,157,159,95,95,97,198,82,131
output_0000413.png,214,202,191,27,33,27,137,111,99,151,161,143,87,113,85,90,65,51,77,79,98,148,140,159,182,36,92
output_0000414.png,207,191,180,42,35,37,153,176,186,147,132,123,113,116,108,100,75,68,131,150,172,93,92,105,203,87,100
output_0000415.png,216,201,178,33,26,20,144,119,107,136,175,158,102,112,109,138,147,160,95,69,51,79,84,100,203,61,102
output_0000416.png,201,176,178,34,27,22,145,114,99,166,170,166,142,119,162,48,65,123,98,106,108,97,65,51,195,71,165
output_0000417.png,215,203,179,30,27,19,136,176,157,142,115,103,137,143,154,99,112,103,74,82,93,94,69,46,205,61,97
output_0000418.png,182,171,152,85,75,49,22,32,23,160,159,140,129,122,114,144,109,75,94,17,24,136,139,145,112,117,81
output_0000419.png,29,60,59,143,143,138,145,118,40,226,206,193,113,45,51,81,96,97,140,85,83,182,208,208,173,186,210
output_0000420.png,42,53,51,156,151,145,112,42,52,225,217,213,107,87,60,201,206,206,90,108,110,135,93,87,191,192,204
output_0000421.png,132,134,133,208,191,141,23,67,52,161,194,186,130,169,194,100,38,43,118,105,32,65,94,100,130,73,80
output_0000422.png,91,49,34,31,20,13,121,105,95,53,30,20,215,203,203,164,165,147,117,87,94,156,140,151,141,85,71
output_0000423.png,87,53,38,165,179,188,220,221,220,152,110,79,144,152,161,121,120,122,23,19,15,106,95,103,188,114,80
output_0000424.png,127,112,99,172,180,188,28,45,33,207,204,203,81,42,25,147,154,158,80,58,54,75,81,82,172,181,167
output_0000425.png,201,194,193,67,42,34,136,114,108,152,170,177,138,148,162,102,114,116,89,82,77,22,31,24,96,95,105
output_0000426.png,189,193,202,131,89,75,30,29,28,148,145,145,72,46,35,159,137,120,192,156,135,102,47,23,173,172,160
output_0000427.png,148,122,113,190,177,173,70,45,31,160,164,170,112,114,121,83,93,106,19,22,23,92,83,77,165,164,154
output_0000428.png,49,45,39,204,184,183,68,177,149,136,124,124,131,148,163,81,120,116,102,68,50,83,96,105,172,84,108
output_0000429.png,210,207,202,37,27,18,137,104,83,151,165,173,120,137,156,93,104,112,94,57,37,65,77,92,181,100,76
output_0000430.png,36,40,30,204,209,214,144,134,130,149,158,168,161,177,186,101,99,107,106,69,55,90,125,119,180,92,140
output_0000431.png,209,204,199,43,49,47,145,126,114,175,177,176,104,92,81,152,157,167,112,120,133,98,103,113,192,83,80
output_0000432.png,209,200,190,23,29,28,128,112,104,156,164,167,133,141,153,72,86,100,73,66,59,86,102,115,172,92,61
output_0000433.png,195,190,181,14,61,37,89,53,33,113,112,109,149,140,131,140,178,165,158,84,33,154,159,160,109,99,82
output_0000434.png,202,192,184,22,29,28,118,106,100,141,153,160,125,136,151,78,95,107,70,63,53,64,80,96,159,89,75
output_0000435.png,191,182,171,13,53,31,130,76,40,125,121,116,164,163,158,74,32,17,64,57,46,25,164,111,165,124,86
output_0000436.png,209,190,174,21,27,27,146,155,158,125,108,98,125,135,151,83,97,109,72,64,56,66,80,96,165,89,77
output_0000437.png,19,53,35,130,79,45,197,194,187,172,177,172,128,125,121,80,32,17,66,59,48,96,166,130,163,125,91
output_0000438.png,217,198,180,26,31,30,135,112,100,154,162,164,133,141,153,91,105,116,71,84,99,81,69,59,172,99,61
output_0000439.png,135,77,40,20,49,34,194,192,186,121,120,116,163,166,161,80,32,16,70,59,45,15,168,112,180,112,52
output_0000440.png,225,206,190,137,114,101,25,30,29,159,165,166,134,142,153,92,105,116,72,84,99,82,69,59,181,107,67
output_0000441.png,23,50,32,200,199,192,155,107,74,168,182,177,108,72,47,105,109,107,66,133,105,157,160,159,188,132,98
output_0000442.png,27,31,29,227,227,227,97,96,100,163,118,91,147,99,50,82,59,53,143,131,129,192,167,139,60,100,108
output_0000443.png,186,183,181,29,34,32,133,147,163,111,122,131,160,136,126,61,89,111,109,81,62,67,80,78,204,164,84
output_0000444.png,225,207,190,135,112,99,23,28,27,159,166,168,135,142,153,92,105,117,82,67,58,74,84,99,180,107,67
output_0000445.png,41,50,42,155,108,68,204,208,206,32,148,107,97,189,164,117,83,53,160,166,167,111,121,122,188,100,28
output_0000446.png,27,30,28,228,227,226,97,97,100,159,118,90,131,94,54,195,167,139,142,131,129,86,59,49,60,100,113
output_0000447.png,197,201,198,17,54,32,149,110,78,173,129,91,105,79,55,71,131,106,100,113,112,39,183,132,84,212,164
output_0000448.png,62,55,48,126,87,45,234,230,224,148,116,83,137,131,127,179,149,128,210,182,145,178,180,180,172,92,148
output_0000449.png,114,108,102,207,205,203,18,53,35,128,176,159,76,47,36,166,136,119,117,69,37,166,161,164,188,108,72
output_0000450.png,194,184,157,22,23,13,114,96,63,69,56,33,137,149,121,82,94,70,23,43,73,133,139,124,156,92,78
output_0000451.png,169,136,102,50,46,32,223,216,196,90,45,26,92,77,57,105,63,34,212,182,148,124,80,50,198,186,173
output_0000452.png,217,217,207,42,40,30,159,168,170,147,154,158,136,138,132,98,95,76,107,118,100,98,106,100,172,140,87
output_0000453.png,41,45,31,109,105,77,88,74,59,230,231,226,118,126,116,151,138,124,167,162,143,168,173,173,68,140,84
output_0000454.png,144,128,101,28,34,21,178,191,169,204,193,172,65,57,32,66,74,52,67,38,23,114,68,53,155,166,168
output_0000455.png,136,129,108,28,30,22,200,191,166,181,193,174,69,47,32,73,78,67,84,65,40,103,79,60,165,178,172
output_0000456.png,124,95,67,226,228,219,41,42,32,157,159,139,81,39,22,177,183,174,201,176,149,156,151,111,52,108,100
output_0000457.png,206,202,198,43,44,30,99,97,82,73,64,49,140,131,108,87,85,51,148,155,149,139,125,141,56,156,172
output_0000458.png,156,146,130,39,45,26,216,216,216,93,53,45,100,105,94,89,88,50,218,195,173,122,95,85,192,206,182
output_0000459.png,42,47,31,136,129,107,229,230,229,203,187,166,78,50,42,81,86,66,171,173,165,81,81,37,180,199,172
output_0000460.png,161,150,132,22,20,13,86,58,43,94,79,57,102,91,77,214,199,182,118,97,82,204,196,188,204,204,182
output_0000461.png,42,47,31,136,129,108,229,230,229,77,59,45,203,187,166,171,172,165,85,86,37,82,87,67,180,199,171
output_0000462.png,211,204,188,157,144,118,41,42,27,119,132,104,173,184,174,112,94,71,150,166,168,79,91,65,107,113,103
output_0000463.png,208,200,191,48,45,30,158,132,112,172,177,153,119,93,74,124,130,95,92,98,62,165,163,164,122,112,109
output_0000464.png,199,191,175,34,36,23,149,136,113,112,126,99,106,84,65,164,176,166,142,159,161,71,84,59,100,107,101
output_0000465.png,43,43,28,193,178,166,143,119,98,107,116,74,102,79,62,159,166,143,153,153,158,101,99,100,172,100,108
output_0000466.png,208,204,191,38,40,27,147,135,112,160,168,161,110,125,100,163,166,138,106,83,65,72,91,65,87,105,103
output_0000467.png,42,43,28,151,127,107,199,186,176,106,83,65,113,124,81,168,174,155,164,161,157,110,105,101,180,108,116
output_0000468.png,34,38,24,142,130,106,188,180,162,156,168,154,104,118,94,99,76,58,111,151,163,95,99,93,173,124,109
output_0000469.png,198,185,174,89,78,56,19,21,12,160,145,126,146,116,96,168,174,158,52,32,23,164,162,157,121,135,86
output_0000470.png,34,37,24,144,129,104,210,207,193,163,169,151,105,117,92,98,78,58,113,150,162,180,148,118,94,98,94
output_0000471.png,104,87,65,210,196,186,23,25,14,167,145,125,70,39,31,171,180,162,158,125,104,129,136,90,163,161,157
output_0000472.png,195,189,174,150,136,111,33,35,22,111,124,98,165,177,164,108,82,62,141,159,159,101,106,94,71,84,60
output_0000473.png,190,192,175,11,10,7,91,85,70,119,149,129,51,45,32,60,82,67,172,34,55,100,104,147,43,51,79
output_0000474.png,96,124,108,195,198,174,14,23,20,158,171,177,159,166,145,32,72,59,162,190,165,65,74,38,49,72,60
output_0000475.png,200,204,185,125,145,118,16,20,16,34,71,52,67,114,85,62,77,61,164,192,173,152,172,179,82,77,34
output_0000476.png,181,189,178,157,175,162,25,38,28,133,137,112,96,123,99,135,158,161,86,79,57,60,88,103,176,76,62
output_0000477.png,169,181,171,40,46,32,204,210,195,146,134,109,111,135,120,144,161,158,108,81,50,84,109,104,188,116,108
output_0000478.png,171,185,172,37,45,35,152,145,117,199,208,201,111,129,105,150,167,169,103,90,63,78,99,105,188,132,116
output_0000479.png,199,203,187,36,42,29,164,177,168,139,127,100,145,162,158,105,127,111,98,81,52,75,104,105,180,116,101
output_0000480.png,172,185,170,151,144,116,35,43,34,198,206,197,108,127,102,98,88,63,157,170,166,86,103,104,188,148,111
output_0000481.png,200,204,187,37,43,30,165,177,169,139,126,98,145,161,159,105,126,109,98,81,53,77,104,102,180,116,94
output_0000482.png,157,159,139,31,40,30,94,86,55,96,58,52,197,209,208,87,104,82,222,230,221,201,212,194,44,132,196
output_0000483.png,174,189,182,36,43,30,210,221,213,152,167,163,152,141,115,118,135,120,109,89,61,89,109,106,236,116,84
output_0000484.png,204,212,204,30,36,30,167,186,172,148,137,113,115,132,109,112,81,57,137,161,160,69,98,103,188,108,100
output_0000485.png,173,187,177,27,34,25,112,95,61,99,64,45,94,117,108,146,145,112,231,239,236,141,119,94,57,116,118
output_0000486.png,206,216,212,43,48,36,176,194,187,130,147,127,158,142,121,118,93,67,151,169,166,99,116,113,214,11,105
output_0000487.png,169,188,179,204,212,198,153,165,164,31,40,28,145,131,100,102,125,112,75,95,100,98,79,49,188,84,104
output_0000488.png,176,161,125,13,12,6,105,81,49,62,47,22,118,147,134,68,81,57,104,111,142,154,48,56,47,51,78
output_0000489.png,27,23,14,189,177,149,113,111,86,80,94,69,138,152,138,75,63,40,123,131,146,23,47,88,156,92,116
output_0000490.png,189,179,154,21,23,13,107,95,69,73,92,65,122,153,132,70,57,37,108,133,146,59,73,79,154,61,79
output_0000491.png,188,175,150,22,23,13,110,96,73,71,91,71,70,54,35,115,154,139,111,134,144,58,70,81,156,52,67
output_0000492.png,28,24,14,188,176,150,113,111,87,137,152,139,82,98,72,75,70,46,118,130,150,53,69,83,160,60,84
output_0000493.png,30,29,17,200,187,163,119,111,87,78,64,41,86,104,86,124,143,144,139,158,148,70,87,87,160,80,76
output_0000494.png,196,184,163,20,23,14,129,131,109,100,114,93,87,80,54,148,167,147,140,152,150,79,92,87,60,74,51
output_0000495.png,196,184,159,29,29,17,119,111,86,78,64,41,85,105,88,147,156,134,115,141,151,70,87,88,156,76,52
output_0000496.png,30,33,22,198,181,155,120,112,85,138,160,157,77,68,43,125,143,152,84,106,94,61,76,89,165,47,40
output_0000497.png,27,21,12,168,152,119,112,128,123,126,110,78,87,100,87,85,63,36,64,81,74,57,65,46,148,148,123
output_0000498.png,195,180,165,30,28,16,122,112,92,122,132,159,92,105,90,84,67,44,139,166,168,61,75,56,74,84,95
output_0000499.png,200,187,162,33,26,15,131,117,89,96,109,97,92,76,47,65,75,56,74,90,85,156,156,128,116,140,140
output_0000500.png,193,174,157,26,25,13,116,109,88,85,98,80,77,59,37,137,154,143,115,123,151,55,66,46,67,75,96
output_0000501.png,181,174,166,15,19,12,99,107,89,84,74,52,117,155,153,55,68,49,99,129,148,47,74,82,143,67,48
output_0000502.png,21,28,17,189,185,171,109,102,83,132,153,148,73,97,82,69,60,41,117,138,141,41,81,86,156,100,68
output_0000503.png,161,161,155,12,20,12,86,104,89,93,169,191,93,66,45,75,130,150,47,68,50,53,39,24,32,77,83
output_0000504.png,52,96,68,206,174,118,31,22,10,139,142,119,147,186,166,106,146,128,93,140,114,156,171,164,172,100,15
output_0000505.png,124,120,101,221,231,238,88,33,39,169,181,186,73,81,49,161,168,152,64,75,61,190,178,163,198,196,172
output_0000506.png,48,51,41,219,222,223,170,180,172,146,145,127,103,96,82,118,124,116,148,159,165,99,103,112,189,148,105
output_0000507.png,122,120,103,230,237,241,94,36,41,45,46,38,191,211,222,85,80,57,179,164,139,156,168,157,168,182,192
output_0000508.png,211,215,215,42,52,43,158,170,159,137,136,117,101,113,105,90,93,76,129,148,158,81,98,102,173,132,100
output_0000509.png,92,81,68,42,42,34,134,127,89,220,229,237,124,138,136,161,148,132,175,174,147,158,176,181,64,164,156
output_0000510.png,200,177,165,50,42,35,159,188,202,149,127,113,113,122,103,137,154,167,102,101,106,107,85,72,83,91,64
output_0000511.png,107,103,90,238,239,239,28,36,30,175,186,181,163,154,129,156,170,173,81,23,33,61,66,33,211,96,122
output_0000512.png,168,160,137,39,38,32,84,52,49,95,91,81,94,87,54,183,201,209,123,101,85,224,214,149,38,176,202
output_0000513.png,128,121,105,237,237,237,26,33,28,172,184,180,65,66,40,85,18,30,66,71,60,157,170,173,209,92,121
output_0000514.png,161,153,133,39,37,34,89,48,50,176,201,214,95,91,84,94,88,54,210,207,181,212,186,159,40,178,202
output_0000515.png,53,53,42,237,238,237,151,140,118,167,179,172,125,129,113,107,111,112,116,98,82,150,163,164,212,87,118
output_0000516.png,164,156,136,38,37,34,90,52,53,182,204,217,102,95,59,98,99,95,212,198,176,218,214,179,44,179,203
output_0000517.png,125,117,105,238,239,239,25,29,27,176,186,183,76,21,29,66,71,65,159,170,174,69,60,41,215,93,127
output_0000518.png,96,98,85,209,204,182,35,48,45,161,147,109,167,181,179,55,49,33,176,180,157,110,131,142,82,72,34
output_0000519.png,101,97,78,213,210,189,27,31,23,135,144,140,156,140,98,176,183,163,58,41,28,137,140,109,167,172,175
output_0000520.png,54,57,42,202,200,178,150,137,107,162,181,174,109,98,76,114,131,120,99,110,113,142,159,167,209,52,84
output_0000521.png,142,140,123,201,202,179,43,26,21,49,62,37,191,171,149,81,78,46,85,80,65,87,96,74,170,178,181
output_0000522.png,197,182,154,134,119,92,25,27,19,159,160,147,98,100,81,87,71,48,139,142,149,70,81,87,198,64,81
output_0000523.png,135,132,116,202,195,173,29,32,20,173,184,146,85,14,24,68,68,38,74,80,60,158,171,172,105,79,63
output_0000524.png,37,37,26,200,186,157,146,130,101,167,168,155,113,113,96,103,80,57,87,95,98,140,149,159,196,62,79
output_0000525.png,133,129,112,202,195,172,29,30,19,173,186,146,84,13,22,67,68,38,69,76,57,161,171,172,98,72,59
output_0000526.png,191,176,144,128,114,86,25,26,18,154,157,148,91,98,82,140,141,143,82,68,47,70,81,88,185,57,71
output_0000527.png,137,133,114,202,202,177,50,25,21,49,62,37,192,166,133,94,80,38,171,176,174,84,90,67,82,72,57
output_0000528.png,190,174,140,127,112,82,25,26,18,137,138,138,92,98,84,154,157,148,81,60,43,76,79,79,172,37,58
output_0000529.png,134,132,117,27,29,18,204,194,168,88,13,24,172,185,141,69,70,38,74,81,61,158,171,172,106,79,63
output_0000530.png,196,183,154,28,27,20,133,118,88,159,161,149,99,105,93,137,140,144,88,68,48,77,87,90,188,100,92
output_0000531.png,133,131,117,27,29,17,90,12,24,211,192,160,167,187,119,72,72,37,75,81,62,156,171,172,109,77,61
output_0000532.png,198,184,159,30,29,20,134,114,95,159,160,149,101,107,96,90,63,48,137,142,150,83,87,88,196,72,80
output_0000533.png,134,131,118,27,28,17,210,194,166,88,20,27,167,187,125,75,80,38,75,82,62,156,171,172,107,79,64
output_0000534.png,200,181,154,134,117,94,27,28,18,159,161,150,101,105,90,91,76,52,138,142,150,80,89,88,184,80,80
output_0000535.png,135,133,118,26,28,17,210,198,173,88,17,25,170,186,138,76,77,39,74,82,62,157,171,172,109,79,63
output_0000536.png,133,116,95,27,29,19,199,182,153,101,105,90,144,147,150,161,166,157,90,75,52,82,89,87,172,116,84
output_0000537.png,133,132,120,32,35,22,214,208,191,95,26,32,83,78,45,173,193,154,78,85,72,167,179,180,107,80,70
output_0000538.png,200,184,161,26,27,18,134,115,89,159,161,150,137,139,144,100,104,87,92,70,51,82,88,87,200,58,74
output_0000539.png,136,135,121,33,36,22,220,211,188,96,25,32,83,79,45,177,195,140,163,176,174,111,84,71,76,85,67
output_0000540.png,199,188,166,28,30,20,134,119,94,158,160,152,132,137,145,100,106,95,90,72,51,81,87,88,176,84,92
output_0000541.png,127,124,111,28,30,18,211,199,173,91,10,24,169,187,126,70,72,38,69,77,60,159,171,172,101,71,59
output_0000542.png,119,100,74,231,227,211,99,11,24,42,41,31,195,164,125,149,160,155,170,151,120,84,49,27,148,180,180
output_0000543.png,205,181,157,39,41,26,130,114,93,137,145,153,159,166,163,96,82,54,100,109,105,79,95,98,177,80,81
output_0000544.png,197,193,172,54,53,39,148,138,108,140,87,76,187,138,119,103,100,77,103,59,50,215,150,164,111,111,103
output_0000545.png,125,104,78,228,225,210,163,170,151,88,15,23,44,26,20,136,151,155,74,67,47,78,48,27,188,132,124
output_0000546.png,207,184,159,39,41,26,135,123,108,99,82,55,141,149,158,109,113,106,160,165,161,80,95,98,179,82,83
output_0000547.png,226,219,202,156,161,144,133,112,84,85,20,26,38,34,27,126,135,147,143,49,54,115,83,84,189,106,75
output_0000548.png,194,192,173,52,52,36,147,139,109,140,89,77,186,139,120,103,101,77,103,59,49,212,149,163,112,111,102
output_0000549.png,81,28,29,227,226,212,32,24,18,118,107,78,153,155,138,142,103,83,131,130,132,110,83,84,180,140,124
output_0000550.png,206,182,157,40,42,26,130,115,95,137,144,152,96,81,54,160,165,162,99,109,106,79,95,99,182,80,82
output_0000551.png,195,191,168,55,53,36,151,121,96,186,146,119,117,120,94,109,83,64,215,149,164,86,88,60,108,101,101
output_0000552.png,43,45,29,209,184,158,145,150,153,144,123,102,109,91,64,98,103,99,119,119,110,167,172,165,181,82,82
output_0000553.png,51,49,33,143,111,87,194,188,162,182,134,111,110,111,88,102,71,53,140,164,84,99,87,97,153,138,153
output_0000554.png,44,44,28,204,180,152,139,148,155,135,117,94,103,85,59,109,111,101,89,96,96,160,156,137,173,115,74
output_0000555.png,194,185,169,22,21,13,107,94,72,68,58,40,76,88,63,49,54,38,123,155,128,98,129,146,57,71,78
output_0000556.png,194,181,156,28,21,10,119,98,69,79,55,34,147,148,120,91,92,65,144,140,124,86,83,69,156,108,84
output_0000557.png,38,29,17,203,188,171,116,92,72,83,62,43,144,150,136,89,94,80,139,137,141,163,30,48,84,82,85
output_0000558.png,155,142,120,185,163,143,41,20,13,96,89,68,140,53,56,95,27,24,175,15,44,115,121,117,56,65,62
output_0000559.png,39,29,17,203,187,170,116,92,73,83,62,43,145,150,134,89,93,82,141,138,141,161,25,48,83,82,85
output_0000560.png,167,144,114,114,95,68,18,18,10,61,47,28,67,82,78,135,133,116,50,67,68,116,123,124,152,100,80
output_0000561.png,199,183,161,34,21,12,133,107,80,96,64,43,104,95,69,154,149,126,153,140,132,92,83,76,164,108,108
output_0000562.png,73,46,29,166,112,101,118,67,53,11,9,4,32,23,11,98,85,59,138,125,96,86,76,68,140,108,108
output_0000563.png,52,59,53,207,208,198,140,133,111,104,96,82,161,173,168,137,152,168,110,128,127,98,108,123,172,108,124
output_0000564.png,134,141,134,38,47,40,70,71,58,76,83,78,192,177,155,63,58,50,155,177,191,166,190,201,94,91,82
output_0000565.png,82,79,72,220,225,225,150,154,140,169,184,175,123,138,131,20,31,27,105,118,129,126,163,184,194,94,67
output_0000566.png,115,113,100,29,68,47,213,183,172,181,192,195,155,167,191,171,147,127,72,48,42,148,158,137,122,70,41
output_0000567.png,125,104,83,222,218,208,54,46,37,205,153,136,173,166,145,192,185,182,82,63,33,159,143,136,79,39,29
output_0000568.png,130,98,84,214,208,189,34,37,26,181,185,162,100,28,33,73,72,57,158,157,133,73,62,33,158,167,165
output_0000569.png,128,149,135,30,43,34,213,236,229,186,222,215,85,71,56,99,100,68,155,206,192,177,182,183,49,148,125
output_0000570.png,190,217,208,128,175,159,20,30,27,93,136,122,52,95,107,50,90,77,106,89,86,178,89,114,118,153,165
output_0000571.png,128,147,133,30,43,34,195,227,220,219,239,232,85,70,56,164,209,198,99,100,68,179,183,185,49,148,128
output_0000572.png,185,195,189,28,57,50,106,131,119,153,150,124,91,71,63,104,98,79,138,127,110,232,232,227,69,165,156
output_0000573.png,128,147,134,30,44,35,195,227,220,220,240,232,86,71,57,164,209,198,99,100,68,179,183,186,51,148,125
output_0000574.png,193,211,205,26,36,34,143,173,164,121,136,129,79,121,111,48,88,106,78,88,76,181,86,114,128,154,165
output_0000575.png,13,22,50,220,216,201,157,157,136,65,56,41,184,189,165,88,82,55,77,93,105,110,99,80,122,153,184
output_0000576.png,222,214,189,99,91,68,34,36,22,176,188,162,165,148,109,165,161,139,144,142,108,60,39,23,148,170,174
output_0000577.png,214,208,191,45,38,30,170,173,157,148,132,109,114,119,102,104,79,63,146,151,158,110,92,103,198,88,80
output_0000578.png,99,93,70,212,208,187,33,38,26,175,186,163,157,143,111,163,163,139,79,39,35,156,169,174,196,67,90
output_0000579.png,185,178,167,31,31,24,147,153,136,124,112,103,95,97,90,85,67,58,90,77,94,140,137,148,168,71,93
output_0000580.png,216,213,194,98,91,69,180,187,163,33,37,25,164,163,139,165,146,112,142,144,113,83,37,36,156,169,175
output_0000581.png,192,189,180,152,163,145,32,33,27,134,124,112,99,107,98,87,70,62,90,83,96,140,141,149,173,116,120
output_0000582.png,217,213,194,98,91,70,180,187,163,33,37,25,164,163,139,164,147,113,142,144,113,84,37,37,158,167,175
output_0000583.png,152,166,148,188,184,174,129,119,108,28,29,24,82,68,59,85,105,91,140,142,149,88,84,96,172,100,116
output_0000584.png,221,213,207,95,103,95,151,156,150,42,39,31,158,171,186,57,56,42,41,57,47,144,135,119,163,193,200
output_0000585.png,177,193,182,130,156,149,108,114,101,17,23,13,115,133,145,80,97,91,63,62,45,69,81,79,160,84,94
output_0000586.png,200,213,196,146,160,144,113,108,91,18,19,14,71,55,42,78,91,81,129,139,141,64,75,76,164,108,36
output_0000587.png,134,151,154,21,25,18,113,127,141,97,105,92,128,108,96,58,66,50,86,64,54,71,78,79,148,140,100
output_0000588.png,176,181,144,17,19,14,118,112,96,85,101,92,143,158,135,71,68,56,70,83,84,134,146,149,100,60,46
output_0000589.png,116,130,140,111,110,99,20,27,19,133,149,151,162,170,154,89,102,94,78,67,53,56,72,52,72,88,90
output_0000590.png,119,115,98,17,18,14,92,100,85,164,174,165,79,72,56,126,141,154,55,64,52,67,81,86,157,143,123
output_0000591.png,209,229,221,122,173,158,14,18,13,109,101,79,101,136,153,61,53,35,67,91,90,47,71,80,155,107,131
output_0000592.png,143,161,157,21,23,15,90,105,102,115,136,128,139,133,119,89,71,47,55,59,55,108,139,140,63,84,75
output_0000593.png,164,170,146,21,27,23,97,107,90,123,140,119,90,74,60,57,70,58,116,130,124,63,82,77,132,68,84
output_0000594.png,162,166,163,19,22,18,96,101,85,149,129,114,69,75,60,86,81,65,115,136,150,64,80,87,152,148,116
output_0000595.png,154,196,191,25,32,29,103,117,112,125,146,149,100,78,67,142,128,124,98,90,92,54,76,73,124,156,124
output_0000596.png,125,165,160,26,32,36,75,94,109,214,208,204,42,82,106,65,72,65,165,186,218,109,121,103,174,215,239
output_0000597.png,183,193,187,21,25,23,126,162,161,107,117,110,73,104,101,112,139,148,68,65,54,63,82,85,152,116,120
output_0000598.png,179,215,204,136,168,164,25,32,30,112,101,94,75,98,93,67,63,57,124,138,149,62,79,94,148,92,104
output_0000599.png,181,197,191,14,17,12,102,95,76,125,148,145,53,56,45,53,72,79,63,86,91,104,126,145,140,108,110
output_0000600.png,186,196,190,22,26,24,126,161,164,107,115,108,73,104,100,68,64,53,108,139,149,57,83,92,148,92,100
output_0000601.png,180,220,206,135,169,163,25,32,29,111,102,94,74,99,91,68,63,55,122,139,150,148,116,116,59,82,93
output_0000602.png,167,208,202,123,168,164,19,22,18,103,101,89,76,102,99,104,138,141,72,59,47,51,75,87,100,148,132
output_0000603.png,179,195,191,22,26,24,125,164,164,107,119,113,74,105,102,68,63,53,107,138,149,57,83,92,148,116,116
output_0000604.png,173,187,189,128,151,153,15,18,16,105,100,95,116,129,142,62,50,43,70,97,94,47,74,86,148,92,100
output_0000605.png,90,112,115,7,10,9,203,196,192,146,164,184,30,59,67,36,48,42,141,148,152,49,64,62,161,180,197
output_0000606.png,206,209,207,153,159,152,20,16,14,124,115,104,92,92,83,138,135,143,77,59,44,68,68,81,180,73,104
output_0000607.png,186,176,162,28,26,22,123,120,111,149,162,159,86,100,93,135,145,149,79,65,53,75,81,86,170,40,84
output_0000608.png,203,204,202,24,20,18,132,120,109,156,166,161,100,99,89,144,144,150,87,69,53,77,76,89,184,69,95
output_0000609.png,36,39,33,199,192,190,140,114,90,152,168,161,103,115,109,95,75,59,139,151,158,183,65,127,63,93,106
output_0000610.png,183,166,151,31,23,18,121,102,90,73,50,38,142,153,145,79,96,78,63,77,78,134,137,141,173,48,71
output_0000611.png,170,177,172,200,204,205,28,25,21,136,125,109,96,104,91,141,142,152,83,69,58,65,75,89,197,63,99
output_0000612.png,192,154,152,36,36,32,140,115,94,150,167,164,103,116,111,138,152,158,95,75,64,69,93,106,66,81,73
output_0000613.png,139,138,132,58,40,41,177,192,210,88,86,80,66,74,71,119,40,80,105,101,90,180,178,176,181,188,179
output_0000614.png,186,169,175,142,95,83,39,37,36,146,160,166,105,116,121,97,72,61,81,90,106,66,79,80,150,158,143
output_0000615.png,32,40,31,182,178,178,138,118,120,160,166,168,149,152,158,98,102,106,94,85,73,111,118,119,64,87,74
output_0000616.png,130,130,131,19,55,33,184,184,185,170,172,171,170,175,180,67,77,71,54,57,50,88,88,82,56,52,60
output_0000617.png,16,19,14,157,149,117,104,101,73,49,58,44,108,152,143,53,91,73,42,65,81,60,97,163,201,20,78
output_0000618.png,161,158,136,48,59,34,228,227,222,109,110,56,214,208,189,101,66,53,195,195,186,106,108,97,198,212,194
output_0000619.png,38,43,30,142,131,115,89,42,32,216,218,213,88,93,78,179,179,168,194,196,178,210,204,174,94,78,46
output_0000620.png,230,231,224,34,36,36,126,119,116,142,163,162,94,105,97,84,72,68,137,142,160,86,83,102,171,107,143
output_0000621.png,218,216,212,31,45,40,169,180,175,153,144,135,156,157,165,99,85,78,112,125,117,99,90,120,191,92,144
output_0000622.png,217,217,216,45,41,27,148,142,129,174,178,171,122,124,103,163,155,162,105,91,63,109,95,101,190,100,156
output_0000623.png,137,126,100,33,33,23,195,187,167,96,68,30,74,38,22,82,82,65,178,181,165,156,159,166,111,70,58
output_0000624.png,47,40,28,220,213,218,151,145,135,122,124,105,168,163,167,178,181,175,106,92,68,113,93,109,194,82,132
output_0000625.png,207,193,174,41,34,19,151,128,102,167,180,165,151,157,151,120,125,105,111,101,90,112,81,44,82,83,52
output_0000626.png,129,119,107,218,214,217,22,26,20,179,187,190,172,166,178,66,33,40,88,73,41,74,73,65,196,108,130
output_0000627.png,40,35,20,200,193,171,145,125,101,158,172,157,111,118,98,142,152,151,105,74,42,107,96,88,198,86,125
output_0000628.png,126,115,103,218,214,216,22,26,20,179,187,190,170,162,174,64,28,37,83,69,40,68,65,65,196,84,124
output_0000629.png,37,33,19,145,127,103,201,192,169,156,171,153,111,119,97,141,152,151,106,75,42,105,96,88,197,86,126
output_0000630.png,52,49,38,155,158,153,82,82,61,95,97,89,60,84,80,114,119,106,181,187,188,189,196,193,106,119,116
output_0000631.png,208,207,205,39,32,21,141,132,115,156,161,151,108,107,86,93,75,51,148,140,153,92,82,90,172,92,119
output_0000632.png,57,52,36,142,146,144,92,93,75,52,79,67,57,54,67,174,181,178,97,110,108,180,188,190,91,94,107
output_0000633.png,208,207,205,39,32,21,141,132,115,157,160,151,108,107,86,93,74,51,149,140,152,93,82,90,174,96,138
output_0000634.png,31,41,28,150,154,149,86,82,52,90,101,81,83,48,35,118,120,89,115,122,112,180,181,180,113,95,75
output_0000635.png,211,208,215,31,31,22,125,115,100,172,134,150,84,62,45,139,132,144,91,106,87,95,81,87,100,156,132
output_0000636.png,180,175,165,39,41,30,117,90,56,97,57,45,105,106,93,141,107,89,146,134,105,234,228,221,217,221,214
output_0000637.png,160,152,142,38,54,39,96,90,54,219,214,209,95,104,90,203,203,205,203,204,193,58,116,140,100,66,76
output_0000638.png,180,175,173,24,50,48,33,84,91,133,117,97,140,83,62,118,138,132,221,220,224,120,123,126,122,74,78
output_0000639.png,182,176,172,40,48,35,97,78,54,100,113,109,148,124,103,236,232,230,31,129,183,133,123,125,85,73,90
output_0000640.png,207,195,185,185,144,124,68,70,53,152,119,99,108,92,72,25,23,14,107,113,112,116,126,122,163,164,147
output_0000641.png,227,227,225,32,36,28,159,167,159,136,124,107,93,77,61,107,115,105,96,98,93,141,146,149,180,148,132
output_0000642.png,176,152,115,30,30,21,125,108,74,119,165,148,78,66,45,81,101,74,113,134,146,85,81,85,202,60,116
output_0000643.png,211,211,206,23,29,22,103,92,77,18,113,83,94,150,133,45,68,54,72,83,84,134,138,148,148,116,124
output_0000644.png,216,214,214,25,36,30,126,123,121,88,117,105,148,169,161,87,94,102,76,80,74,139,140,162,164,92,116
output_0000645.png,95,78,52,204,192,183,28,42,31,155,145,131,176,174,164,153,122,95,122,126,100,165,163,164,60,35,22
output_0000646.png,26,36,29,143,140,128,230,226,224,78,54,38,92,75,54,83,98,88,187,188,199,109,89,75,191,204,198
output_0000647.png,115,119,115,19,25,22,215,224,225,48,65,60,90,76,46,169,202,197,157,169,167,171,186,188,158,148,150
output_0000648.png,142,145,132,12,17,18,156,187,212,97,95,53,38,89,111,89,93,82,87,114,128,194,164,172,184,200,180
output_0000649.png,101,106,91,20,26,21,216,225,224,167,184,179,151,157,151,62,60,30,138,149,144,159,170,172,55,41,27
output_0000650.png,112,118,114,141,141,135,15,18,18,182,190,191,151,158,170,92,84,72,162,173,180,95,98,103,62,75,69
output_0000651.png,23,30,25,143,147,134,227,234,230,88,59,34,104,83,52,82,103,107,184,204,200,108,97,75,193,204,181
output_0000652.png,208,214,205,24,26,19,120,119,101,157,138,117,105,89,65,65,75,60,125,145,144,65,90,93,116,164,166
output_0000653.png,171,195,187,209,220,213,46,42,28,151,166,162,158,149,126,130,138,130,122,92,65,109,111,105,89,89,68
output_0000654.png,142,141,123,47,71,94,160,171,183,192,184,172,85,102,121,119,85,43,129,115,80,179,180,162,76,76,84
output_0000655.png,171,195,187,209,220,214,137,130,112,24,28,19,150,168,166,77,57,34,70,74,55,64,41,25,104,70,46
output_0000656.png,23,27,25,165,186,185,78,77,69,228,231,232,101,98,78,98,111,109,123,121,110,145,144,122,56,100,68
output_0000657.png,39,38,31,143,126,110,224,228,222,214,205,177,91,48,40,181,175,162,101,79,44,91,87,77,207,179,159
output_0000658.png,217,225,223,44,42,36,151,180,176,131,122,112,105,102,100,93,82,79,132,135,160,92,81,104,172,102,121
output_0000659.png,134,124,110,31,36,36,217,221,219,172,174,165,84,50,42,192,197,183,96,78,47,85,84,77,208,196,176
output_0000660.png,213,221,219,43,41,30,107,82,70,122,125,113,142,135,121,118,108,91,156,174,169,143,155,156,84,116,102
output_0000661.png,181,183,176,65,50,39,119,92,68,137,112,93,159,144,117,228,233,232,220,219,219,76,84,78,123,133,126
output_0000662.png,98,98,85,211,206,186,31,39,31,171,185,162,161,155,129,84,91,24,119,156,177,202,80,106,68,41,34
output_0000663.png,232,230,219,37,45,31,155,154,129,181,184,156,121,127,102,102,97,77,99,102,103,153,162,170,200,93,110
output_0000664.png,208,199,170,89,85,74,36,43,39,177,181,152,146,151,140,150,141,108,100,153,186,129,133,117,70,26,44
output_0000665.png,133,128,104,28,24,15,223,221,210,87,45,23,212,192,159,183,183,169,148,92,24,19,199,219,192,205,181
output_0000666.png,142,138,119,205,188,155,31,41,37,69,73,67,178,181,164,59,49,40,103,86,76,91,87,33,165,170,172
output_0000667.png,147,143,128,34,38,30,223,219,209,75,63,51,87,82,56,87,89,80,189,193,191,194,205,201,60,100,50
output_0000668.png,30,34,25,201,201,195,89,72,67,108,112,105,102,108,54,147,138,112,149,157,152,140,136,139,49,174,188
output_0000669.png,91,63,45,211,209,202,158,148,135,182,175,168,145,115,101,27,29,20,127,115,104,191,168,146,192,188,148
output_0000670.png,204,205,197,40,35,22,83,59,40,108,97,62,114,113,99,139,125,102,151,144,118,149,154,153,46,156,145
output_0000671.png,107,93,66,220,218,208,22,21,10,183,185,173,164,153,135,64,39,22,163,143,107,173,168,167,196,116,188
output_0000672.png,229,227,222,45,45,25,143,125,100,166,168,151,102,86,57,109,112,81,164,154,149,104,93,93,180,116,180
output_0000673.png,214,212,203,82,68,46,155,141,115,176,177,165,126,121,100,17,18,8,166,161,158,110,103,102,188,116,196
output_0000674.png,228,226,222,42,41,22,142,124,100,166,169,156,102,85,56,108,113,84,162,154,150,103,96,93,204,108,204
output_0000675.png,217,215,204,44,40,23,155,141,116,176,178,165,110,93,63,126,121,98,166,161,158,114,106,93,188,148,180
output_0000676.png,229,227,223,36,35,19,142,124,100,167,168,156,98,82,53,158,153,150,108,112,83,104,98,86,188,116,156
output_0000677.png,220,221,211,82,70,43,179,184,170,151,140,117,164,161,159,19,26,13,124,128,96,113,109,104,200,132,152
output_0000678.png,238,238,234,50,55,28,151,135,114,173,177,165,157,157,160,109,94,68,112,128,93,101,110,105,188,148,133
output_0000679.png,132,121,96,221,225,225,33,32,18,78,51,27,201,183,154,89,72,41,172,167,156,182,198,175,50,108,97
output_0000680.png,238,238,234,50,55,28,151,135,114,173,177,165,157,157,160,109,94,68,113,128,92,103,110,105,188,148,132
output_0000681.png,136,125,99,33,30,14,229,230,228,82,51,26,207,189,158,97,75,39,176,174,165,190,198,182,83,86,64
output_0000682.png,238,238,234,45,51,25,151,135,114,173,177,164,157,158,160,103,88,61,111,122,89,101,104,96,188,140,124
output_0000683.png,31,30,16,140,128,103,220,224,224,80,51,27,92,73,41,206,188,157,181,175,163,86,85,63,185,197,176
output_0000684.png,238,238,234,45,51,25,149,135,113,173,177,164,157,158,160,103,88,62,109,123,91,98,104,96,212,140,140
output_0000685.png,31,30,16,140,128,103,220,224,224,80,50,26,92,73,41,206,188,157,181,174,163,87,86,64,186,197,176
output_0000686.png,238,238,233,49,54,27,151,134,113,172,177,164,157,158,160,109,94,68,112,129,93,101,111,105,200,140,152
output_0000687.png,222,224,216,164,182,173,41,49,36,140,143,124,107,126,116,116,156,170,94,88,66,84,103,107,188,116,108
output_0000688.png,121,144,131,22,26,21,209,204,195,69,63,42,76,82,77,36,60,58,157,174,184,167,190,187,72,104,114
output_0000689.png,181,185,173,37,45,32,140,159,149,121,123,109,82,104,94,74,82,65,125,146,149,79,88,94,156,68,60
output_0000690.png,221,222,214,164,181,173,41,49,36,140,143,125,107,126,116,117,157,170,94,87,66,85,103,106,188,124,108
output_0000691.png,182,185,174,38,45,33,140,159,149,121,123,109,82,104,94,74,82,65,126,146,149,79,88,94,156,76,84
output_0000692.png,219,227,227,141,158,153,111,116,110,14,16,13,120,136,142,77,90,86,61,58,47,64,72,78,166,94,110
output_0000693.png,208,210,202,39,44,33,148,167,160,124,125,115,81,79,63,134,152,160,95,111,108,81,96,96,168,87,95
output_0000694.png,208,210,199,45,54,40,158,178,171,146,144,125,112,132,122,102,88,68,107,157,168,90,110,112,180,88,72
output_0000695.png,214,216,208,39,45,33,125,125,114,150,167,156,80,80,65,96,110,107,139,153,158,87,99,100,168,97,105
output_0000696.png,218,227,226,141,158,153,111,116,110,15,17,14,120,136,142,77,90,86,61,58,47,65,72,78,169,101,110
output_0000697.png,213,213,204,39,44,33,124,123,111,152,166,152,80,82,67,97,110,106,143,154,157,86,99,100,167,93,97
output_0000698.png,214,215,206,48,55,42,164,187,181,153,153,136,119,141,129,111,100,79,115,165,177,99,119,120,83,104,96
output_0000699.png,217,226,226,141,158,153,112,117,110,15,17,14,120,136,142,76,90,87,61,58,47,64,72,78,169,97,108
output_0000700.png,25,31,26,136,156,144,92,100,100,80,71,56,51,79,89,210,221,222,143,118,98,181,213,193,199,196,192
output_0000701.png,238,240,235,126,136,128,20,27,23,175,190,189,158,174,185,64,77,75,63,67,49,62,44,33,92,88,84
output_0000702.png,51,60,48,205,206,198,146,148,131,152,187,188,112,135,127,102,162,177,108,98,78,83,110,120,180,88,72
output_0000703.png,239,241,236,127,137,130,23,30,25,174,190,189,157,175,192,64,78,77,64,67,49,60,46,39,94,87,82
output_0000704.png,181,175,152,14,18,9,103,96,61,62,55,28,65,93,88,119,145,126,87,124,141,50,72,78,140,84,17
output_0000705.png,153,200,211,13,30,37,80,134,174,136,137,112,99,78,42,94,115,98,33,81,116,45,75,72,6,179,95
output_0000706.png,39,35,15,189,182,156,143,135,100,162,164,132,107,113,80,99,79,39,78,92,94,100,144,151,184,108,80
output_0000707.png,161,164,166,15,18,13,107,78,61,94,65,48,113,96,92,195,204,212,204,203,216,131,118,106,107,117,117
output_0000708.png,230,233,234,30,30,31,132,112,102,163,167,172,98,110,107,142,143,158,89,71,63,79,87,99,180,124,89
output_0000709.png,224,232,237,163,190,196,29,33,29,126,121,114,99,107,101,88,76,68,136,142,153,86,86,96,188,60,84
output_0000710.png,143,140,136,23,27,25,195,199,203,97,72,55,82,57,40,82,87,85,114,84,74,185,188,179,196,188,180
output_0000711.png,232,233,232,28,27,28,144,120,110,170,175,180,109,113,108,106,80,67,152,153,166,80,89,103,188,132,106
output_0000712.png,43,34,29,227,219,209,107,80,67,195,167,137,145,115,82,171,140,114,136,121,109,176,170,163,92,132,100
output_0000713.png,97,95,88,230,226,224,14,17,17,151,142,133,50,40,38,163,165,177,72,57,29,167,185,195,180,116,156
output_0000714.png,46,32,28,220,228,227,87,53,46,119,90,75,142,124,117,160,153,141,104,106,108,156,172,172,60,132,128
output_0000715.png,135,128,126,219,224,225,29,27,24,76,41,33,177,194,198,89,63,48,110,78,74,74,77,73,156,170,181
output_0000716.png,173,186,194,99,101,81,11,20,35,131,149,161,28,59,86,164,138,127,114,130,135,72,62,56,61,52,35
output_0000717.png,35,30,25,213,218,217,93,71,65,151,134,130,116,118,121,119,102,87,163,171,171,165,157,144,68,108,100
output_0000718.png,160,157,141,35,44,42,97,53,58,234,239,237,94,106,109,100,94,57,222,219,189,218,190,165,26,188,156
output_0000719.png,105,104,98,234,222,208,32,39,29,162,150,140,67,62,39,164,165,181,178,180,173,56,42,28,188,116,148
output_0000720.png,13,15,16,6,26,75,171,150,130,96,76,61,53,44,33,129,124,100,116,92,116,35,44,44,68,76,60
output_0000721.png,185,168,159,53,101,129,11,12,10,133,167,192,121,126,140,16,38,58,113,153,182,36,56,68,165,56,26
output_0000722.png,213,214,215,39,42,34,146,131,116,162,175,172,105,115,106,94,84,71,128,142,164,78,92,107,180,90,144
output_0000723.png,205,210,215,45,46,39,163,181,191,147,135,124,77,93,107,101,111,105,110,134,168,98,85,69,184,98,98
output_0000724.png,202,205,197,11,15,7,89,87,67,51,49,27,129,140,122,66,76,51,145,96,101,66,45,72,124,100,156
output_0000725.png,106,95,51,212,198,172,19,17,6,168,164,131,62,46,16,178,180,149,161,144,95,145,142,99,153,166,160
output_0000726.png,187,175,133,11,24,15,101,106,62,87,71,29,29,63,49,15,77,83,123,154,113,142,73,50,12,140,148
output_0000727.png,187,172,146,28,30,15,116,113,86,135,154,141,81,101,83,76,64,35,117,135,143,61,80,79,164,84,116
output_0000728.png,190,191,187,13,23,22,67,108,132,28,74,107,109,137,160,134,159,170,45,66,63,101,75,41,148,90,32
output_0000729.png,221,234,234,125,121,107,49,52,43,89,83,54,82,58,41,179,178,171,207,202,188,175,167,149,189,198,184
output_0000730.png,44,43,27,162,162,148,93,91,59,230,232,229,78,72,44,101,102,80,121,113,90,200,207,209,203,212,194
output_0000731.png,157,149,133,32,25,16,103,81,50,84,54,31,208,207,196,118,97,74,198,195,196,105,91,71,213,191,155
output_0000732.png,89,84,66,227,235,233,152,143,126,131,132,110,172,203,196,24,26,21,167,167,167,118,116,119,188,116,144
output_0000733.png,99,80,74,211,220,224,50,44,40,115,109,90,152,129,129,114,117,116,188,172,142,154,168,173,70,124,108
output_0000734.png,181,202,208,43,50,41,96,85,70,118,112,90,117,129,125,138,135,117,162,157,135,226,221,208,72,116,114
output_0000735.png,29,41,44,148,138,82,216,230,230,105,86,78,120,141,144,163,143,129,182,175,121,161,200,199,68,157,150
output_0000736.png,82,81,40,208,206,174,156,148,95,171,188,145,123,139,78,17,23,12,129,148,169,70,98,123,196,108,84
output_0000737.png,210,193,174,30,29,24,92,54,53,115,91,82,148,119,97,104,93,51,154,116,121,226,222,221,60,100,44
output_0000738.png,27,31,26,140,128,101,200,217,218,82,54,47,212,189,168,170,169,156,83,81,69,98,69,43,186,197,166
output_0000739.png,135,107,93,218,212,203,31,30,26,215,187,166,85,53,51,192,191,167,169,162,159,85,87,32,60,108,140
output_0000740.png,29,33,27,137,129,102,199,216,219,79,54,49,167,168,157,83,82,67,209,190,172,94,73,43,190,197,168
output_0000741.png,129,103,90,216,200,184,26,27,22,175,181,157,65,57,54,71,59,31,59,34,33,148,156,168,196,108,116
output_0000742.png,138,132,106,224,216,206,29,34,27,66,49,41,182,191,166,85,67,42,74,74,61,104,76,62,156,173,183
output_0000743.png,33,41,44,150,139,82,213,228,228,103,85,75,161,140,130,184,175,120,113,132,133,157,193,194,69,160,152
output_0000744.png,196,162,118,48,61,49,131,103,75,95,59,37,87,104,103,101,119,116,131,149,160,40,17,9,147,166,170
output_0000745.png,25,28,20,197,202,192,93,109,92,117,29,39,86,85,56,146,117,97,128,146,133,161,156,132,182,110,121
output_0000746.png,210,205,191,27,31,23,132,127,112,153,173,156,100,106,93,85,77,64,195,86,108,134,149,160,87,86,96
output_0000747.png,27,28,23,87,77,57,203,204,200,109,109,82,132,129,103,82,81,78,161,161,148,143,152,146,140,130,134
output_0000748.png,30,26,21,198,198,192,96,71,53,111,110,102,151,149,122,140,123,107,115,95,71,151,152,140,76,108,100
output_0000749.png,116,122,116,31,19,12,218,208,208,110,35,49,180,167,178,192,157,38,158,130,25,166,133,98,112,71,68
output_0000750.png,170,173,166,33,28,18,99,28,32,101,112,111,114,88,71,23,144,139,129,105,91,229,229,225,144,132,108
output_0000751.png,167,170,166,33,22,14,108,94,77,141,113,95,92,27,32,67,28,27,147,132,108,129,124,124,68,68,68
output_0000752.png,226,231,227,166,175,172,37,30,26,140,135,128,109,109,101,148,154,156,94,75,60,65,77,98,204,116,132
output_0000753.png,192,194,183,31,24,15,134,133,113,111,88,72,168,159,152,162,139,126,83,76,57,90,92,84,164,172,140
output_0000754.png,225,230,226,43,34,29,159,167,168,172,185,183,148,147,142,121,128,126,108,106,101,102,84,74,196,148,148
output_0000755.png,186,163,143,34,38,34,119,107,92,154,119,95,101,69,63,208,202,192,103,98,51,153,114,109,84,124,84
output_0000756.png,159,137,122,39,43,39,234,233,225,219,191,160,85,57,48,96,97,92,95,91,49,199,198,172,44,176,220
output_0000757.png,53,52,47,213,203,186,146,141,130,115,123,121,151,156,171,169,174,162,98,103,112,107,91,81,185,78,72
output_0000758.png,20,29,26,171,147,129,83,56,39,189,188,175,89,95,88,102,91,49,126,119,113,130,97,83,60,108,76
output_0000759.png,207,210,207,162,168,161,27,35,33,135,119,108,92,77,65,103,105,97,86,141,166,77,87,94,180,116,124
output_0000760.png,167,156,130,32,37,35,107,114,95,233,193,161,231,225,215,91,58,46,104,79,56,222,212,177,64,108,109
output_0000761.png,159,167,165,36,43,43,218,220,219,99,97,93,203,207,205,142,139,121,91,85,75,126,121,115,85,75,68
output_0000762.png,168,159,134,32,38,36,108,115,95,232,231,226,230,194,162,93,57,50,133,100,88,106,80,57,68,116,100
output_0000763.png,184,167,135,26,25,12,109,97,55,69,60,32,135,152,115,55,97,80,49,61,38,36,69,88,63,116,143
output_0000764.png,184,173,161,14,26,15,112,110,96,60,97,91,45,67,53,33,78,80,129,135,141,128,153,153,148,116,124
output_0000765.png,77,96,85,8,15,8,154,146,137,19,57,83,39,61,49,96,144,134,77,68,47,39,35,19,98,126,135
output_0000766.png,177,169,164,22,32,21,115,113,102,134,150,149,69,104,97,68,70,56,42,80,86,122,134,150,150,100,106
output_0000767.png,9,16,10,157,144,144,99,97,83,113,144,146,43,59,48,60,91,87,100,130,141,54,40,24,54,74,76
output_0000768.png,43,46,48,150,154,177,100,112,127,135,129,136,184,173,183,98,95,99,77,93,106,105,116,113,156,165,154
output_0000769.png,95,99,109,24,27,27,200,180,181,144,144,162,37,48,57,148,135,127,157,162,190,66,40,56,170,181,200
output_0000770.png,177,162,168,19,32,31,109,94,93,130,130,140,73,87,94,55,75,85,134,133,121,70,51,52,148,92,84
output_0000771.png,142,143,153,15,27,27,46,59,67,83,89,89,179,177,199,95,106,112,68,67,72,76,64,52,110,97,113
output_0000772.png,46,42,44,109,79,93,221,232,229,158,138,90,159,133,133,132,118,127,185,170,124,164,185,181,73,174,172
output_0000773.png,39,56,47,92,79,70,228,231,231,108,114,84,118,135,141,165,141,141,187,179,149,166,179,186,62,160,188
output_0000774.png,112,106,88,222,227,226,28,27,17,169,188,181,65,56,32,161,163,170,55,42,25,160,151,140,196,124,158
output_0000775.png,82,82,72,232,235,232,124,151,186,153,144,124,150,189,199,121,138,135,20,29,30,96,111,137,190,104,129
output_0000776.png,132,121,79,36,34,19,214,210,200,174,172,151,203,196,171,72,56,35,204,187,169,173,160,118,163,164,122
output_0000777.png,84,80,52,49,55,37,105,111,93,229,240,238,129,141,130,150,152,140,169,202,199,160,172,155,60,164,132
output_0000778.png,204,201,177,84,83,53,146,140,117,23,24,14,160,175,159,120,121,109,153,159,158,54,32,20,119,135,118
output_0000779.png,139,128,101,86,52,26,35,34,22,176,174,155,108,80,40,206,212,200,205,192,168,190,197,174,84,87,71
output_0000780.png,65,60,37,201,204,183,102,72,53,114,102,80,124,116,101,241,243,243,162,135,117,163,147,141,84,108,84
output_0000781.png,34,38,22,183,168,132,229,231,225,204,205,188,217,220,199,136,111,63,124,111,88,112,80,57,143,110,89
output_0000782.png,149,134,108,47,46,25,80,71,38,90,89,69,200,200,169,75,48,25,187,186,164,121,83,55,205,184,153
output_0000783.png,42,37,18,103,82,50,239,240,232,173,153,124,124,110,74,131,129,106,177,203,193,168,157,166,84,116,92
output_0000784.png,37,42,31,116,103,72,220,221,210,162,165,152,143,176,191,141,142,136,200,180,151,82,69,34,82,44,31
output_0000785.png,22,20,10,98,89,64,66,54,33,152,144,119,46,55,27,72,85,48,128,140,104,126,126,116,75,75,68
output_0000786.png,39,32,17,184,170,143,136,117,80,155,157,136,93,73,43,99,110,100,122,139,141,74,87,88,172,92,60
output_0000787.png,160,128,98,100,92,67,17,18,12,63,60,39,75,84,60,224,226,215,63,67,71,132,140,108,103,116,124
output_0000788.png,30,29,20,140,121,95,196,173,144,109,105,85,98,74,52,154,163,120,93,91,85,156,147,140,172,132,116
output_0000789.png,157,125,93,101,93,67,16,18,11,63,58,37,220,222,209,75,84,56,131,140,106,73,74,68,132,132,124
output_0000790.png,26,25,17,118,99,78,161,142,117,84,70,51,135,134,111,123,119,110,94,95,78,66,69,61,148,100,84
output_0000791.png,171,146,119,21,21,14,110,98,71,80,87,60,68,62,40,137,141,112,75,76,68,134,132,124,148,68,68
output_0000792.png,161,152,127,112,94,74,21,21,14,147,122,100,124,122,112,78,64,44,79,80,72,89,94,77,57,62,47
output_0000793.png,154,124,94,103,92,66,17,18,12,62,58,37,217,219,204,75,84,57,131,140,107,74,76,68,124,132,124
output_0000794.png,161,152,127,112,94,74,17,16,11,147,122,100,123,121,112,78,64,44,78,80,71,54,56,41,89,94,77
output_0000795.png,156,126,96,18,18,12,103,92,66,62,58,37,217,220,205,75,84,58,131,140,108,75,76,68,132,132,124
output_0000796.png,160,148,126,113,95,74,17,16,11,147,122,100,123,121,111,78,64,44,78,80,71,89,93,78,55,56,42
output_0000797.png,19,21,13,150,120,85,114,111,88,98,86,57,70,74,53,57,49,30,101,99,92,56,59,52,132,68,56
output_0000798.png,118,98,70,198,184,167,21,22,14,78,68,45,90,93,68,58,61,40,84,84,76,143,160,131,148,148,140
output_0000799.png,26,26,16,160,128,97,113,98,69,77,70,46,89,94,69,216,219,204,139,148,115,84,83,76,140,140,124
output_0000800.png,24,23,14,123,109,79,183,168,145,83,69,45,98,101,73,91,90,77,145,157,128,156,108,87,148,145,132
output_0000801.png,20,21,13,100,90,62,153,123,90,119,117,94,70,74,53,57,49,31,109,107,100,140,60,52,62,60,60
output_0000802.png,124,108,79,194,180,159,23,22,13,87,73,48,98,101,73,62,63,42,154,156,128,92,91,84,156,148,140
output_0000803.png,111,101,74,168,140,107,24,24,15,89,94,70,78,71,46,81,83,69,57,63,43,140,148,115,134,134,124
output_0000804.png,130,111,81,194,180,160,24,23,13,104,103,76,89,73,49,62,63,42,154,156,127,93,92,84,156,148,140
output_0000805.png,103,93,66,153,122,87,21,21,14,118,117,95,79,80,57,66,56,36,50,53,36,66,67,60,112,108,108
output_0000806.png,37,33,21,133,110,82,114,109,79,103,76,52,196,175,144,160,158,127,79,78,55,106,93,96,156,148,150
output_0000807.png,44,35,19,184,169,142,135,116,80,154,157,136,94,73,43,99,108,96,74,87,88,127,143,149,168,100,90
output_0000808.png,79,73,46,143,126,96,16,17,9,187,175,156,123,124,94,39,26,15,120,115,100,164,172,144,164,164,164
output_0000809.png,175,162,135,64,42,21,91,73,41,35,26,12,100,94,70,140,122,78,136,120,93,118,98,68,52,60,40
output_0000810.png,49,42,26,202,191,172,145,134,105,120,119,92,109,97,68,171,172,151,109,107,92,165,164,156,180,140,110
output_0000811.png,93,83,51,31,30,18,197,185,154,157,147,118,146,126,88,166,175,120,60,34,19,131,132,95,164,164,156
output_0000812.png,37,30,18,166,154,127,146,135,107,125,108,76,92,74,46,104,93,64,139,123,108,74,72,70,156,124,92
output_0000813.png,115,110,80,27,24,14,213,204,188,73,45,26,169,162,140,162,140,110,147,148,121,179,179,172,180,188,173
output_0000814.png,36,37,21,157,138,107,104,92,59,128,125,94,75,66,37,82,84,53,124,116,108,71,76,68,140,76,68
output_0000815.png,101,90,62,18,17,9,180,174,155,162,165,147,60,38,22,144,142,120,148,123,88,156,156,148,130,132,99
output_0000816.png,24,23,13,130,124,94,183,163,136,93,84,50,105,111,74,69,74,41,154,169,137,99,99,84,155,156,148
output_0000817.png,109,99,69,15,16,9,157,160,141,62,39,22,83,64,39,74,53,27,64,60,38,167,140,105,141,148,116
output_0000818.png,127,116,87,18,17,10,102,103,67,173,154,126,89,77,45,62,65,37,154,156,129,153,147,140,95,92,84
output_0000819.png,105,95,65,17,17,9,161,159,139,143,148,125,56,34,20,61,56,36,85,54,33,130,131,116,69,45,19
output_0000820.png,94,86,55,13,15,7,144,141,116,174,154,125,144,120,88,55,33,17,185,182,159,128,132,99,156,162,148
output_0000821.png,106,97,67,14,15,8,161,160,141,143,148,126,56,53,34,52,32,18,82,50,26,130,131,116,83,57,38
output_0000822.png,109,95,65,213,196,173,18,16,8,62,38,22,156,129,95,158,145,121,168,172,148,140,140,108,164,164,156
output_0000823.png,97,82,53,20,19,9,134,127,100,135,103,70,148,145,124,166,150,123,60,34,18,154,156,130,123,124,84
output_0000824.png,112,96,66,217,202,181,22,20,11,62,39,22,164,154,127,162,137,99,179,180,156,146,140,105,178,172,156
output_0000825.png,219,217,207,174,178,167,37,46,40,143,139,127,97,95,81,111,118,113,62,98,123,154,158,167,188,108,124
output_0000826.png,93,89,72,204,197,177,35,37,26,150,140,108,151,154,143,62,40,33,165,181,168,155,167,176,127,140,114
output_0000827.png,208,204,192,164,167,156,34,40,34,142,140,128,87,84,72,105,110,105,53,86,110,149,151,159,180,116,116
output_0000828.png,93,89,72,204,196,176,35,37,26,150,139,107,151,154,143,64,39,32,166,181,167,156,167,176,127,141,112
output_0000829.png,208,206,194,32,38,33,161,164,153,141,142,132,87,85,75,104,111,109,57,86,105,142,151,158,172,100,108
output_0000830.png,93,89,72,205,197,177,35,37,26,150,139,108,151,154,143,65,39,33,164,181,170,156,167,176,127,141,114
output_0000831.png,216,214,202,147,147,136,29,38,36,169,172,159,88,86,73,66,88,107,104,110,107,151,158,166,180,108,112
output_0000832.png,125,117,99,200,189,166,22,26,20,167,174,158,67,72,60,74,36,31,64,58,34,103,69,57,147,160,167
output_0000833.png,202,199,187,110,101,88,18,21,19,62,62,51,139,151,135,70,86,87,42,67,87,132,137,140,153,78,91
output_0000834.png,159,156,138,186,179,164,11,16,18,112,98,90,75,83,93,115,124,127,48,61,74,65,45,33,172,116,100
output_0000835.png,196,186,165,124,119,99,17,19,15,167,175,156,70,37,30,152,160,157,60,67,54,63,56,34,94,69,57
output_0000836.png,22,24,25,177,171,155,100,65,53,96,97,96,138,101,86,124,85,66,221,214,203,145,126,106,211,212,201
output_0000837.png,186,173,147,29,38,38,138,125,104,161,165,148,92,81,68,104,111,104,133,152,159,84,96,109,177,51,88
output_0000838.png,185,173,158,33,35,29,117,106,96,133,148,139,88,94,90,76,72,61,133,138,140,44,74,93,150,68,79
output_0000839.png,123,117,103,196,181,155,20,27,26,169,173,154,62,38,31,76,57,38,140,158,166,58,67,72,181,56,90
output_0000840.png,30,32,26,182,164,148,112,101,93,131,148,143,122,130,144,73,72,61,60,77,89,81,93,91,149,73,83
output_0000841.png,196,181,156,125,121,105,19,27,26,168,173,156,62,39,31,75,58,39,141,159,166,58,67,71,96,71,68
output_0000842.png,194,178,163,33,36,30,120,112,102,77,76,65,58,81,96,147,156,143,143,147,148,90,100,97,164,73,89
output_0000843.png,196,181,155,126,122,105,19,27,26,168,173,155,61,39,31,76,57,38,142,159,166,58,68,72,96,71,68
output_0000844.png,186,171,156,31,33,27,111,103,94,132,148,138,134,139,140,74,73,62,49,75,92,80,92,91,152,70,83
output_0000845.png,125,118,102,195,181,155,19,26,24,168,173,155,62,39,30,75,58,39,143,160,166,58,68,72,181,60,92
output_0000846.png,197,186,171,113,105,96,28,28,22,165,136,117,50,64,58,74,73,63,134,148,138,79,93,92,36,73,98
output_0000847.png,232,230,212,47,50,41,153,143,122,119,130,116,151,186,172,108,103,83,106,113,110,151,158,181,192,82,102
output_0000848.png,136,128,100,21,20,9,194,225,232,93,54,26,138,168,169,106,76,38,160,196,186,53,156,186,196,185,157
output_0000849.png,182,160,119,19,21,11,118,94,40,242,239,218,98,56,25,229,216,175,117,111,79,137,106,64,76,140,124
output_0000850.png,26,27,14,141,120,82,221,207,159,82,53,28,184,173,143,243,239,213,203,196,148,85,75,45,102,73,27
output_0000851.png,65,76,69,135,137,124,172,168,152,13,18,13,155,164,151,102,115,116,107,124,118,19,36,30,149,155,164
output_0000852.png,89,92,83,170,181,192,31,18,10,67,49,31,140,152,169,133,141,143,110,122,125,156,155,153,35,46,45
output_0000853.png,34,33,26,109,125,128,93,107,105,141,155,159,104,76,54,137,111,87,71,86,87,64,71,61,138,140,124
output_0000854.png,84,98,97,32,35,29,186,197,206,134,148,156,170,174,170,167,145,143,131,130,126,27,78,86,39,42,52
output_0000855.png,28,29,23,81,97,97,119,135,139,109,118,107,90,66,47,121,96,66,46,61,64,59,76,72,91,108,124
output_0000856.png,147,155,123,181,189,165,27,18,11,99,35,33,99,103,73,129,97,79,125,131,124,41,70,74,108,142,68
output_0000857.png,158,162,148,21,18,12,135,145,128,112,100,82,67,45,31,77,89,76,43,64,84,106,125,144,153,32,85
output_0000858.png,139,164,161,111,140,141,20,20,19,90,117,107,99,79,55,65,72,60,146,136,115,68,88,88,60,156,132
output_0000859.png,36,27,14,151,160,148,132,137,118,103,95,77,147,116,97,77,91,74,75,58,40,113,124,132,67,76,76
output_0000860.png,110,145,147,14,16,14,147,148,135,101,85,64,84,122,125,59,35,20,67,86,74,24,50,70,132,132,68
output_0000861.png,136,151,122,88,30,24,110,110,77,23,22,12,176,180,158,132,60,47,160,196,181,97,126,135,80,68,82
output_0000862.png,106,139,139,158,137,116,17,16,12,106,74,57,69,35,18,69,80,67,81,104,104,31,47,61,128,117,55
output_0000863.png,112,109,90,152,156,140,135,149,135,14,17,12,61,49,31,59,88,79,46,127,153,21,61,83,156,92,92
output_0000864.png,28,28,18,122,136,118,96,114,110,89,102,85,79,76,49,116,122,104,50,74,76,61,71,49,61,49,32
output_0000865.png,137,144,130,17,14,7,132,109,90,85,77,60,106,118,103,47,33,17,58,70,53,108,121,116,54,60,60
output_0000866.png,139,171,163,98,118,103,16,20,14,101,66,44,96,143,142,65,78,60,62,45,32,48,87,89,149,143,131
output_0000867.png,135,139,125,22,17,8,130,102,83,93,96,80,78,57,40,52,50,33,109,115,116,140,124,92,58,66,61
output_0000868.png,104,106,88,16,20,14,124,158,148,158,184,177,72,99,85,68,59,42,66,133,143,47,63,47,47,79,81
output_0000869.png,139,134,119,22,17,8,110,122,108,93,82,65,56,42,24,64,71,54,100,108,108,124,68,73,52,60,60
output_0000870.png,134,161,185,35,25,18,76,99,109,114,125,125,99,61,40,73,41,23,68,78,70,134,87,54,66,100,140
output_0000871.png,114,165,206,199,193,208,154,189,220,25,53,97,139,196,222,52,91,114,74,111,142,40,112,146,99,129,147
output_0000872.png,12,15,13,185,171,157,90,77,58,42,69,86,52,49,36,62,76,63,44,103,145,108,132,149,150,70,116
output_0000873.png,213,217,205,40,49,42,130,112,90,146,173,174,122,144,164,100,115,106,94,78,65,86,91,106,173,109,129
output_0000874.png,157,160,128,28,32,17,87,60,29,99,85,45,233,235,233,92,97,67,125,104,70,219,182,156,192,213,183
output_0000875.png,84,81,62,221,223,214,149,142,122,165,186,179,20,24,15,157,168,168,123,138,116,116,119,119,196,92,101
output_0000876.png,100,101,79,200,198,173,31,38,28,166,161,137,175,191,164,66,64,32,138,155,136,62,40,27,166,177,173
output_0000877.png,195,191,166,74,75,47,147,141,113,160,181,157,116,131,97,22,31,13,110,113,102,156,163,158,45,25,13
output_0000878.png,89,87,61,214,224,222,25,33,28,138,145,125,144,167,170,99,111,111,181,159,132,136,116,89,157,183,140
output_0000879.png,119,116,93,49,50,32,213,191,154,100,54,34,149,157,129,92,71,42,174,199,185,128,169,172,171,148,117
output_0000880.png,200,214,207,78,81,59,135,158,161,130,144,126,21,27,22,177,151,118,91,110,121,131,115,88,37,35,21
output_0000881.png,210,205,169,72,76,57,143,143,112,120,127,99,165,174,151,23,31,21,78,97,113,149,162,157,180,88,88
output_0000882.png,210,208,186,50,63,44,156,146,115,175,183,168,111,108,79,165,169,166,125,138,105,106,113,114,190,67,84
output_0000883.png,117,114,97,217,221,220,32,35,25,173,196,196,170,167,154,164,177,184,149,160,145,84,69,39,78,44,33
output_0000884.png,166,147,112,37,31,18,205,181,173,111,53,42,104,95,71,118,86,42,139,93,65,147,114,63,210,188,154
output_0000885.png,53,57,47,224,234,235,143,145,125,155,122,93,101,118,114,160,174,176,180,188,184,172,172,172,141,106,108
output_0000886.png,116,112,96,217,220,220,31,35,26,172,196,197,169,166,152,165,177,184,149,160,145,85,69,38,84,43,32
output_0000887.png,178,151,117,151,139,107,116,94,61,16,17,8,86,72,43,34,47,64,70,52,27,117,116,116,173,62,64
output_0000888.png,57,61,49,224,234,235,144,149,133,104,123,122,86,106,116,180,186,183,160,175,176,151,148,108,148,162,172
output_0000889.png,166,140,104,18,19,9,96,74,41,114,101,67,58,41,18,32,44,59,63,62,42,80,85,87,124,76,49
output_0000890.png,41,46,38,121,118,94,224,234,235,142,147,131,103,122,121,169,173,160,179,187,186,160,175,176,92,100,116
output_0000891.png,104,97,76,226,234,243,179,197,205,27,24,11,163,170,174,148,151,146,59,38,23,161,133,116,196,148,148
output_0000892.png,174,143,103,13,16,8,97,76,49,65,64,52,72,85,74,74,75,76,116,141,144,110,141,126,221,215,227
output_0000893.png,27,34,29,120,107,83,224,233,235,131,142,130,162,160,142,172,182,182,96,108,116,162,164,172,76,116,140
output_0000894.png,103,93,60,215,217,192,178,188,162,143,152,136,34,39,26,59,40,25,158,169,165,162,139,98,141,142,102
